ts,service,level,message
2026-03-14T00:00:08Z,checkout,INFO,payment intent 7856 created
2026-03-14T00:00:17Z,billing,INFO,credit note 84289 issued
2026-03-14T00:00:28Z,payments,INFO,refund 47550 completed
2026-03-14T00:00:34Z,postgres,INFO,"checkpoint complete, 4717 buffers written"
2026-03-14T00:00:37Z,auth,INFO,logout for session 10486
2026-03-14T00:00:47Z,payments,INFO,settlement batch 93336 queued
2026-03-14T00:00:48Z,billing,INFO,credit note 98072 issued
2026-03-14T00:00:48Z,search,INFO,query 70608 served in 67ms
2026-03-14T00:00:49Z,postgres,INFO,connection 35354 authorised
2026-03-14T00:00:50Z,billing,INFO,subscription 31999 renewed
2026-03-14T00:00:52Z,billing,INFO,credit note 68891 issued
2026-03-14T00:01:01Z,auth,INFO,logout for session 63458
2026-03-14T00:01:02Z,billing,INFO,dunning run 42194 complete
2026-03-14T00:01:08Z,search,INFO,"suggest cache warm, 14139 entries"
2026-03-14T00:01:21Z,auth,INFO,token issued for session 40550
2026-03-14T00:01:22Z,billing,INFO,invoice 37578 rendered in 240ms
2026-03-14T00:01:28Z,checkout,INFO,cart 3478 abandoned after 130ms
2026-03-14T00:01:33Z,orders,INFO,inventory check 9760 passed
2026-03-14T00:01:33Z,search,INFO,query 85846 served in 174ms
2026-03-14T00:01:45Z,postgres,INFO,connection 90481 authorised
2026-03-14T00:01:49Z,billing,INFO,dunning run 19799 complete
2026-03-14T00:01:52Z,payments,INFO,charge 98348 authorised in 20ms
2026-03-14T00:01:54Z,auth,INFO,login succeeded in 302ms
2026-03-14T00:02:07Z,orders,INFO,inventory check 1854 passed
2026-03-14T00:02:11Z,postgres,INFO,autovacuum finished on table 24902
2026-03-14T00:03:06Z,search,INFO,"suggest cache warm, 63282 entries"
2026-03-14T00:03:11Z,payments,INFO,webhook 24045 acknowledged
2026-03-14T00:03:15Z,deploy,INFO,artefact 45960 published
2026-03-14T00:03:15Z,orders,INFO,order 6709 invoiced
2026-03-14T00:03:19Z,orders,INFO,inventory check 87798 passed
2026-03-14T00:03:24Z,payments,INFO,charge 4735 authorised in 234ms
2026-03-14T00:03:26Z,deploy,INFO,canary 17592 healthy
2026-03-14T00:03:27Z,search,INFO,index segment 97946 merged
2026-03-14T00:03:29Z,auth,INFO,token issued for session 88042
2026-03-14T00:03:31Z,auth,INFO,session 67514 refreshed
2026-03-14T00:03:50Z,checkout,INFO,cart 69831 converted in 98ms
2026-03-14T00:03:50Z,postgres,INFO,"checkpoint complete, 84561 buffers written"
2026-03-14T00:03:54Z,auth,INFO,session 41382 refreshed
2026-03-14T00:03:54Z,search,INFO,"suggest cache warm, 75034 entries"
2026-03-14T00:03:56Z,checkout,INFO,cart 77777 converted in 194ms
2026-03-14T00:04:03Z,orders,INFO,order 90802 invoiced
2026-03-14T00:04:04Z,search,INFO,"suggest cache warm, 73050 entries"
2026-03-14T00:04:17Z,billing,INFO,invoice 23126 rendered in 299ms
2026-03-14T00:04:21Z,payments,INFO,settlement batch 62618 queued
2026-03-14T00:04:24Z,search,INFO,index segment 11221 merged
2026-03-14T00:04:28Z,checkout,INFO,cart 73252 abandoned after 70ms
2026-03-14T00:05:00Z,orders,INFO,order 85666 invoiced
2026-03-14T00:05:05Z,payments,INFO,settlement batch 3978 queued
2026-03-14T00:05:05Z,search,INFO,index segment 58462 merged
2026-03-14T00:05:09Z,auth,INFO,logout for session 83971
2026-03-14T00:05:11Z,billing,INFO,subscription 80232 renewed
2026-03-14T00:05:13Z,search,INFO,index segment 33937 merged
2026-03-14T00:05:14Z,checkout,INFO,session 72368 started
2026-03-14T00:05:14Z,payments,INFO,webhook 79334 acknowledged
2026-03-14T00:05:20Z,billing,INFO,invoice 10497 rendered in 33ms
2026-03-14T00:05:22Z,billing,INFO,subscription 54005 renewed
2026-03-14T00:05:33Z,payments,INFO,refund 62963 completed
2026-03-14T00:05:35Z,orders,INFO,order 27154 accepted
2026-03-14T00:05:37Z,billing,INFO,dunning run 19086 complete
2026-03-14T00:05:48Z,payments,INFO,settlement batch 93160 queued
2026-03-14T00:06:23Z,payments,INFO,charge 7521 authorised in 10ms
2026-03-14T00:06:28Z,auth,INFO,token issued for session 97310
2026-03-14T00:06:34Z,postgres,INFO,"checkpoint complete, 67945 buffers written"
2026-03-14T00:06:42Z,payments,INFO,settlement batch 53471 queued
2026-03-14T00:06:47Z,auth,INFO,login succeeded in 23ms
2026-03-14T00:07:08Z,postgres,INFO,autovacuum finished on table 14287
2026-03-14T00:07:10Z,auth,INFO,logout for session 86317
2026-03-14T00:07:15Z,billing,INFO,credit note 58384 issued
2026-03-14T00:07:15Z,search,INFO,index segment 59587 merged
2026-03-14T00:07:17Z,search,INFO,"suggest cache warm, 60407 entries"
2026-03-14T00:07:22Z,postgres,INFO,replication lag 212ms
2026-03-14T00:07:25Z,postgres,INFO,connection 33421 authorised
2026-03-14T00:07:35Z,checkout,INFO,cart 39104 converted in 25ms
2026-03-14T00:07:35Z,orders,INFO,order 98564 invoiced
2026-03-14T00:07:36Z,checkout,INFO,cart 96235 converted in 48ms
2026-03-14T00:07:40Z,checkout,INFO,cart 47895 converted in 20ms
2026-03-14T00:07:42Z,search,INFO,query 30611 served in 281ms
2026-03-14T00:07:50Z,orders,INFO,order 76471 invoiced
2026-03-14T00:08:03Z,billing,INFO,subscription 72326 renewed
2026-03-14T00:08:12Z,postgres,INFO,autovacuum finished on table 54903
2026-03-14T00:08:23Z,auth,INFO,token issued for session 38282
2026-03-14T00:08:33Z,search,INFO,index segment 67807 merged
2026-03-14T00:08:35Z,payments,INFO,refund 2838 completed
2026-03-14T00:08:37Z,postgres,INFO,connection 35150 authorised
2026-03-14T00:08:40Z,auth,INFO,login succeeded in 132ms
2026-03-14T00:08:47Z,search,INFO,query 26983 served in 275ms
2026-03-14T00:08:48Z,auth,INFO,session 39433 refreshed
2026-03-14T00:09:08Z,orders,INFO,order 17490 invoiced
2026-03-14T00:09:16Z,payments,INFO,settlement batch 88547 queued
2026-03-14T00:09:19Z,checkout,INFO,cart 88768 abandoned after 162ms
2026-03-14T00:09:40Z,auth,INFO,token issued for session 25267
2026-03-14T00:09:44Z,postgres,INFO,connection 4703 authorised
2026-03-14T00:09:58Z,auth,INFO,login succeeded in 54ms
2026-03-14T00:10:02Z,postgres,INFO,replication lag 96ms
2026-03-14T00:10:08Z,checkout,INFO,payment intent 7114 created
2026-03-14T00:10:12Z,postgres,INFO,autovacuum finished on table 34139
2026-03-14T00:10:28Z,search,INFO,"suggest cache warm, 38536 entries"
2026-03-14T00:10:31Z,billing,INFO,dunning run 36947 complete
2026-03-14T00:10:32Z,billing,INFO,invoice 11098 rendered in 112ms
2026-03-14T00:10:33Z,auth,INFO,login succeeded in 92ms
2026-03-14T00:10:37Z,postgres,INFO,replication lag 225ms
2026-03-14T00:10:44Z,search,INFO,"suggest cache warm, 73675 entries"
2026-03-14T00:10:56Z,auth,INFO,session 74965 refreshed
2026-03-14T00:10:59Z,payments,INFO,settlement batch 10543 queued
2026-03-14T00:11:01Z,checkout,INFO,payment intent 39323 created
2026-03-14T00:11:01Z,payments,INFO,webhook 41848 acknowledged
2026-03-14T00:11:20Z,search,INFO,"suggest cache warm, 31495 entries"
2026-03-14T00:11:25Z,billing,INFO,dunning run 60334 complete
2026-03-14T00:11:29Z,orders,INFO,order 65306 dispatched in 209ms
2026-03-14T00:11:34Z,search,INFO,query 8768 served in 162ms
2026-03-14T00:11:46Z,postgres,INFO,replication lag 137ms
2026-03-14T00:11:52Z,orders,INFO,order 27955 invoiced
2026-03-14T00:12:01Z,auth,INFO,login succeeded in 206ms
2026-03-14T00:12:03Z,postgres,INFO,"checkpoint complete, 82296 buffers written"
2026-03-14T00:12:09Z,postgres,INFO,autovacuum finished on table 84902
2026-03-14T00:12:20Z,search,INFO,index segment 28702 merged
2026-03-14T00:12:22Z,checkout,INFO,cart 18639 abandoned after 242ms
2026-03-14T00:12:26Z,checkout,INFO,cart 91552 abandoned after 168ms
2026-03-14T00:12:28Z,orders,INFO,order 44465 invoiced
2026-03-14T00:12:29Z,postgres,INFO,autovacuum finished on table 48993
2026-03-14T00:12:30Z,payments,INFO,refund 81535 completed
2026-03-14T00:12:40Z,payments,INFO,settlement batch 74255 queued
2026-03-14T00:12:41Z,orders,INFO,inventory check 9692 passed
2026-03-14T00:12:46Z,postgres,INFO,"checkpoint complete, 68076 buffers written"
2026-03-14T00:12:47Z,orders,INFO,order 89579 dispatched in 224ms
2026-03-14T00:12:52Z,payments,INFO,refund 84533 completed
2026-03-14T00:13:01Z,checkout,INFO,session 95920 started
2026-03-14T00:13:03Z,orders,INFO,inventory check 88070 passed
2026-03-14T00:13:11Z,payments,INFO,charge 16472 authorised in 215ms
2026-03-14T00:13:13Z,billing,INFO,credit note 36703 issued
2026-03-14T00:13:36Z,search,INFO,index segment 53992 merged
2026-03-14T00:13:46Z,payments,INFO,refund 6096 completed
2026-03-14T00:13:49Z,billing,INFO,dunning run 70004 complete
2026-03-14T00:13:53Z,billing,INFO,dunning run 18459 complete
2026-03-14T00:13:59Z,payments,INFO,charge 65701 authorised in 312ms
2026-03-14T00:14:13Z,postgres,INFO,"checkpoint complete, 38303 buffers written"
2026-03-14T00:14:16Z,search,INFO,"suggest cache warm, 81897 entries"
2026-03-14T00:14:18Z,checkout,INFO,cart 97856 converted in 24ms
2026-03-14T00:14:21Z,orders,INFO,order 97173 invoiced
2026-03-14T00:14:33Z,checkout,INFO,session 41995 started
2026-03-14T00:14:34Z,auth,INFO,login succeeded in 115ms
2026-03-14T00:14:37Z,orders,INFO,order 13286 invoiced
2026-03-14T00:14:41Z,search,INFO,index segment 70391 merged
2026-03-14T00:14:42Z,checkout,INFO,cart 22839 abandoned after 29ms
2026-03-14T00:14:49Z,billing,INFO,subscription 55442 renewed
2026-03-14T00:14:51Z,auth,INFO,session 44160 refreshed
2026-03-14T00:14:51Z,payments,INFO,refund 47572 completed
2026-03-14T00:15:00Z,checkout,ERROR,healthz timeout after 2000ms
2026-03-14T00:15:03Z,orders,INFO,order 65966 accepted
2026-03-14T00:15:06Z,checkout,ERROR,healthz timeout after 2000ms
2026-03-14T00:15:12Z,checkout,ERROR,healthz timeout after 2000ms
2026-03-14T00:15:13Z,checkout,INFO,session 23649 started
2026-03-14T00:15:13Z,search,INFO,index segment 29571 merged
2026-03-14T00:15:18Z,checkout,ERROR,healthz timeout after 2000ms
2026-03-14T00:15:23Z,orders,INFO,inventory check 72073 passed
2026-03-14T00:15:24Z,checkout,ERROR,healthz timeout after 2000ms
2026-03-14T00:15:29Z,billing,INFO,invoice 89189 rendered in 136ms
2026-03-14T00:15:29Z,postgres,INFO,"checkpoint complete, 31250 buffers written"
2026-03-14T00:15:30Z,billing,INFO,credit note 24790 issued
2026-03-14T00:15:30Z,checkout,ERROR,healthz timeout after 2000ms
2026-03-14T00:15:32Z,search,INFO,index segment 85506 merged
2026-03-14T00:15:36Z,billing,INFO,invoice 86226 rendered in 34ms
2026-03-14T00:15:36Z,checkout,ERROR,healthz timeout after 2000ms
2026-03-14T00:15:42Z,checkout,ERROR,healthz timeout after 2000ms
2026-03-14T00:15:43Z,billing,INFO,dunning run 19350 complete
2026-03-14T00:15:46Z,payments,INFO,charge 38063 authorised in 7ms
2026-03-14T00:15:48Z,billing,INFO,credit note 15233 issued
2026-03-14T00:15:48Z,checkout,ERROR,healthz timeout after 2000ms
2026-03-14T00:15:54Z,checkout,ERROR,healthz timeout after 2000ms
2026-03-14T00:16:00Z,checkout,ERROR,healthz timeout after 2000ms
2026-03-14T00:16:01Z,search,INFO,query 57238 served in 41ms
2026-03-14T00:16:04Z,payments,INFO,webhook 95203 acknowledged
2026-03-14T00:16:06Z,checkout,ERROR,healthz timeout after 2000ms
2026-03-14T00:16:07Z,billing,INFO,dunning run 84111 complete
2026-03-14T00:16:07Z,orders,INFO,order 95971 dispatched in 195ms
2026-03-14T00:16:12Z,checkout,ERROR,healthz timeout after 2000ms
2026-03-14T00:16:14Z,postgres,INFO,replication lag 37ms
2026-03-14T00:16:18Z,checkout,ERROR,healthz timeout after 2000ms
2026-03-14T00:16:19Z,billing,INFO,invoice 50819 rendered in 247ms
2026-03-14T00:16:24Z,checkout,ERROR,healthz timeout after 2000ms
2026-03-14T00:16:28Z,checkout,INFO,cart 4277 converted in 258ms
2026-03-14T00:16:29Z,orders,INFO,order 56144 invoiced
2026-03-14T00:16:30Z,checkout,ERROR,healthz timeout after 2000ms
2026-03-14T00:16:31Z,billing,INFO,invoice 78721 rendered in 205ms
2026-03-14T00:16:35Z,payments,INFO,charge 99835 authorised in 125ms
2026-03-14T00:16:36Z,checkout,ERROR,healthz timeout after 2000ms
2026-03-14T00:16:38Z,auth,INFO,login succeeded in 66ms
2026-03-14T00:16:39Z,auth,INFO,token issued for session 12833
2026-03-14T00:16:40Z,deploy,INFO,canary 12517 healthy
2026-03-14T00:16:42Z,checkout,ERROR,healthz timeout after 2000ms
2026-03-14T00:16:48Z,auth,INFO,token issued for session 71801
2026-03-14T00:16:48Z,checkout,ERROR,healthz timeout after 2000ms
2026-03-14T00:16:54Z,checkout,ERROR,healthz timeout after 2000ms
2026-03-14T00:16:59Z,postgres,INFO,replication lag 140ms
2026-03-14T00:17:00Z,checkout,ERROR,healthz timeout after 2000ms
2026-03-14T00:17:03Z,search,INFO,"suggest cache warm, 81067 entries"
2026-03-14T00:17:06Z,checkout,ERROR,healthz timeout after 2000ms
2026-03-14T00:17:12Z,checkout,ERROR,healthz timeout after 2000ms
2026-03-14T00:17:17Z,search,INFO,query 39596 served in 253ms
2026-03-14T00:17:18Z,checkout,ERROR,healthz timeout after 2000ms
2026-03-14T00:17:24Z,checkout,ERROR,healthz timeout after 2000ms
2026-03-14T00:17:25Z,postgres,INFO,"checkpoint complete, 8762 buffers written"
2026-03-14T00:17:30Z,checkout,ERROR,healthz timeout after 2000ms
2026-03-14T00:17:31Z,auth,INFO,session 49722 refreshed
2026-03-14T00:17:31Z,postgres,INFO,connection 60293 authorised
2026-03-14T00:17:36Z,checkout,ERROR,healthz timeout after 2000ms
2026-03-14T00:17:42Z,checkout,ERROR,healthz timeout after 2000ms
2026-03-14T00:17:48Z,billing,INFO,dunning run 42409 complete
2026-03-14T00:17:48Z,checkout,ERROR,healthz timeout after 2000ms
2026-03-14T00:17:54Z,checkout,ERROR,healthz timeout after 2000ms
2026-03-14T00:17:57Z,orders,INFO,order 67827 dispatched in 36ms
2026-03-14T00:17:59Z,checkout,INFO,session 31542 started
2026-03-14T00:18:00Z,checkout,ERROR,healthz timeout after 2000ms
2026-03-14T00:18:06Z,checkout,ERROR,healthz timeout after 2000ms
2026-03-14T00:18:11Z,orders,INFO,order 53775 accepted
2026-03-14T00:18:12Z,checkout,ERROR,healthz timeout after 2000ms
2026-03-14T00:18:12Z,postgres,INFO,"checkpoint complete, 49419 buffers written"
2026-03-14T00:18:14Z,checkout,INFO,cart 91252 converted in 258ms
2026-03-14T00:18:18Z,checkout,ERROR,healthz timeout after 2000ms
2026-03-14T00:18:20Z,auth,INFO,session 29029 refreshed
2026-03-14T00:18:21Z,checkout,INFO,session 23968 started
2026-03-14T00:18:22Z,checkout,INFO,cart 3307 converted in 217ms
2026-03-14T00:18:24Z,checkout,ERROR,healthz timeout after 2000ms
2026-03-14T00:18:30Z,checkout,ERROR,healthz timeout after 2000ms
2026-03-14T00:18:33Z,auth,INFO,session 79923 refreshed
2026-03-14T00:18:33Z,checkout,INFO,session 21930 started
2026-03-14T00:18:33Z,payments,INFO,refund 86298 completed
2026-03-14T00:18:35Z,payments,INFO,settlement batch 65213 queued
2026-03-14T00:18:36Z,checkout,ERROR,healthz timeout after 2000ms
2026-03-14T00:18:36Z,payments,INFO,settlement batch 60551 queued
2026-03-14T00:18:37Z,deploy,INFO,artefact 82307 published
2026-03-14T00:18:42Z,checkout,ERROR,healthz timeout after 2000ms
2026-03-14T00:18:48Z,checkout,ERROR,healthz timeout after 2000ms
2026-03-14T00:18:54Z,checkout,ERROR,healthz timeout after 2000ms
2026-03-14T00:18:58Z,postgres,INFO,"checkpoint complete, 44236 buffers written"
2026-03-14T00:19:00Z,checkout,ERROR,healthz timeout after 2000ms
2026-03-14T00:19:02Z,orders,INFO,order 37832 accepted
2026-03-14T00:19:06Z,auth,INFO,logout for session 52934
2026-03-14T00:19:06Z,checkout,ERROR,healthz timeout after 2000ms
2026-03-14T00:19:08Z,postgres,INFO,"checkpoint complete, 33953 buffers written"
2026-03-14T00:19:09Z,orders,INFO,inventory check 55914 passed
2026-03-14T00:19:12Z,checkout,ERROR,healthz timeout after 2000ms
2026-03-14T00:19:13Z,checkout,INFO,cart 81269 converted in 29ms
2026-03-14T00:19:18Z,checkout,ERROR,healthz timeout after 2000ms
2026-03-14T00:19:23Z,payments,INFO,charge 54842 authorised in 256ms
2026-03-14T00:19:23Z,postgres,INFO,"checkpoint complete, 91317 buffers written"
2026-03-14T00:19:24Z,checkout,ERROR,healthz timeout after 2000ms
2026-03-14T00:19:30Z,checkout,ERROR,healthz timeout after 2000ms
2026-03-14T00:19:36Z,checkout,ERROR,healthz timeout after 2000ms
2026-03-14T00:19:38Z,payments,INFO,refund 35572 completed
2026-03-14T00:19:45Z,checkout,INFO,payment intent 10553 created
2026-03-14T00:20:01Z,billing,INFO,subscription 17945 renewed
2026-03-14T00:20:05Z,postgres,INFO,autovacuum finished on table 51711
2026-03-14T00:20:07Z,checkout,INFO,cart 34359 abandoned after 38ms
2026-03-14T00:20:12Z,search,INFO,query 67025 served in 36ms
2026-03-14T00:20:17Z,checkout,INFO,cart 75120 converted in 181ms
2026-03-14T00:20:23Z,orders,INFO,order 76500 accepted
2026-03-14T00:20:34Z,orders,INFO,order 62683 invoiced
2026-03-14T00:20:42Z,search,INFO,query 24088 served in 5ms
2026-03-14T00:20:45Z,auth,INFO,token issued for session 7153
2026-03-14T00:20:48Z,payments,INFO,webhook 40515 acknowledged
2026-03-14T00:20:48Z,search,INFO,query 68635 served in 62ms
2026-03-14T00:20:56Z,postgres,INFO,connection 74863 authorised
2026-03-14T00:21:00Z,billing,INFO,credit note 64900 issued
2026-03-14T00:21:06Z,payments,INFO,charge 76881 authorised in 218ms
2026-03-14T00:21:11Z,orders,INFO,order 31651 invoiced
2026-03-14T00:21:16Z,auth,INFO,login succeeded in 227ms
2026-03-14T00:21:16Z,auth,INFO,session 42653 refreshed
2026-03-14T00:21:18Z,auth,INFO,logout for session 48249
2026-03-14T00:21:28Z,orders,INFO,inventory check 82644 passed
2026-03-14T00:21:30Z,postgres,INFO,replication lag 95ms
2026-03-14T00:21:40Z,payments,INFO,refund 8887 completed
2026-03-14T00:21:44Z,postgres,INFO,connection 88382 authorised
2026-03-14T00:21:46Z,search,INFO,index segment 75049 merged
2026-03-14T00:21:50Z,billing,INFO,dunning run 97386 complete
2026-03-14T00:21:50Z,postgres,INFO,autovacuum finished on table 39876
2026-03-14T00:21:53Z,search,INFO,query 66348 served in 171ms
2026-03-14T00:21:59Z,payments,INFO,settlement batch 46031 queued
2026-03-14T00:22:23Z,checkout,INFO,session 57017 started
2026-03-14T00:22:28Z,checkout,INFO,session 86223 started
2026-03-14T00:22:36Z,orders,INFO,order 60521 accepted
2026-03-14T00:22:48Z,auth,INFO,session 66282 refreshed
2026-03-14T00:22:51Z,payments,INFO,settlement batch 49396 queued
2026-03-14T00:22:51Z,search,INFO,"suggest cache warm, 60288 entries"
2026-03-14T00:22:54Z,payments,INFO,webhook 33607 acknowledged
2026-03-14T00:23:05Z,orders,INFO,inventory check 91059 passed
2026-03-14T00:23:18Z,orders,INFO,order 99860 invoiced
2026-03-14T00:23:27Z,checkout,INFO,cart 56070 converted in 163ms
2026-03-14T00:23:37Z,payments,INFO,refund 9914 completed
2026-03-14T00:23:45Z,auth,INFO,token issued for session 33943
2026-03-14T00:23:48Z,postgres,INFO,"checkpoint complete, 41293 buffers written"
2026-03-14T00:23:51Z,postgres,INFO,replication lag 175ms
2026-03-14T00:24:07Z,payments,INFO,charge 18325 authorised in 122ms
2026-03-14T00:24:09Z,billing,INFO,credit note 4782 issued
2026-03-14T00:24:19Z,billing,INFO,dunning run 79966 complete
2026-03-14T00:24:22Z,search,INFO,query 98888 served in 273ms
2026-03-14T00:24:43Z,checkout,INFO,payment intent 78398 created
2026-03-14T00:24:47Z,auth,INFO,token issued for session 19447
2026-03-14T00:24:50Z,payments,INFO,charge 22481 authorised in 290ms
2026-03-14T00:25:00Z,checkout,ERROR,healthz timeout after 2000ms
2026-03-14T00:25:01Z,postgres,INFO,replication lag 274ms
2026-03-14T00:25:06Z,checkout,ERROR,healthz timeout after 2000ms
2026-03-14T00:25:09Z,payments,INFO,webhook 84708 acknowledged
2026-03-14T00:25:12Z,checkout,INFO,cart 33276 converted in 149ms
2026-03-14T00:25:12Z,checkout,ERROR,healthz timeout after 2000ms
2026-03-14T00:25:12Z,postgres,INFO,"checkpoint complete, 70286 buffers written"
2026-03-14T00:25:15Z,orders,INFO,order 56261 accepted
2026-03-14T00:25:18Z,billing,INFO,subscription 28255 renewed
2026-03-14T00:25:18Z,checkout,ERROR,healthz timeout after 2000ms
2026-03-14T00:25:22Z,search,INFO,"suggest cache warm, 37284 entries"
2026-03-14T00:25:24Z,checkout,ERROR,healthz timeout after 2000ms
2026-03-14T00:25:27Z,search,INFO,"suggest cache warm, 85515 entries"
2026-03-14T00:25:30Z,checkout,ERROR,healthz timeout after 2000ms
2026-03-14T00:25:33Z,checkout,INFO,session 10644 started
2026-03-14T00:25:36Z,checkout,ERROR,healthz timeout after 2000ms
2026-03-14T00:25:36Z,payments,INFO,refund 18099 completed
2026-03-14T00:25:37Z,payments,INFO,refund 68723 completed
2026-03-14T00:25:42Z,checkout,ERROR,healthz timeout after 2000ms
2026-03-14T00:25:47Z,search,INFO,index segment 12834 merged
2026-03-14T00:25:48Z,checkout,ERROR,healthz timeout after 2000ms
2026-03-14T00:25:50Z,billing,INFO,invoice 92375 rendered in 152ms
2026-03-14T00:25:54Z,checkout,ERROR,healthz timeout after 2000ms
2026-03-14T00:26:00Z,checkout,ERROR,healthz timeout after 2000ms
2026-03-14T00:26:06Z,checkout,ERROR,healthz timeout after 2000ms
2026-03-14T00:26:06Z,search,INFO,query 75336 served in 96ms
2026-03-14T00:26:11Z,billing,INFO,dunning run 45168 complete
2026-03-14T00:26:12Z,checkout,ERROR,healthz timeout after 2000ms
2026-03-14T00:26:18Z,checkout,ERROR,healthz timeout after 2000ms
2026-03-14T00:26:24Z,checkout,ERROR,healthz timeout after 2000ms
2026-03-14T00:26:26Z,payments,INFO,charge 1726 authorised in 290ms
2026-03-14T00:26:29Z,orders,INFO,order 68678 invoiced
2026-03-14T00:26:30Z,checkout,ERROR,healthz timeout after 2000ms
2026-03-14T00:26:35Z,payments,INFO,webhook 30934 acknowledged
2026-03-14T00:26:36Z,checkout,ERROR,healthz timeout after 2000ms
2026-03-14T00:26:36Z,search,INFO,query 6447 served in 158ms
2026-03-14T00:26:40Z,search,INFO,query 80768 served in 292ms
2026-03-14T00:26:41Z,orders,INFO,order 16146 accepted
2026-03-14T00:26:42Z,checkout,ERROR,healthz timeout after 2000ms
2026-03-14T00:26:48Z,auth,INFO,login succeeded in 26ms
2026-03-14T00:26:48Z,checkout,ERROR,healthz timeout after 2000ms
2026-03-14T00:26:51Z,orders,INFO,order 6779 dispatched in 5ms
2026-03-14T00:26:51Z,orders,INFO,order 94385 dispatched in 46ms
2026-03-14T00:26:54Z,checkout,ERROR,healthz timeout after 2000ms
2026-03-14T00:26:55Z,billing,INFO,credit note 74654 issued
2026-03-14T00:27:00Z,checkout,ERROR,healthz timeout after 2000ms
2026-03-14T00:27:04Z,auth,INFO,token issued for session 14352
2026-03-14T00:27:05Z,checkout,INFO,cart 43600 converted in 64ms
2026-03-14T00:27:06Z,checkout,ERROR,healthz timeout after 2000ms
2026-03-14T00:27:10Z,checkout,INFO,payment intent 63295 created
2026-03-14T00:27:12Z,checkout,ERROR,healthz timeout after 2000ms
2026-03-14T00:27:18Z,billing,INFO,credit note 88291 issued
2026-03-14T00:27:18Z,checkout,ERROR,healthz timeout after 2000ms
2026-03-14T00:27:18Z,payments,INFO,charge 17923 authorised in 128ms
2026-03-14T00:27:24Z,checkout,ERROR,healthz timeout after 2000ms
2026-03-14T00:27:30Z,checkout,ERROR,healthz timeout after 2000ms
2026-03-14T00:27:30Z,orders,INFO,order 98348 dispatched in 90ms
2026-03-14T00:27:30Z,search,INFO,"suggest cache warm, 14256 entries"
2026-03-14T00:27:36Z,checkout,ERROR,healthz timeout after 2000ms
2026-03-14T00:27:38Z,auth,INFO,login succeeded in 41ms
2026-03-14T00:27:38Z,search,INFO,index segment 76337 merged
2026-03-14T00:27:42Z,checkout,ERROR,healthz timeout after 2000ms
2026-03-14T00:27:48Z,checkout,ERROR,healthz timeout after 2000ms
2026-03-14T00:27:54Z,checkout,ERROR,healthz timeout after 2000ms
2026-03-14T00:27:55Z,billing,INFO,credit note 69162 issued
2026-03-14T00:27:55Z,payments,INFO,settlement batch 36781 queued
2026-03-14T00:28:00Z,checkout,ERROR,healthz timeout after 2000ms
2026-03-14T00:28:06Z,checkout,ERROR,healthz timeout after 2000ms
2026-03-14T00:28:07Z,postgres,INFO,"checkpoint complete, 79879 buffers written"
2026-03-14T00:28:09Z,billing,INFO,dunning run 54921 complete
2026-03-14T00:28:12Z,checkout,ERROR,healthz timeout after 2000ms
2026-03-14T00:28:18Z,checkout,ERROR,healthz timeout after 2000ms
2026-03-14T00:28:22Z,auth,INFO,logout for session 98225
2026-03-14T00:28:22Z,postgres,INFO,connection 80184 authorised
2026-03-14T00:28:24Z,checkout,ERROR,healthz timeout after 2000ms
2026-03-14T00:28:26Z,billing,INFO,dunning run 54438 complete
2026-03-14T00:28:30Z,checkout,ERROR,healthz timeout after 2000ms
2026-03-14T00:28:36Z,checkout,ERROR,healthz timeout after 2000ms
2026-03-14T00:28:38Z,auth,INFO,login succeeded in 17ms
2026-03-14T00:28:42Z,checkout,ERROR,healthz timeout after 2000ms
2026-03-14T00:28:46Z,search,INFO,query 49345 served in 201ms
2026-03-14T00:28:47Z,orders,INFO,inventory check 84801 passed
2026-03-14T00:28:48Z,checkout,ERROR,healthz timeout after 2000ms
2026-03-14T00:28:49Z,orders,INFO,order 1143 dispatched in 233ms
2026-03-14T00:28:54Z,checkout,ERROR,healthz timeout after 2000ms
2026-03-14T00:28:56Z,checkout,INFO,payment intent 29516 created
2026-03-14T00:29:00Z,checkout,ERROR,healthz timeout after 2000ms
2026-03-14T00:29:06Z,checkout,ERROR,healthz timeout after 2000ms
2026-03-14T00:29:10Z,payments,INFO,refund 62958 completed
2026-03-14T00:29:12Z,checkout,ERROR,healthz timeout after 2000ms
2026-03-14T00:29:16Z,payments,INFO,settlement batch 26043 queued
2026-03-14T00:29:18Z,checkout,ERROR,healthz timeout after 2000ms
2026-03-14T00:29:21Z,billing,INFO,invoice 77405 rendered in 205ms
2026-03-14T00:29:21Z,postgres,INFO,connection 10919 authorised
2026-03-14T00:29:24Z,checkout,ERROR,healthz timeout after 2000ms
2026-03-14T00:29:30Z,checkout,ERROR,healthz timeout after 2000ms
2026-03-14T00:29:36Z,checkout,ERROR,healthz timeout after 2000ms
2026-03-14T00:29:48Z,orders,INFO,order 57336 invoiced
2026-03-14T00:29:50Z,checkout,INFO,session 52512 started
2026-03-14T00:30:00Z,checkout,INFO,payment intent 38013 created
2026-03-14T00:30:11Z,auth,INFO,session 25227 refreshed
2026-03-14T00:30:22Z,orders,INFO,order 91013 dispatched in 94ms
2026-03-14T00:30:29Z,deploy,INFO,artefact 72140 published
2026-03-14T00:30:35Z,payments,INFO,refund 11100 completed
2026-03-14T00:30:37Z,auth,INFO,token issued for session 29837
2026-03-14T00:30:43Z,postgres,INFO,replication lag 45ms
2026-03-14T00:30:47Z,search,INFO,query 87113 served in 91ms
2026-03-14T00:30:57Z,auth,INFO,logout for session 57893
2026-03-14T00:30:58Z,search,INFO,"suggest cache warm, 8931 entries"
2026-03-14T00:31:00Z,postgres,INFO,autovacuum finished on table 18848
2026-03-14T00:31:04Z,payments,INFO,settlement batch 80197 queued
2026-03-14T00:31:07Z,postgres,INFO,autovacuum finished on table 16228
2026-03-14T00:31:15Z,payments,INFO,charge 25572 authorised in 96ms
2026-03-14T00:31:23Z,checkout,INFO,session 5690 started
2026-03-14T00:31:23Z,payments,INFO,refund 61779 completed
2026-03-14T00:31:43Z,checkout,INFO,cart 85308 converted in 313ms
2026-03-14T00:31:58Z,billing,INFO,dunning run 56604 complete
2026-03-14T00:31:59Z,postgres,INFO,"checkpoint complete, 54586 buffers written"
2026-03-14T00:32:05Z,orders,INFO,order 12514 accepted
2026-03-14T00:32:13Z,search,INFO,index segment 19939 merged
2026-03-14T00:32:20Z,billing,INFO,invoice 14404 rendered in 77ms
2026-03-14T00:32:22Z,checkout,INFO,payment intent 4948 created
2026-03-14T00:32:29Z,checkout,INFO,payment intent 48480 created
2026-03-14T00:32:31Z,checkout,INFO,session 98300 started
2026-03-14T00:32:36Z,postgres,INFO,connection 13293 authorised
2026-03-14T00:33:00Z,auth,INFO,session 75786 refreshed
2026-03-14T00:33:09Z,auth,INFO,token issued for session 69350
2026-03-14T00:33:21Z,billing,INFO,credit note 76689 issued
2026-03-14T00:33:29Z,postgres,INFO,connection 62124 authorised
2026-03-14T00:33:34Z,orders,INFO,order 12442 accepted
2026-03-14T00:33:50Z,postgres,INFO,connection 47413 authorised
2026-03-14T00:33:51Z,billing,INFO,subscription 57240 renewed
2026-03-14T00:33:58Z,search,INFO,"suggest cache warm, 52493 entries"
2026-03-14T00:34:06Z,auth,INFO,logout for session 20157
2026-03-14T00:34:17Z,postgres,INFO,"checkpoint complete, 56425 buffers written"
2026-03-14T00:34:19Z,orders,INFO,order 80800 invoiced
2026-03-14T00:34:19Z,payments,INFO,refund 74835 completed
2026-03-14T00:34:19Z,postgres,INFO,replication lag 244ms
2026-03-14T00:34:24Z,orders,INFO,order 6249 invoiced
2026-03-14T00:34:31Z,orders,INFO,order 90209 dispatched in 66ms
2026-03-14T00:34:39Z,billing,INFO,dunning run 29476 complete
2026-03-14T00:34:44Z,checkout,INFO,cart 39334 converted in 58ms
2026-03-14T00:34:48Z,auth,INFO,logout for session 65733
2026-03-14T00:34:53Z,search,INFO,query 29636 served in 138ms
2026-03-14T00:34:54Z,deploy,INFO,pipeline 61433 green
2026-03-14T00:34:55Z,billing,INFO,subscription 43371 renewed
2026-03-14T00:34:57Z,billing,INFO,credit note 47158 issued
2026-03-14T00:35:05Z,payments,INFO,refund 98294 completed
2026-03-14T00:35:06Z,auth,INFO,logout for session 92015
2026-03-14T00:35:09Z,payments,INFO,charge 49054 authorised in 146ms
2026-03-14T00:35:10Z,orders,INFO,order 50680 accepted
2026-03-14T00:35:11Z,payments,INFO,charge 5587 authorised in 54ms
2026-03-14T00:35:12Z,orders,INFO,order 39346 accepted
2026-03-14T00:35:37Z,billing,INFO,subscription 19073 renewed
2026-03-14T00:35:44Z,payments,INFO,charge 83087 authorised in 314ms
2026-03-14T00:35:49Z,orders,INFO,order 85491 dispatched in 280ms
2026-03-14T00:35:54Z,checkout,INFO,cart 23014 abandoned after 16ms
2026-03-14T00:35:56Z,auth,INFO,logout for session 90882
2026-03-14T00:36:00Z,billing,INFO,credit note 15547 issued
2026-03-14T00:36:03Z,search,INFO,query 28640 served in 58ms
2026-03-14T00:36:08Z,search,INFO,query 91687 served in 319ms
2026-03-14T00:36:19Z,postgres,INFO,autovacuum finished on table 83684
2026-03-14T00:36:20Z,search,INFO,index segment 28415 merged
2026-03-14T00:36:21Z,deploy,INFO,artefact 81235 published
2026-03-14T00:36:26Z,orders,INFO,order 84604 dispatched in 289ms
2026-03-14T00:36:39Z,checkout,INFO,payment intent 17569 created
2026-03-14T00:36:40Z,search,INFO,"suggest cache warm, 34106 entries"
2026-03-14T00:36:50Z,deploy,INFO,pipeline 75802 green
2026-03-14T00:36:55Z,postgres,INFO,autovacuum finished on table 58893
2026-03-14T00:37:00Z,postgres,INFO,"checkpoint complete, 63444 buffers written"
2026-03-14T00:37:13Z,checkout,INFO,session 29829 started
2026-03-14T00:37:21Z,billing,INFO,credit note 90301 issued
2026-03-14T00:37:24Z,auth,INFO,login succeeded in 128ms
2026-03-14T00:37:27Z,orders,INFO,order 97726 accepted
2026-03-14T00:37:33Z,postgres,INFO,autovacuum finished on table 80829
2026-03-14T00:37:37Z,auth,INFO,token issued for session 89032
2026-03-14T00:37:40Z,payments,INFO,settlement batch 25668 queued
2026-03-14T00:37:44Z,billing,INFO,dunning run 34560 complete
2026-03-14T00:37:48Z,orders,INFO,order 56653 invoiced
2026-03-14T00:38:00Z,postgres,INFO,"checkpoint complete, 72881 buffers written"
2026-03-14T00:38:10Z,postgres,INFO,replication lag 51ms
2026-03-14T00:38:11Z,postgres,INFO,autovacuum finished on table 69189
2026-03-14T00:38:19Z,billing,INFO,invoice 73225 rendered in 192ms
2026-03-14T00:38:23Z,checkout,INFO,cart 94324 abandoned after 138ms
2026-03-14T00:38:35Z,checkout,INFO,session 53272 started
2026-03-14T00:38:37Z,search,INFO,query 85596 served in 135ms
2026-03-14T00:38:50Z,payments,INFO,webhook 40295 acknowledged
2026-03-14T00:38:56Z,payments,INFO,refund 46929 completed
2026-03-14T00:39:12Z,orders,INFO,inventory check 20705 passed
2026-03-14T00:39:18Z,auth,INFO,logout for session 85925
2026-03-14T00:39:22Z,checkout,INFO,cart 12970 converted in 295ms
2026-03-14T00:39:26Z,search,INFO,query 98843 served in 15ms
2026-03-14T00:39:27Z,orders,INFO,order 55406 invoiced
2026-03-14T00:39:31Z,payments,INFO,settlement batch 5601 queued
2026-03-14T00:39:33Z,payments,INFO,charge 59821 authorised in 317ms
2026-03-14T00:39:33Z,search,INFO,"suggest cache warm, 89162 entries"
2026-03-14T00:39:35Z,search,INFO,"suggest cache warm, 16577 entries"
2026-03-14T00:39:43Z,search,INFO,"suggest cache warm, 95059 entries"
2026-03-14T00:39:52Z,postgres,INFO,autovacuum finished on table 58787
2026-03-14T00:39:58Z,orders,INFO,order 26571 accepted
2026-03-14T00:40:00Z,checkout,ERROR,healthz timeout after 2000ms
2026-03-14T00:40:01Z,checkout,INFO,cart 93857 converted in 141ms
2026-03-14T00:40:06Z,checkout,ERROR,healthz timeout after 2000ms
2026-03-14T00:40:12Z,checkout,ERROR,healthz timeout after 2000ms
2026-03-14T00:40:17Z,orders,INFO,order 94852 accepted
2026-03-14T00:40:18Z,checkout,ERROR,healthz timeout after 2000ms
2026-03-14T00:40:24Z,checkout,INFO,cart 49985 abandoned after 179ms
2026-03-14T00:40:24Z,checkout,ERROR,healthz timeout after 2000ms
2026-03-14T00:40:25Z,auth,INFO,login succeeded in 281ms
2026-03-14T00:40:28Z,postgres,INFO,autovacuum finished on table 24665
2026-03-14T00:40:30Z,checkout,ERROR,healthz timeout after 2000ms
2026-03-14T00:40:30Z,payments,INFO,charge 43216 authorised in 72ms
2026-03-14T00:40:30Z,search,INFO,query 25073 served in 274ms
2026-03-14T00:40:31Z,orders,INFO,inventory check 75467 passed
2026-03-14T00:40:32Z,orders,INFO,order 65342 invoiced
2026-03-14T00:40:33Z,billing,INFO,dunning run 3903 complete
2026-03-14T00:40:34Z,billing,INFO,credit note 70220 issued
2026-03-14T00:40:35Z,auth,INFO,session 15641 refreshed
2026-03-14T00:40:36Z,checkout,ERROR,healthz timeout after 2000ms
2026-03-14T00:40:37Z,payments,INFO,refund 17904 completed
2026-03-14T00:40:42Z,checkout,ERROR,healthz timeout after 2000ms
2026-03-14T00:40:42Z,orders,INFO,order 30288 accepted
2026-03-14T00:40:44Z,search,INFO,index segment 76736 merged
2026-03-14T00:40:45Z,auth,INFO,session 47269 refreshed
2026-03-14T00:40:48Z,checkout,ERROR,healthz timeout after 2000ms
2026-03-14T00:40:49Z,auth,INFO,token issued for session 6981
2026-03-14T00:40:51Z,postgres,INFO,connection 27676 authorised
2026-03-14T00:40:54Z,checkout,ERROR,healthz timeout after 2000ms
2026-03-14T00:41:00Z,checkout,ERROR,healthz timeout after 2000ms
2026-03-14T00:41:02Z,deploy,INFO,pipeline 77067 green
2026-03-14T00:41:06Z,checkout,ERROR,healthz timeout after 2000ms
2026-03-14T00:41:12Z,checkout,ERROR,healthz timeout after 2000ms
2026-03-14T00:41:18Z,checkout,ERROR,healthz timeout after 2000ms
2026-03-14T00:41:19Z,orders,INFO,order 83191 accepted
2026-03-14T00:41:19Z,payments,INFO,webhook 24577 acknowledged
2026-03-14T00:41:24Z,checkout,ERROR,healthz timeout after 2000ms
2026-03-14T00:41:30Z,checkout,ERROR,healthz timeout after 2000ms
2026-03-14T00:41:36Z,checkout,ERROR,healthz timeout after 2000ms
2026-03-14T00:41:38Z,checkout,INFO,cart 88371 abandoned after 31ms
2026-03-14T00:41:40Z,auth,INFO,session 3594 refreshed
2026-03-14T00:41:42Z,checkout,ERROR,healthz timeout after 2000ms
2026-03-14T00:41:44Z,checkout,INFO,session 53621 started
2026-03-14T00:41:48Z,checkout,ERROR,healthz timeout after 2000ms
2026-03-14T00:41:50Z,billing,INFO,subscription 97462 renewed
2026-03-14T00:41:54Z,checkout,ERROR,healthz timeout after 2000ms
2026-03-14T00:41:54Z,search,INFO,index segment 96316 merged
2026-03-14T00:42:00Z,auth,INFO,logout for session 31326
2026-03-14T00:42:00Z,checkout,ERROR,healthz timeout after 2000ms
2026-03-14T00:42:06Z,checkout,ERROR,healthz timeout after 2000ms
2026-03-14T00:42:12Z,checkout,ERROR,healthz timeout after 2000ms
2026-03-14T00:42:18Z,checkout,ERROR,healthz timeout after 2000ms
2026-03-14T00:42:20Z,checkout,INFO,payment intent 90110 created
2026-03-14T00:42:23Z,billing,INFO,subscription 72056 renewed
2026-03-14T00:42:24Z,checkout,ERROR,healthz timeout after 2000ms
2026-03-14T00:42:30Z,checkout,ERROR,healthz timeout after 2000ms
2026-03-14T00:42:31Z,deploy,INFO,pipeline 41577 green
2026-03-14T00:42:36Z,checkout,ERROR,healthz timeout after 2000ms
2026-03-14T00:42:42Z,checkout,ERROR,healthz timeout after 2000ms
2026-03-14T00:42:48Z,checkout,ERROR,healthz timeout after 2000ms
2026-03-14T00:42:54Z,checkout,ERROR,healthz timeout after 2000ms
2026-03-14T00:42:58Z,billing,INFO,dunning run 31264 complete
2026-03-14T00:43:00Z,checkout,ERROR,healthz timeout after 2000ms
2026-03-14T00:43:02Z,postgres,INFO,autovacuum finished on table 45913
2026-03-14T00:43:03Z,auth,INFO,token issued for session 52053
2026-03-14T00:43:04Z,postgres,INFO,connection 2504 authorised
2026-03-14T00:43:05Z,postgres,INFO,connection 91940 authorised
2026-03-14T00:43:06Z,checkout,ERROR,healthz timeout after 2000ms
2026-03-14T00:43:08Z,payments,INFO,webhook 81386 acknowledged
2026-03-14T00:43:09Z,postgres,INFO,replication lag 115ms
2026-03-14T00:43:12Z,checkout,ERROR,healthz timeout after 2000ms
2026-03-14T00:43:16Z,billing,INFO,credit note 83976 issued
2026-03-14T00:43:18Z,checkout,ERROR,healthz timeout after 2000ms
2026-03-14T00:43:19Z,orders,INFO,inventory check 88512 passed
2026-03-14T00:43:24Z,checkout,ERROR,healthz timeout after 2000ms
2026-03-14T00:43:26Z,payments,INFO,refund 59832 completed
2026-03-14T00:43:30Z,checkout,ERROR,healthz timeout after 2000ms
2026-03-14T00:43:36Z,checkout,ERROR,healthz timeout after 2000ms
2026-03-14T00:43:39Z,billing,INFO,subscription 66432 renewed
2026-03-14T00:43:42Z,checkout,ERROR,healthz timeout after 2000ms
2026-03-14T00:43:46Z,orders,INFO,inventory check 50190 passed
2026-03-14T00:43:48Z,checkout,ERROR,healthz timeout after 2000ms
2026-03-14T00:43:49Z,payments,INFO,webhook 29390 acknowledged
2026-03-14T00:43:52Z,postgres,INFO,"checkpoint complete, 34124 buffers written"
2026-03-14T00:43:54Z,checkout,ERROR,healthz timeout after 2000ms
2026-03-14T00:43:55Z,postgres,INFO,replication lag 196ms
2026-03-14T00:44:00Z,checkout,ERROR,healthz timeout after 2000ms
2026-03-14T00:44:06Z,checkout,ERROR,healthz timeout after 2000ms
2026-03-14T00:44:08Z,billing,INFO,subscription 76072 renewed
2026-03-14T00:44:12Z,checkout,ERROR,healthz timeout after 2000ms
2026-03-14T00:44:14Z,orders,INFO,order 39371 accepted
2026-03-14T00:44:14Z,postgres,WARN,"autovacuum on table 44269 skipped, lock not available"
2026-03-14T00:44:18Z,checkout,ERROR,healthz timeout after 2000ms
2026-03-14T00:44:23Z,checkout,INFO,cart 77211 converted in 64ms
2026-03-14T00:44:24Z,checkout,ERROR,healthz timeout after 2000ms
2026-03-14T00:44:29Z,payments,INFO,refund 9916 completed
2026-03-14T00:44:30Z,checkout,ERROR,healthz timeout after 2000ms
2026-03-14T00:44:31Z,search,INFO,"suggest cache warm, 2519 entries"
2026-03-14T00:44:36Z,auth,INFO,token issued for session 51939
2026-03-14T00:44:36Z,checkout,ERROR,healthz timeout after 2000ms
2026-03-14T00:44:41Z,payments,INFO,webhook 84945 acknowledged
2026-03-14T00:44:44Z,auth,INFO,token issued for session 24590
2026-03-14T00:44:44Z,billing,INFO,dunning run 74486 complete
2026-03-14T00:44:46Z,checkout,INFO,cart 67402 abandoned after 107ms
2026-03-14T00:44:47Z,search,INFO,query 39488 served in 116ms
2026-03-14T00:44:54Z,payments,INFO,webhook 79804 acknowledged
2026-03-14T00:45:00Z,payments,INFO,refund 81313 completed
2026-03-14T00:45:01Z,auth,INFO,session 5545 refreshed
2026-03-14T00:45:07Z,checkout,INFO,session 99416 started
2026-03-14T00:45:15Z,auth,INFO,token issued for session 15956
2026-03-14T00:45:18Z,orders,INFO,order 79114 accepted
2026-03-14T00:45:19Z,payments,INFO,settlement batch 25572 queued
2026-03-14T00:45:29Z,postgres,INFO,autovacuum finished on table 1889
2026-03-14T00:45:30Z,search,INFO,index segment 18957 merged
2026-03-14T00:45:35Z,postgres,WARN,"autovacuum on table 71996 skipped, lock not available"
2026-03-14T00:45:38Z,billing,INFO,invoice 63218 rendered in 56ms
2026-03-14T00:45:42Z,checkout,INFO,session 39455 started
2026-03-14T00:45:47Z,checkout,INFO,session 5751 started
2026-03-14T00:45:49Z,search,INFO,"suggest cache warm, 21588 entries"
2026-03-14T00:45:52Z,search,INFO,query 71809 served in 171ms
2026-03-14T00:45:56Z,billing,INFO,invoice 55869 rendered in 291ms
2026-03-14T00:45:59Z,billing,INFO,invoice 8347 rendered in 295ms
2026-03-14T00:46:00Z,deploy,INFO,canary 53093 healthy
2026-03-14T00:46:08Z,checkout,INFO,payment intent 50490 created
2026-03-14T00:46:23Z,postgres,INFO,"checkpoint complete, 14882 buffers written"
2026-03-14T00:46:25Z,orders,INFO,order 45656 accepted
2026-03-14T00:46:34Z,postgres,INFO,"checkpoint complete, 9305 buffers written"
2026-03-14T00:46:42Z,postgres,INFO,autovacuum finished on table 88658
2026-03-14T00:46:57Z,orders,INFO,inventory check 63181 passed
2026-03-14T00:46:59Z,postgres,INFO,replication lag 46ms
2026-03-14T00:47:03Z,orders,INFO,order 25921 dispatched in 145ms
2026-03-14T00:47:18Z,billing,INFO,credit note 53927 issued
2026-03-14T00:47:27Z,payments,INFO,webhook 87365 acknowledged
2026-03-14T00:47:29Z,postgres,INFO,autovacuum finished on table 95005
2026-03-14T00:47:30Z,postgres,INFO,autovacuum finished on table 55626
2026-03-14T00:47:32Z,orders,INFO,order 38062 dispatched in 104ms
2026-03-14T00:47:33Z,payments,INFO,refund 43190 completed
2026-03-14T00:47:42Z,payments,INFO,settlement batch 72284 queued
2026-03-14T00:48:01Z,search,INFO,query 33307 served in 256ms
2026-03-14T00:48:07Z,billing,INFO,subscription 42457 renewed
2026-03-14T00:48:10Z,auth,INFO,session 24722 refreshed
2026-03-14T00:48:17Z,checkout,INFO,cart 98239 converted in 136ms
2026-03-14T00:48:17Z,orders,INFO,order 69867 accepted
2026-03-14T00:48:22Z,checkout,INFO,cart 13167 converted in 171ms
2026-03-14T00:48:22Z,search,INFO,query 67116 served in 316ms
2026-03-14T00:48:38Z,orders,INFO,order 20762 dispatched in 175ms
2026-03-14T00:48:41Z,billing,INFO,dunning run 21784 complete
2026-03-14T00:48:44Z,auth,INFO,token issued for session 99115
2026-03-14T00:48:54Z,search,INFO,query 84855 served in 63ms
2026-03-14T00:48:55Z,auth,INFO,logout for session 30996
2026-03-14T00:49:14Z,search,INFO,index segment 50128 merged
2026-03-14T00:49:16Z,payments,INFO,charge 82075 authorised in 166ms
2026-03-14T00:49:19Z,orders,INFO,order 44011 invoiced
2026-03-14T00:49:26Z,auth,INFO,session 98884 refreshed
2026-03-14T00:49:38Z,postgres,INFO,autovacuum finished on table 84988
2026-03-14T00:49:40Z,auth,INFO,token issued for session 43315
2026-03-14T00:49:46Z,payments,INFO,webhook 69802 acknowledged
2026-03-14T00:49:47Z,billing,INFO,credit note 66620 issued
2026-03-14T00:49:59Z,orders,INFO,inventory check 6569 passed
2026-03-14T00:50:01Z,payments,INFO,refund 59464 completed
2026-03-14T00:50:04Z,billing,INFO,dunning run 40023 complete
2026-03-14T00:50:11Z,orders,INFO,order 2870 accepted
2026-03-14T00:50:28Z,checkout,INFO,cart 60133 abandoned after 44ms
2026-03-14T00:50:29Z,billing,INFO,credit note 17088 issued
2026-03-14T00:50:44Z,orders,INFO,order 44837 dispatched in 196ms
2026-03-14T00:50:47Z,checkout,INFO,session 94788 started
2026-03-14T00:50:52Z,auth,INFO,token issued for session 51502
2026-03-14T00:50:59Z,payments,INFO,charge 35875 authorised in 107ms
2026-03-14T00:51:24Z,billing,INFO,invoice 41448 rendered in 204ms
2026-03-14T00:51:33Z,billing,INFO,dunning run 2059 complete
2026-03-14T00:51:34Z,payments,INFO,webhook 78040 acknowledged
2026-03-14T00:51:55Z,payments,INFO,webhook 12570 acknowledged
2026-03-14T00:52:05Z,billing,INFO,invoice 70958 rendered in 201ms
2026-03-14T00:52:14Z,search,INFO,index segment 7946 merged
2026-03-14T00:52:17Z,checkout,INFO,cart 74370 abandoned after 82ms
2026-03-14T00:52:27Z,search,INFO,"suggest cache warm, 12887 entries"
2026-03-14T00:52:30Z,billing,INFO,dunning run 1202 complete
2026-03-14T00:52:42Z,auth,INFO,logout for session 59003
2026-03-14T00:52:46Z,billing,INFO,invoice 83198 rendered in 51ms
2026-03-14T00:52:52Z,checkout,INFO,cart 69290 abandoned after 16ms
2026-03-14T00:52:56Z,orders,INFO,order 76715 dispatched in 26ms
2026-03-14T00:52:57Z,billing,INFO,subscription 27447 renewed
2026-03-14T00:52:58Z,auth,INFO,logout for session 43687
2026-03-14T00:53:00Z,postgres,INFO,connection 70675 authorised
2026-03-14T00:53:00Z,search,INFO,index segment 73219 merged
2026-03-14T00:53:08Z,payments,INFO,refund 9503 completed
2026-03-14T00:53:09Z,auth,INFO,login succeeded in 51ms
2026-03-14T00:53:12Z,search,INFO,index segment 28076 merged
2026-03-14T00:53:13Z,orders,INFO,inventory check 65002 passed
2026-03-14T00:53:15Z,checkout,INFO,session 92360 started
2026-03-14T00:53:18Z,orders,INFO,order 97183 accepted
2026-03-14T00:53:20Z,checkout,INFO,session 2738 started
2026-03-14T00:53:21Z,payments,INFO,settlement batch 66654 queued
2026-03-14T00:53:33Z,auth,INFO,session 67211 refreshed
2026-03-14T00:53:34Z,orders,INFO,order 92452 invoiced
2026-03-14T00:53:36Z,auth,INFO,token issued for session 6147
2026-03-14T00:53:36Z,postgres,INFO,replication lag 318ms
2026-03-14T00:53:43Z,search,INFO,query 29921 served in 11ms
2026-03-14T00:53:45Z,checkout,INFO,cart 10939 converted in 265ms
2026-03-14T00:53:56Z,orders,INFO,order 49039 accepted
2026-03-14T00:53:56Z,postgres,INFO,connection 77718 authorised
2026-03-14T00:53:59Z,search,INFO,index segment 76156 merged
2026-03-14T00:54:02Z,checkout,INFO,session 35223 started
2026-03-14T00:54:04Z,search,INFO,query 16243 served in 35ms
2026-03-14T00:54:08Z,billing,INFO,credit note 67725 issued
2026-03-14T00:54:09Z,deploy,INFO,pipeline 77895 green
2026-03-14T00:54:14Z,search,INFO,query 68511 served in 240ms
2026-03-14T00:54:18Z,auth,INFO,session 65853 refreshed
2026-03-14T00:54:18Z,payments,INFO,refund 76291 completed
2026-03-14T00:54:20Z,search,INFO,"suggest cache warm, 60440 entries"
2026-03-14T00:54:40Z,postgres,INFO,autovacuum finished on table 53001
2026-03-14T00:54:44Z,checkout,INFO,cart 67924 converted in 5ms
2026-03-14T00:54:52Z,postgres,INFO,replication lag 81ms
2026-03-14T00:54:54Z,auth,INFO,session 44948 refreshed
2026-03-14T00:55:01Z,payments,INFO,settlement batch 76517 queued
2026-03-14T00:55:05Z,billing,INFO,credit note 79566 issued
2026-03-14T00:55:07Z,search,INFO,query 84151 served in 37ms
2026-03-14T00:55:14Z,orders,INFO,order 27640 invoiced
2026-03-14T00:55:23Z,postgres,INFO,replication lag 58ms
2026-03-14T00:55:34Z,billing,INFO,invoice 20072 rendered in 13ms
2026-03-14T00:55:45Z,search,INFO,"suggest cache warm, 66865 entries"
2026-03-14T00:55:47Z,payments,INFO,charge 58073 authorised in 320ms
2026-03-14T00:55:49Z,billing,INFO,subscription 38742 renewed
2026-03-14T00:55:53Z,billing,INFO,invoice 70960 rendered in 248ms
2026-03-14T00:56:00Z,payments,INFO,charge 59536 authorised in 217ms
2026-03-14T00:56:04Z,payments,WARN,"retrying webhook 26195, attempt 2"
2026-03-14T00:56:05Z,postgres,INFO,replication lag 114ms
2026-03-14T00:56:21Z,postgres,INFO,autovacuum finished on table 98844
2026-03-14T00:56:22Z,auth,INFO,token issued for session 26965
2026-03-14T00:56:38Z,checkout,INFO,session 71250 started
2026-03-14T00:56:44Z,postgres,INFO,replication lag 296ms
2026-03-14T00:56:49Z,orders,INFO,order 51457 dispatched in 294ms
2026-03-14T00:56:54Z,checkout,INFO,session 75735 started
2026-03-14T00:56:54Z,postgres,INFO,"checkpoint complete, 6376 buffers written"
2026-03-14T00:57:04Z,payments,INFO,webhook 11821 acknowledged
2026-03-14T00:57:21Z,orders,INFO,inventory check 54081 passed
2026-03-14T00:57:22Z,payments,INFO,webhook 42050 acknowledged
2026-03-14T00:57:23Z,search,INFO,query 72419 served in 168ms
2026-03-14T00:57:26Z,orders,INFO,order 30027 invoiced
2026-03-14T00:57:36Z,auth,INFO,login succeeded in 147ms
2026-03-14T00:57:37Z,payments,INFO,charge 52093 authorised in 246ms
2026-03-14T00:57:39Z,billing,INFO,invoice 29254 rendered in 202ms
2026-03-14T00:57:49Z,auth,INFO,session 71037 refreshed
2026-03-14T00:57:49Z,checkout,INFO,cart 27500 converted in 145ms
2026-03-14T00:57:55Z,postgres,INFO,replication lag 269ms
2026-03-14T00:57:59Z,search,INFO,index segment 84452 merged
2026-03-14T00:58:08Z,postgres,INFO,autovacuum finished on table 84319
2026-03-14T00:58:14Z,orders,INFO,order 11148 dispatched in 183ms
2026-03-14T00:58:26Z,billing,INFO,invoice 70108 rendered in 71ms
2026-03-14T00:58:27Z,orders,INFO,inventory check 23592 passed
2026-03-14T00:58:31Z,auth,INFO,session 65874 refreshed
2026-03-14T00:58:32Z,search,INFO,"suggest cache warm, 9073 entries"
2026-03-14T00:58:35Z,checkout,INFO,cart 99644 abandoned after 261ms
2026-03-14T00:58:42Z,orders,INFO,order 59857 accepted
2026-03-14T00:58:49Z,postgres,INFO,connection 86426 authorised
2026-03-14T00:58:58Z,billing,INFO,credit note 52697 issued
2026-03-14T00:58:59Z,checkout,INFO,cart 7723 abandoned after 23ms
2026-03-14T00:59:03Z,checkout,INFO,cart 42395 abandoned after 126ms
2026-03-14T00:59:05Z,billing,INFO,dunning run 21478 complete
2026-03-14T00:59:31Z,search,INFO,query 17268 served in 252ms
2026-03-14T00:59:33Z,auth,INFO,logout for session 31211
2026-03-14T00:59:43Z,payments,INFO,charge 21319 authorised in 89ms
2026-03-14T00:59:50Z,postgres,INFO,"checkpoint complete, 76873 buffers written"
2026-03-14T00:59:53Z,checkout,INFO,cart 14472 abandoned after 276ms
2026-03-14T00:59:59Z,orders,INFO,order 59365 invoiced
2026-03-14T01:00:00Z,auth,INFO,token issued for session 91435
2026-03-14T01:00:00Z,checkout,ERROR,healthz timeout after 2000ms
2026-03-14T01:00:00Z,postgres,INFO,autovacuum finished on table 53965
2026-03-14T01:00:06Z,billing,INFO,subscription 51816 renewed
2026-03-14T01:00:06Z,checkout,ERROR,healthz timeout after 2000ms
2026-03-14T01:00:08Z,auth,INFO,token issued for session 18400
2026-03-14T01:00:12Z,checkout,ERROR,healthz timeout after 2000ms
2026-03-14T01:00:18Z,checkout,ERROR,healthz timeout after 2000ms
2026-03-14T01:00:23Z,search,INFO,index segment 8145 merged
2026-03-14T01:00:24Z,checkout,ERROR,healthz timeout after 2000ms
2026-03-14T01:00:25Z,billing,INFO,subscription 57039 renewed
2026-03-14T01:00:30Z,checkout,ERROR,healthz timeout after 2000ms
2026-03-14T01:00:35Z,postgres,INFO,replication lag 237ms
2026-03-14T01:00:36Z,checkout,ERROR,healthz timeout after 2000ms
2026-03-14T01:00:42Z,checkout,ERROR,healthz timeout after 2000ms
2026-03-14T01:00:46Z,postgres,INFO,replication lag 10ms
2026-03-14T01:00:48Z,checkout,ERROR,healthz timeout after 2000ms
2026-03-14T01:00:54Z,checkout,ERROR,healthz timeout after 2000ms
2026-03-14T01:00:59Z,billing,INFO,credit note 57293 issued
2026-03-14T01:01:00Z,checkout,ERROR,healthz timeout after 2000ms
2026-03-14T01:01:06Z,checkout,ERROR,healthz timeout after 2000ms
2026-03-14T01:01:10Z,billing,INFO,credit note 67693 issued
2026-03-14T01:01:12Z,checkout,ERROR,healthz timeout after 2000ms
2026-03-14T01:01:14Z,payments,INFO,refund 57937 completed
2026-03-14T01:01:17Z,search,INFO,"suggest cache warm, 29099 entries"
2026-03-14T01:01:18Z,checkout,ERROR,healthz timeout after 2000ms
2026-03-14T01:01:20Z,checkout,INFO,session 31051 started
2026-03-14T01:01:23Z,billing,INFO,dunning run 46893 complete
2026-03-14T01:01:24Z,checkout,ERROR,healthz timeout after 2000ms
2026-03-14T01:01:25Z,auth,INFO,login succeeded in 260ms
2026-03-14T01:01:26Z,orders,INFO,order 5580 invoiced
2026-03-14T01:01:30Z,checkout,ERROR,healthz timeout after 2000ms
2026-03-14T01:01:33Z,auth,INFO,session 20729 refreshed
2026-03-14T01:01:34Z,search,INFO,query 95062 served in 306ms
2026-03-14T01:01:36Z,checkout,ERROR,healthz timeout after 2000ms
2026-03-14T01:01:38Z,postgres,INFO,replication lag 278ms
2026-03-14T01:01:42Z,checkout,ERROR,healthz timeout after 2000ms
2026-03-14T01:01:44Z,postgres,INFO,autovacuum finished on table 9993
2026-03-14T01:01:48Z,checkout,ERROR,healthz timeout after 2000ms
2026-03-14T01:01:54Z,checkout,ERROR,healthz timeout after 2000ms
2026-03-14T01:01:55Z,billing,INFO,dunning run 74558 complete
2026-03-14T01:02:00Z,checkout,ERROR,healthz timeout after 2000ms
2026-03-14T01:02:00Z,orders,INFO,inventory check 52095 passed
2026-03-14T01:02:05Z,search,INFO,"suggest cache warm, 49095 entries"
2026-03-14T01:02:06Z,checkout,ERROR,healthz timeout after 2000ms
2026-03-14T01:02:11Z,checkout,INFO,cart 79335 converted in 79ms
2026-03-14T01:02:11Z,checkout,INFO,session 42846 started
2026-03-14T01:02:12Z,checkout,ERROR,healthz timeout after 2000ms
2026-03-14T01:02:18Z,billing,INFO,subscription 43822 renewed
2026-03-14T01:02:18Z,checkout,ERROR,healthz timeout after 2000ms
2026-03-14T01:02:18Z,payments,INFO,settlement batch 79929 queued
2026-03-14T01:02:24Z,checkout,ERROR,healthz timeout after 2000ms
2026-03-14T01:02:29Z,orders,INFO,order 3713 accepted
2026-03-14T01:02:29Z,search,INFO,query 5083 served in 123ms
2026-03-14T01:02:30Z,checkout,ERROR,healthz timeout after 2000ms
2026-03-14T01:02:36Z,checkout,ERROR,healthz timeout after 2000ms
2026-03-14T01:02:42Z,checkout,ERROR,healthz timeout after 2000ms
2026-03-14T01:02:42Z,orders,INFO,order 9224 accepted
2026-03-14T01:02:48Z,checkout,ERROR,healthz timeout after 2000ms
2026-03-14T01:02:49Z,payments,INFO,webhook 50556 acknowledged
2026-03-14T01:02:49Z,search,INFO,query 99215 served in 161ms
2026-03-14T01:02:52Z,orders,INFO,order 24347 dispatched in 297ms
2026-03-14T01:02:54Z,checkout,ERROR,healthz timeout after 2000ms
2026-03-14T01:02:54Z,payments,INFO,refund 40328 completed
2026-03-14T01:03:00Z,checkout,ERROR,healthz timeout after 2000ms
2026-03-14T01:03:05Z,checkout,INFO,payment intent 88525 created
2026-03-14T01:03:06Z,checkout,ERROR,healthz timeout after 2000ms
2026-03-14T01:03:09Z,checkout,INFO,session 28912 started
2026-03-14T01:03:10Z,payments,INFO,refund 82329 completed
2026-03-14T01:03:12Z,checkout,ERROR,healthz timeout after 2000ms
2026-03-14T01:03:18Z,checkout,ERROR,healthz timeout after 2000ms
2026-03-14T01:03:18Z,payments,INFO,refund 65554 completed
2026-03-14T01:03:24Z,checkout,ERROR,healthz timeout after 2000ms
2026-03-14T01:03:24Z,orders,INFO,inventory check 40431 passed
2026-03-14T01:03:26Z,checkout,INFO,payment intent 36724 created
2026-03-14T01:03:28Z,payments,INFO,settlement batch 94987 queued
2026-03-14T01:03:29Z,postgres,INFO,connection 10841 authorised
2026-03-14T01:03:30Z,checkout,ERROR,healthz timeout after 2000ms
2026-03-14T01:03:36Z,checkout,ERROR,healthz timeout after 2000ms
2026-03-14T01:03:42Z,checkout,ERROR,healthz timeout after 2000ms
2026-03-14T01:03:44Z,payments,INFO,charge 5177 authorised in 269ms
2026-03-14T01:03:48Z,checkout,ERROR,healthz timeout after 2000ms
2026-03-14T01:03:54Z,checkout,ERROR,healthz timeout after 2000ms
2026-03-14T01:04:00Z,checkout,ERROR,healthz timeout after 2000ms
2026-03-14T01:04:00Z,payments,INFO,charge 5152 authorised in 23ms
2026-03-14T01:04:06Z,checkout,ERROR,healthz timeout after 2000ms
2026-03-14T01:04:12Z,checkout,ERROR,healthz timeout after 2000ms
2026-03-14T01:04:18Z,checkout,ERROR,healthz timeout after 2000ms
2026-03-14T01:04:19Z,auth,INFO,logout for session 1291
2026-03-14T01:04:24Z,checkout,ERROR,healthz timeout after 2000ms
2026-03-14T01:04:30Z,checkout,ERROR,healthz timeout after 2000ms
2026-03-14T01:04:30Z,postgres,INFO,replication lag 49ms
2026-03-14T01:04:36Z,checkout,ERROR,healthz timeout after 2000ms
2026-03-14T01:04:36Z,postgres,INFO,autovacuum finished on table 50332
2026-03-14T01:04:40Z,search,INFO,index segment 18255 merged
2026-03-14T01:04:43Z,search,INFO,index segment 34213 merged
2026-03-14T01:04:44Z,postgres,INFO,"checkpoint complete, 3102 buffers written"
2026-03-14T01:05:12Z,orders,INFO,order 85751 invoiced
2026-03-14T01:05:14Z,payments,INFO,webhook 30125 acknowledged
2026-03-14T01:05:16Z,postgres,INFO,connection 33883 authorised
2026-03-14T01:05:23Z,payments,INFO,webhook 10781 acknowledged
2026-03-14T01:05:30Z,payments,INFO,charge 45947 authorised in 316ms
2026-03-14T01:05:32Z,auth,INFO,login succeeded in 185ms
2026-03-14T01:05:32Z,billing,INFO,invoice 83565 rendered in 257ms
2026-03-14T01:05:33Z,deploy,INFO,canary 75519 healthy
2026-03-14T01:05:38Z,orders,INFO,order 46217 accepted
2026-03-14T01:05:40Z,payments,INFO,webhook 53210 acknowledged
2026-03-14T01:05:41Z,auth,INFO,logout for session 94841
2026-03-14T01:05:44Z,payments,INFO,settlement batch 25812 queued
2026-03-14T01:05:50Z,orders,INFO,inventory check 86606 passed
2026-03-14T01:05:57Z,billing,INFO,subscription 21083 renewed
2026-03-14T01:05:59Z,orders,INFO,order 96537 accepted
2026-03-14T01:06:02Z,checkout,INFO,session 54128 started
2026-03-14T01:06:09Z,payments,INFO,webhook 56475 acknowledged
2026-03-14T01:06:17Z,search,INFO,query 31983 served in 242ms
2026-03-14T01:06:19Z,search,INFO,"suggest cache warm, 79094 entries"
2026-03-14T01:06:21Z,orders,INFO,order 77031 invoiced
2026-03-14T01:06:32Z,auth,INFO,session 73537 refreshed
2026-03-14T01:06:39Z,checkout,INFO,payment intent 73475 created
2026-03-14T01:06:44Z,checkout,INFO,cart 11764 converted in 223ms
2026-03-14T01:06:48Z,orders,WARN,inventory check 23313 took 1394ms
2026-03-14T01:07:00Z,postgres,INFO,replication lag 26ms
2026-03-14T01:07:32Z,orders,INFO,order 23401 invoiced
2026-03-14T01:07:32Z,search,INFO,"suggest cache warm, 57065 entries"
2026-03-14T01:07:42Z,postgres,INFO,connection 24325 authorised
2026-03-14T01:08:06Z,billing,INFO,subscription 21638 renewed
2026-03-14T01:08:15Z,search,INFO,"suggest cache warm, 65671 entries"
2026-03-14T01:08:16Z,billing,INFO,credit note 59943 issued
2026-03-14T01:08:39Z,postgres,INFO,"checkpoint complete, 97636 buffers written"
2026-03-14T01:08:40Z,postgres,INFO,replication lag 200ms
2026-03-14T01:08:47Z,search,INFO,index segment 70853 merged
2026-03-14T01:08:49Z,postgres,INFO,connection 60671 authorised
2026-03-14T01:08:52Z,checkout,INFO,session 19392 started
2026-03-14T01:08:55Z,postgres,INFO,replication lag 80ms
2026-03-14T01:08:57Z,payments,INFO,refund 64845 completed
2026-03-14T01:08:58Z,checkout,INFO,cart 31145 abandoned after 189ms
2026-03-14T01:09:03Z,orders,INFO,order 69134 invoiced
2026-03-14T01:09:14Z,orders,INFO,order 5976 accepted
2026-03-14T01:09:21Z,auth,INFO,token issued for session 76387
2026-03-14T01:09:22Z,orders,INFO,order 35645 accepted
2026-03-14T01:09:28Z,billing,INFO,dunning run 84068 complete
2026-03-14T01:09:29Z,search,INFO,index segment 18073 merged
2026-03-14T01:09:33Z,auth,INFO,session 71793 refreshed
2026-03-14T01:09:33Z,billing,INFO,subscription 47449 renewed
2026-03-14T01:09:37Z,billing,INFO,invoice 37602 rendered in 14ms
2026-03-14T01:09:38Z,auth,INFO,session 62561 refreshed
2026-03-14T01:09:41Z,auth,INFO,login succeeded in 176ms
2026-03-14T01:09:46Z,payments,INFO,webhook 45903 acknowledged
2026-03-14T01:09:58Z,payments,INFO,charge 56650 authorised in 41ms
2026-03-14T01:10:01Z,auth,INFO,login succeeded in 211ms
2026-03-14T01:10:01Z,search,INFO,index segment 4442 merged
2026-03-14T01:10:06Z,auth,INFO,token issued for session 83781
2026-03-14T01:10:09Z,search,INFO,query 27580 served in 39ms
2026-03-14T01:10:10Z,postgres,INFO,"checkpoint complete, 78644 buffers written"
2026-03-14T01:10:15Z,auth,INFO,session 55249 refreshed
2026-03-14T01:10:30Z,checkout,INFO,payment intent 72193 created
2026-03-14T01:10:35Z,payments,INFO,webhook 89704 acknowledged
2026-03-14T01:10:48Z,payments,INFO,settlement batch 21217 queued
2026-03-14T01:10:52Z,payments,INFO,settlement batch 73956 queued
2026-03-14T01:10:53Z,search,INFO,query 64261 served in 129ms
2026-03-14T01:11:01Z,auth,INFO,logout for session 96373
2026-03-14T01:11:03Z,billing,INFO,credit note 47376 issued
2026-03-14T01:11:15Z,orders,INFO,order 65405 dispatched in 145ms
2026-03-14T01:11:17Z,checkout,INFO,cart 45847 abandoned after 33ms
2026-03-14T01:11:19Z,orders,INFO,order 14289 dispatched in 125ms
2026-03-14T01:11:25Z,billing,INFO,dunning run 47612 complete
2026-03-14T01:11:25Z,deploy,INFO,canary 32563 healthy
2026-03-14T01:11:33Z,postgres,INFO,"checkpoint complete, 49240 buffers written"
2026-03-14T01:11:33Z,postgres,INFO,replication lag 128ms
2026-03-14T01:11:37Z,payments,INFO,refund 77121 completed
2026-03-14T01:11:39Z,orders,INFO,inventory check 78873 passed
2026-03-14T01:11:47Z,postgres,INFO,connection 45997 authorised
2026-03-14T01:11:51Z,auth,INFO,session 80644 refreshed
2026-03-14T01:11:56Z,billing,INFO,dunning run 62410 complete
2026-03-14T01:12:00Z,checkout,INFO,session 12940 started
2026-03-14T01:12:16Z,checkout,INFO,session 51146 started
2026-03-14T01:12:17Z,payments,INFO,charge 70485 authorised in 141ms
2026-03-14T01:12:23Z,orders,INFO,order 6968 dispatched in 50ms
2026-03-14T01:12:26Z,deploy,INFO,canary 33474 healthy
2026-03-14T01:12:26Z,orders,INFO,inventory check 12970 passed
2026-03-14T01:12:28Z,postgres,INFO,"checkpoint complete, 63418 buffers written"
2026-03-14T01:12:29Z,orders,INFO,order 35064 dispatched in 304ms
2026-03-14T01:12:34Z,orders,INFO,order 86470 dispatched in 269ms
2026-03-14T01:12:40Z,postgres,INFO,autovacuum finished on table 77003
2026-03-14T01:12:56Z,postgres,INFO,autovacuum finished on table 21679
2026-03-14T01:12:57Z,search,INFO,index segment 32912 merged
2026-03-14T01:13:02Z,billing,INFO,invoice 46432 rendered in 296ms
2026-03-14T01:13:03Z,billing,INFO,subscription 69579 renewed
2026-03-14T01:13:30Z,payments,INFO,refund 17505 completed
2026-03-14T01:14:22Z,postgres,INFO,autovacuum finished on table 23310
2026-03-14T01:14:28Z,auth,WARN,clock skew 1068ms against ntp peer
2026-03-14T01:14:31Z,search,INFO,query 82908 served in 271ms
2026-03-14T01:14:35Z,billing,INFO,dunning run 20554 complete
2026-03-14T01:14:35Z,billing,INFO,subscription 50278 renewed
2026-03-14T01:14:38Z,checkout,INFO,session 30836 started
2026-03-14T01:14:40Z,orders,INFO,order 53814 invoiced
2026-03-14T01:14:48Z,billing,INFO,invoice 29913 rendered in 132ms
2026-03-14T01:14:50Z,search,INFO,query 27366 served in 14ms
2026-03-14T01:14:52Z,orders,INFO,order 31764 accepted
2026-03-14T01:14:54Z,search,INFO,index segment 13123 merged
2026-03-14T01:14:58Z,postgres,INFO,replication lag 261ms
2026-03-14T01:15:00Z,checkout,ERROR,healthz timeout after 2000ms
2026-03-14T01:15:00Z,orders,INFO,inventory check 32119 passed
2026-03-14T01:15:04Z,billing,INFO,credit note 79178 issued
2026-03-14T01:15:04Z,search,INFO,"suggest cache warm, 59106 entries"
2026-03-14T01:15:06Z,checkout,ERROR,healthz timeout after 2000ms
2026-03-14T01:15:11Z,postgres,INFO,replication lag 138ms
2026-03-14T01:15:12Z,checkout,ERROR,healthz timeout after 2000ms
2026-03-14T01:15:14Z,search,INFO,index segment 43387 merged
2026-03-14T01:15:17Z,postgres,INFO,replication lag 93ms
2026-03-14T01:15:18Z,checkout,ERROR,healthz timeout after 2000ms
2026-03-14T01:15:24Z,checkout,ERROR,healthz timeout after 2000ms
2026-03-14T01:15:30Z,checkout,ERROR,healthz timeout after 2000ms
2026-03-14T01:15:36Z,checkout,ERROR,healthz timeout after 2000ms
2026-03-14T01:15:36Z,postgres,INFO,autovacuum finished on table 24296
2026-03-14T01:15:42Z,checkout,ERROR,healthz timeout after 2000ms
2026-03-14T01:15:42Z,payments,INFO,refund 39861 completed
2026-03-14T01:15:43Z,postgres,INFO,replication lag 176ms
2026-03-14T01:15:48Z,checkout,ERROR,healthz timeout after 2000ms
2026-03-14T01:15:48Z,orders,INFO,order 61572 invoiced
2026-03-14T01:15:49Z,payments,INFO,refund 24714 completed
2026-03-14T01:15:53Z,billing,INFO,dunning run 73116 complete
2026-03-14T01:15:54Z,billing,INFO,invoice 59771 rendered in 146ms
2026-03-14T01:15:54Z,checkout,ERROR,healthz timeout after 2000ms
2026-03-14T01:15:55Z,checkout,INFO,payment intent 95367 created
2026-03-14T01:16:00Z,checkout,ERROR,healthz timeout after 2000ms
2026-03-14T01:16:06Z,checkout,ERROR,healthz timeout after 2000ms
2026-03-14T01:16:10Z,orders,INFO,order 89229 dispatched in 37ms
2026-03-14T01:16:12Z,checkout,ERROR,healthz timeout after 2000ms
2026-03-14T01:16:18Z,checkout,ERROR,healthz timeout after 2000ms
2026-03-14T01:16:20Z,orders,INFO,order 1787 invoiced
2026-03-14T01:16:23Z,checkout,INFO,cart 82099 abandoned after 45ms
2026-03-14T01:16:24Z,checkout,ERROR,healthz timeout after 2000ms
2026-03-14T01:16:27Z,payments,INFO,webhook 22003 acknowledged
2026-03-14T01:16:29Z,checkout,INFO,cart 36073 abandoned after 262ms
2026-03-14T01:16:30Z,checkout,ERROR,healthz timeout after 2000ms
2026-03-14T01:16:36Z,checkout,ERROR,healthz timeout after 2000ms
2026-03-14T01:16:38Z,search,INFO,"suggest cache warm, 99399 entries"
2026-03-14T01:16:42Z,checkout,ERROR,healthz timeout after 2000ms
2026-03-14T01:16:48Z,checkout,ERROR,healthz timeout after 2000ms
2026-03-14T01:16:54Z,checkout,ERROR,healthz timeout after 2000ms
2026-03-14T01:16:55Z,auth,INFO,logout for session 72438
2026-03-14T01:16:56Z,auth,INFO,token issued for session 72101
2026-03-14T01:16:56Z,checkout,INFO,session 63460 started
2026-03-14T01:16:57Z,auth,INFO,session 88176 refreshed
2026-03-14T01:17:00Z,checkout,ERROR,healthz timeout after 2000ms
2026-03-14T01:17:04Z,orders,INFO,order 10383 dispatched in 233ms
2026-03-14T01:17:06Z,checkout,ERROR,healthz timeout after 2000ms
2026-03-14T01:17:07Z,auth,INFO,session 48958 refreshed
2026-03-14T01:17:12Z,checkout,ERROR,healthz timeout after 2000ms
2026-03-14T01:17:18Z,checkout,ERROR,healthz timeout after 2000ms
2026-03-14T01:17:19Z,billing,INFO,invoice 61810 rendered in 251ms
2026-03-14T01:17:19Z,orders,INFO,order 53423 invoiced
2026-03-14T01:17:24Z,checkout,ERROR,healthz timeout after 2000ms
2026-03-14T01:17:26Z,checkout,INFO,session 73785 started
2026-03-14T01:17:30Z,checkout,ERROR,healthz timeout after 2000ms
2026-03-14T01:17:30Z,search,INFO,query 34915 served in 197ms
2026-03-14T01:17:36Z,checkout,ERROR,healthz timeout after 2000ms
2026-03-14T01:17:42Z,checkout,ERROR,healthz timeout after 2000ms
2026-03-14T01:17:48Z,checkout,ERROR,healthz timeout after 2000ms
2026-03-14T01:17:54Z,checkout,ERROR,healthz timeout after 2000ms
2026-03-14T01:18:00Z,checkout,ERROR,healthz timeout after 2000ms
2026-03-14T01:18:06Z,checkout,ERROR,healthz timeout after 2000ms
2026-03-14T01:18:11Z,checkout,INFO,cart 7139 converted in 58ms
2026-03-14T01:18:12Z,checkout,ERROR,healthz timeout after 2000ms
2026-03-14T01:18:13Z,billing,INFO,subscription 23945 renewed
2026-03-14T01:18:17Z,billing,INFO,subscription 8888 renewed
2026-03-14T01:18:18Z,checkout,ERROR,healthz timeout after 2000ms
2026-03-14T01:18:22Z,payments,INFO,webhook 68475 acknowledged
2026-03-14T01:18:24Z,checkout,ERROR,healthz timeout after 2000ms
2026-03-14T01:18:29Z,auth,INFO,session 59011 refreshed
2026-03-14T01:18:30Z,checkout,ERROR,healthz timeout after 2000ms
2026-03-14T01:18:33Z,search,INFO,index segment 62826 merged
2026-03-14T01:18:36Z,checkout,ERROR,healthz timeout after 2000ms
2026-03-14T01:18:40Z,orders,INFO,order 67791 invoiced
2026-03-14T01:18:42Z,checkout,ERROR,healthz timeout after 2000ms
2026-03-14T01:18:44Z,postgres,INFO,replication lag 30ms
2026-03-14T01:18:47Z,billing,INFO,subscription 77429 renewed
2026-03-14T01:18:48Z,checkout,ERROR,healthz timeout after 2000ms
2026-03-14T01:18:49Z,payments,INFO,settlement batch 91638 queued
2026-03-14T01:18:54Z,checkout,ERROR,healthz timeout after 2000ms
2026-03-14T01:19:00Z,checkout,ERROR,healthz timeout after 2000ms
2026-03-14T01:19:04Z,deploy,INFO,pipeline 15848 green
2026-03-14T01:19:06Z,checkout,ERROR,healthz timeout after 2000ms
2026-03-14T01:19:12Z,checkout,ERROR,healthz timeout after 2000ms
2026-03-14T01:19:14Z,postgres,INFO,autovacuum finished on table 20971
2026-03-14T01:19:17Z,postgres,INFO,replication lag 230ms
2026-03-14T01:19:18Z,billing,INFO,invoice 83456 rendered in 285ms
2026-03-14T01:19:18Z,checkout,ERROR,healthz timeout after 2000ms
2026-03-14T01:19:19Z,postgres,INFO,autovacuum finished on table 42720
2026-03-14T01:19:24Z,checkout,ERROR,healthz timeout after 2000ms
2026-03-14T01:19:27Z,orders,INFO,order 52342 invoiced
2026-03-14T01:19:30Z,checkout,ERROR,healthz timeout after 2000ms
2026-03-14T01:19:33Z,auth,INFO,session 70406 refreshed
2026-03-14T01:19:36Z,checkout,ERROR,healthz timeout after 2000ms
2026-03-14T01:19:47Z,orders,INFO,order 37611 accepted
2026-03-14T01:19:54Z,payments,INFO,refund 70840 completed
2026-03-14T01:19:54Z,search,INFO,query 38490 served in 25ms
2026-03-14T01:19:56Z,billing,INFO,dunning run 8113 complete
2026-03-14T01:20:04Z,search,INFO,index segment 15718 merged
2026-03-14T01:20:19Z,auth,INFO,login succeeded in 121ms
2026-03-14T01:20:22Z,payments,INFO,refund 5347 completed
2026-03-14T01:20:24Z,deploy,INFO,artefact 51462 published
2026-03-14T01:20:27Z,billing,INFO,subscription 13559 renewed
2026-03-14T01:20:33Z,payments,INFO,charge 72506 authorised in 56ms
2026-03-14T01:20:46Z,billing,INFO,subscription 26055 renewed
2026-03-14T01:20:49Z,auth,INFO,login succeeded in 83ms
2026-03-14T01:20:54Z,billing,INFO,credit note 46048 issued
2026-03-14T01:20:55Z,payments,INFO,webhook 83170 acknowledged
2026-03-14T01:21:02Z,orders,INFO,inventory check 31708 passed
2026-03-14T01:21:05Z,billing,INFO,credit note 74454 issued
2026-03-14T01:21:18Z,auth,INFO,login succeeded in 51ms
2026-03-14T01:21:37Z,payments,INFO,webhook 44668 acknowledged
2026-03-14T01:21:48Z,search,INFO,index segment 30348 merged
2026-03-14T01:21:57Z,checkout,INFO,payment intent 9209 created
2026-03-14T01:22:05Z,billing,INFO,invoice 59699 rendered in 255ms
2026-03-14T01:22:26Z,auth,INFO,login succeeded in 139ms
2026-03-14T01:22:39Z,orders,INFO,order 23956 accepted
2026-03-14T01:22:47Z,payments,INFO,refund 21039 completed
2026-03-14T01:22:53Z,search,INFO,query 98114 served in 202ms
2026-03-14T01:22:56Z,orders,INFO,order 95607 invoiced
2026-03-14T01:23:00Z,payments,INFO,webhook 38511 acknowledged
2026-03-14T01:23:03Z,postgres,INFO,"checkpoint complete, 52614 buffers written"
2026-03-14T01:23:05Z,payments,INFO,refund 62931 completed
2026-03-14T01:23:07Z,auth,INFO,login succeeded in 318ms
2026-03-14T01:23:37Z,postgres,INFO,connection 19513 authorised
2026-03-14T01:23:38Z,postgres,INFO,connection 71264 authorised
2026-03-14T01:23:44Z,checkout,INFO,payment intent 48726 created
2026-03-14T01:24:06Z,billing,INFO,invoice 15854 rendered in 115ms
2026-03-14T01:24:07Z,postgres,INFO,replication lag 270ms
2026-03-14T01:24:11Z,checkout,INFO,session 44183 started
2026-03-14T01:24:18Z,orders,INFO,order 29807 accepted
2026-03-14T01:24:33Z,billing,INFO,dunning run 64640 complete
2026-03-14T01:24:36Z,search,INFO,query 56081 served in 122ms
2026-03-14T01:24:44Z,checkout,INFO,cart 57601 converted in 290ms
2026-03-14T01:24:49Z,checkout,INFO,cart 14414 abandoned after 301ms
2026-03-14T01:24:51Z,postgres,INFO,replication lag 189ms
2026-03-14T01:24:55Z,orders,INFO,order 10243 dispatched in 146ms
2026-03-14T01:24:55Z,payments,INFO,refund 42056 completed
2026-03-14T01:24:56Z,search,INFO,query 60320 served in 24ms
2026-03-14T01:24:57Z,postgres,INFO,replication lag 273ms
2026-03-14T01:25:00Z,checkout,ERROR,healthz timeout after 2000ms
2026-03-14T01:25:01Z,payments,INFO,settlement batch 44838 queued
2026-03-14T01:25:02Z,orders,INFO,inventory check 29177 passed
2026-03-14T01:25:06Z,checkout,ERROR,healthz timeout after 2000ms
2026-03-14T01:25:07Z,checkout,INFO,cart 60856 converted in 289ms
2026-03-14T01:25:10Z,auth,INFO,login succeeded in 241ms
2026-03-14T01:25:12Z,checkout,ERROR,healthz timeout after 2000ms
2026-03-14T01:25:17Z,postgres,INFO,autovacuum finished on table 40269
2026-03-14T01:25:18Z,checkout,ERROR,healthz timeout after 2000ms
2026-03-14T01:25:24Z,checkout,ERROR,healthz timeout after 2000ms
2026-03-14T01:25:28Z,auth,INFO,login succeeded in 240ms
2026-03-14T01:25:30Z,auth,INFO,logout for session 15415
2026-03-14T01:25:30Z,checkout,INFO,cart 35171 abandoned after 27ms
2026-03-14T01:25:30Z,checkout,ERROR,healthz timeout after 2000ms
2026-03-14T01:25:34Z,orders,INFO,order 90263 invoiced
2026-03-14T01:25:36Z,checkout,ERROR,healthz timeout after 2000ms
2026-03-14T01:25:36Z,search,INFO,query 14549 served in 183ms
2026-03-14T01:25:40Z,orders,INFO,order 74899 accepted
2026-03-14T01:25:42Z,checkout,ERROR,healthz timeout after 2000ms
2026-03-14T01:25:48Z,checkout,ERROR,healthz timeout after 2000ms
2026-03-14T01:25:54Z,checkout,ERROR,healthz timeout after 2000ms
2026-03-14T01:25:56Z,auth,INFO,logout for session 37722
2026-03-14T01:26:00Z,checkout,ERROR,healthz timeout after 2000ms
2026-03-14T01:26:06Z,checkout,ERROR,healthz timeout after 2000ms
2026-03-14T01:26:12Z,billing,INFO,invoice 25303 rendered in 45ms
2026-03-14T01:26:12Z,billing,INFO,subscription 88948 renewed
2026-03-14T01:26:12Z,checkout,ERROR,healthz timeout after 2000ms
2026-03-14T01:26:12Z,postgres,INFO,replication lag 106ms
2026-03-14T01:26:18Z,checkout,ERROR,healthz timeout after 2000ms
2026-03-14T01:26:24Z,checkout,ERROR,healthz timeout after 2000ms
2026-03-14T01:26:30Z,checkout,ERROR,healthz timeout after 2000ms
2026-03-14T01:26:30Z,payments,INFO,webhook 57188 acknowledged
2026-03-14T01:26:32Z,auth,INFO,session 97450 refreshed
2026-03-14T01:26:33Z,postgres,INFO,connection 74423 authorised
2026-03-14T01:26:36Z,checkout,ERROR,healthz timeout after 2000ms
2026-03-14T01:26:39Z,search,INFO,index segment 71132 merged
2026-03-14T01:26:40Z,deploy,INFO,pipeline 24564 green
2026-03-14T01:26:42Z,checkout,ERROR,healthz timeout after 2000ms
2026-03-14T01:26:43Z,billing,WARN,invoice 59539 re-rendered after template cache miss
2026-03-14T01:26:47Z,search,INFO,"suggest cache warm, 40316 entries"
2026-03-14T01:26:48Z,checkout,ERROR,healthz timeout after 2000ms
2026-03-14T01:26:54Z,checkout,ERROR,healthz timeout after 2000ms
2026-03-14T01:27:00Z,checkout,ERROR,healthz timeout after 2000ms
2026-03-14T01:27:02Z,auth,INFO,token issued for session 47309
2026-03-14T01:27:02Z,search,INFO,index segment 1625 merged
2026-03-14T01:27:06Z,checkout,ERROR,healthz timeout after 2000ms
2026-03-14T01:27:10Z,orders,INFO,inventory check 11387 passed
2026-03-14T01:27:11Z,payments,INFO,webhook 21005 acknowledged
2026-03-14T01:27:12Z,checkout,ERROR,healthz timeout after 2000ms
2026-03-14T01:27:18Z,checkout,ERROR,healthz timeout after 2000ms
2026-03-14T01:27:24Z,checkout,ERROR,healthz timeout after 2000ms
2026-03-14T01:27:30Z,checkout,ERROR,healthz timeout after 2000ms
2026-03-14T01:27:36Z,checkout,ERROR,healthz timeout after 2000ms
2026-03-14T01:27:41Z,auth,INFO,login succeeded in 49ms
2026-03-14T01:27:42Z,checkout,ERROR,healthz timeout after 2000ms
2026-03-14T01:27:42Z,orders,INFO,order 77809 invoiced
2026-03-14T01:27:44Z,payments,INFO,settlement batch 82300 queued
2026-03-14T01:27:48Z,checkout,ERROR,healthz timeout after 2000ms
2026-03-14T01:27:53Z,payments,INFO,settlement batch 64884 queued
2026-03-14T01:27:54Z,checkout,ERROR,healthz timeout after 2000ms
2026-03-14T01:28:00Z,checkout,ERROR,healthz timeout after 2000ms
2026-03-14T01:28:02Z,postgres,INFO,autovacuum finished on table 84428
2026-03-14T01:28:06Z,checkout,ERROR,healthz timeout after 2000ms
2026-03-14T01:28:11Z,checkout,INFO,cart 61762 converted in 231ms
2026-03-14T01:28:12Z,checkout,ERROR,healthz timeout after 2000ms
2026-03-14T01:28:18Z,checkout,ERROR,healthz timeout after 2000ms
2026-03-14T01:28:20Z,search,INFO,query 21811 served in 206ms
2026-03-14T01:28:20Z,search,INFO,"suggest cache warm, 57836 entries"
2026-03-14T01:28:22Z,billing,INFO,subscription 19247 renewed
2026-03-14T01:28:24Z,checkout,ERROR,healthz timeout after 2000ms
2026-03-14T01:28:26Z,billing,INFO,invoice 69925 rendered in 284ms
2026-03-14T01:28:30Z,checkout,ERROR,healthz timeout after 2000ms
2026-03-14T01:28:32Z,payments,INFO,charge 79172 authorised in 29ms
2026-03-14T01:28:33Z,orders,INFO,inventory check 38037 passed
2026-03-14T01:28:36Z,checkout,ERROR,healthz timeout after 2000ms
2026-03-14T01:28:38Z,postgres,INFO,autovacuum finished on table 14758
2026-03-14T01:28:41Z,checkout,INFO,cart 70289 converted in 115ms
2026-03-14T01:28:42Z,checkout,ERROR,healthz timeout after 2000ms
2026-03-14T01:28:48Z,billing,INFO,subscription 34140 renewed
2026-03-14T01:28:48Z,checkout,ERROR,healthz timeout after 2000ms
2026-03-14T01:28:54Z,checkout,ERROR,healthz timeout after 2000ms
2026-03-14T01:28:57Z,auth,INFO,login succeeded in 29ms
2026-03-14T01:29:00Z,checkout,ERROR,healthz timeout after 2000ms
2026-03-14T01:29:06Z,checkout,ERROR,healthz timeout after 2000ms
2026-03-14T01:29:12Z,checkout,ERROR,healthz timeout after 2000ms
2026-03-14T01:29:12Z,payments,INFO,refund 12422 completed
2026-03-14T01:29:14Z,checkout,INFO,cart 24442 abandoned after 149ms
2026-03-14T01:29:17Z,search,INFO,query 50196 served in 270ms
2026-03-14T01:29:18Z,checkout,ERROR,healthz timeout after 2000ms
2026-03-14T01:29:18Z,postgres,INFO,"checkpoint complete, 94553 buffers written"
2026-03-14T01:29:19Z,billing,INFO,credit note 33000 issued
2026-03-14T01:29:19Z,payments,INFO,webhook 87847 acknowledged
2026-03-14T01:29:23Z,checkout,INFO,cart 36058 converted in 215ms
2026-03-14T01:29:23Z,postgres,INFO,autovacuum finished on table 49067
2026-03-14T01:29:24Z,checkout,ERROR,healthz timeout after 2000ms
2026-03-14T01:29:30Z,checkout,ERROR,healthz timeout after 2000ms
2026-03-14T01:29:30Z,deploy,INFO,canary 77376 healthy
2026-03-14T01:29:34Z,checkout,INFO,cart 23355 converted in 185ms
2026-03-14T01:29:36Z,checkout,ERROR,healthz timeout after 2000ms
2026-03-14T01:29:44Z,search,INFO,index segment 90348 merged
2026-03-14T01:29:52Z,checkout,INFO,cart 68904 converted in 265ms
2026-03-14T01:29:58Z,orders,INFO,order 62010 invoiced
2026-03-14T01:30:18Z,postgres,INFO,replication lag 225ms
2026-03-14T01:30:35Z,billing,INFO,invoice 89142 rendered in 275ms
2026-03-14T01:30:36Z,auth,INFO,session 13401 refreshed
2026-03-14T01:30:48Z,billing,INFO,invoice 10777 rendered in 15ms
2026-03-14T01:30:48Z,orders,INFO,order 57401 invoiced
2026-03-14T01:30:52Z,payments,INFO,refund 21843 completed
2026-03-14T01:30:52Z,postgres,INFO,connection 8944 authorised
2026-03-14T01:30:54Z,checkout,INFO,payment intent 86458 created
2026-03-14T01:30:55Z,billing,INFO,dunning run 62598 complete
2026-03-14T01:31:06Z,checkout,INFO,cart 81866 abandoned after 66ms
2026-03-14T01:31:07Z,auth,INFO,login succeeded in 220ms
2026-03-14T01:31:10Z,billing,INFO,invoice 59836 rendered in 224ms
2026-03-14T01:31:14Z,billing,INFO,dunning run 7470 complete
2026-03-14T01:31:20Z,orders,INFO,inventory check 64461 passed
2026-03-14T01:31:20Z,payments,INFO,webhook 32599 acknowledged
2026-03-14T01:31:35Z,auth,INFO,token issued for session 25982
2026-03-14T01:31:37Z,checkout,INFO,cart 6440 abandoned after 245ms
2026-03-14T01:31:44Z,auth,INFO,token issued for session 26581
2026-03-14T01:31:54Z,billing,INFO,credit note 65057 issued
2026-03-14T01:32:02Z,postgres,INFO,"checkpoint complete, 90140 buffers written"
2026-03-14T01:32:06Z,orders,INFO,order 88339 accepted
2026-03-14T01:32:11Z,search,INFO,"suggest cache warm, 47615 entries"
2026-03-14T01:32:24Z,payments,INFO,charge 31280 authorised in 38ms
2026-03-14T01:32:28Z,billing,INFO,invoice 19439 rendered in 196ms
2026-03-14T01:32:31Z,orders,INFO,order 92592 accepted
2026-03-14T01:32:33Z,postgres,INFO,replication lag 8ms
2026-03-14T01:32:35Z,payments,INFO,refund 26486 completed
2026-03-14T01:32:39Z,billing,INFO,credit note 62190 issued
2026-03-14T01:32:41Z,payments,INFO,webhook 3885 acknowledged
2026-03-14T01:32:43Z,checkout,INFO,cart 72405 abandoned after 138ms
2026-03-14T01:32:45Z,search,INFO,index segment 77267 merged
2026-03-14T01:32:51Z,postgres,INFO,replication lag 247ms
2026-03-14T01:32:57Z,search,INFO,"suggest cache warm, 97495 entries"
2026-03-14T01:33:01Z,search,INFO,index segment 97286 merged
2026-03-14T01:33:06Z,billing,INFO,subscription 41905 renewed
2026-03-14T01:33:15Z,auth,INFO,login succeeded in 9ms
2026-03-14T01:33:17Z,auth,INFO,login succeeded in 311ms
2026-03-14T01:33:18Z,payments,INFO,charge 25827 authorised in 80ms
2026-03-14T01:33:28Z,payments,INFO,charge 42313 authorised in 271ms
2026-03-14T01:33:38Z,checkout,INFO,cart 21426 abandoned after 149ms
2026-03-14T01:33:44Z,payments,INFO,charge 21406 authorised in 185ms
2026-03-14T01:33:51Z,orders,INFO,inventory check 66419 passed
2026-03-14T01:33:56Z,checkout,INFO,cart 28979 converted in 156ms
2026-03-14T01:34:09Z,payments,INFO,charge 80472 authorised in 81ms
2026-03-14T01:34:09Z,search,INFO,index segment 68695 merged
2026-03-14T01:34:14Z,postgres,INFO,autovacuum finished on table 59456
2026-03-14T01:34:18Z,checkout,INFO,session 27469 started
2026-03-14T01:34:20Z,checkout,INFO,cart 71998 converted in 159ms
2026-03-14T01:34:24Z,postgres,INFO,replication lag 304ms
2026-03-14T01:35:00Z,billing,INFO,dunning run 21979 complete
2026-03-14T01:35:00Z,checkout,ERROR,healthz timeout after 2000ms
2026-03-14T01:35:05Z,postgres,INFO,autovacuum finished on table 84469
2026-03-14T01:35:06Z,checkout,ERROR,healthz timeout after 2000ms
2026-03-14T01:35:12Z,checkout,ERROR,healthz timeout after 2000ms
2026-03-14T01:35:18Z,checkout,ERROR,healthz timeout after 2000ms
2026-03-14T01:35:18Z,orders,INFO,order 69700 dispatched in 128ms
2026-03-14T01:35:24Z,checkout,ERROR,healthz timeout after 2000ms
2026-03-14T01:35:30Z,checkout,ERROR,healthz timeout after 2000ms
2026-03-14T01:35:31Z,billing,INFO,subscription 2048 renewed
2026-03-14T01:35:36Z,checkout,ERROR,healthz timeout after 2000ms
2026-03-14T01:35:42Z,checkout,ERROR,healthz timeout after 2000ms
2026-03-14T01:35:47Z,checkout,INFO,cart 69189 converted in 88ms
2026-03-14T01:35:48Z,checkout,ERROR,healthz timeout after 2000ms
2026-03-14T01:35:48Z,postgres,INFO,replication lag 319ms
2026-03-14T01:35:54Z,checkout,ERROR,healthz timeout after 2000ms
2026-03-14T01:35:58Z,search,INFO,query 29968 served in 281ms
2026-03-14T01:36:00Z,checkout,ERROR,healthz timeout after 2000ms
2026-03-14T01:36:06Z,checkout,ERROR,healthz timeout after 2000ms
2026-03-14T01:36:12Z,checkout,ERROR,healthz timeout after 2000ms
2026-03-14T01:36:13Z,checkout,INFO,cart 45160 converted in 231ms
2026-03-14T01:36:18Z,checkout,ERROR,healthz timeout after 2000ms
2026-03-14T01:36:24Z,checkout,ERROR,healthz timeout after 2000ms
2026-03-14T01:36:30Z,checkout,ERROR,healthz timeout after 2000ms
2026-03-14T01:36:30Z,orders,INFO,order 15956 invoiced
2026-03-14T01:36:31Z,checkout,INFO,payment intent 75009 created
2026-03-14T01:36:31Z,postgres,INFO,connection 95425 authorised
2026-03-14T01:36:35Z,billing,INFO,credit note 45307 issued
2026-03-14T01:36:36Z,checkout,ERROR,healthz timeout after 2000ms
2026-03-14T01:36:40Z,auth,INFO,session 76639 refreshed
2026-03-14T01:36:42Z,checkout,ERROR,healthz timeout after 2000ms
2026-03-14T01:36:44Z,billing,INFO,dunning run 61413 complete
2026-03-14T01:36:46Z,auth,INFO,session 18063 refreshed
2026-03-14T01:36:48Z,checkout,ERROR,healthz timeout after 2000ms
2026-03-14T01:36:54Z,checkout,ERROR,healthz timeout after 2000ms
2026-03-14T01:36:54Z,payments,INFO,refund 78772 completed
2026-03-14T01:37:00Z,checkout,ERROR,healthz timeout after 2000ms
2026-03-14T01:37:02Z,payments,INFO,settlement batch 82852 queued
2026-03-14T01:37:06Z,checkout,ERROR,healthz timeout after 2000ms
2026-03-14T01:37:08Z,auth,INFO,session 76089 refreshed
2026-03-14T01:37:12Z,auth,INFO,login succeeded in 32ms
2026-03-14T01:37:12Z,checkout,ERROR,healthz timeout after 2000ms
2026-03-14T01:37:17Z,auth,INFO,session 47901 refreshed
2026-03-14T01:37:18Z,checkout,ERROR,healthz timeout after 2000ms
2026-03-14T01:37:19Z,checkout,INFO,payment intent 52852 created
2026-03-14T01:37:24Z,checkout,ERROR,healthz timeout after 2000ms
2026-03-14T01:37:24Z,postgres,INFO,"checkpoint complete, 70291 buffers written"
2026-03-14T01:37:30Z,billing,INFO,dunning run 82496 complete
2026-03-14T01:37:30Z,checkout,ERROR,healthz timeout after 2000ms
2026-03-14T01:37:36Z,checkout,ERROR,healthz timeout after 2000ms
2026-03-14T01:37:37Z,orders,INFO,order 4057 invoiced
2026-03-14T01:37:38Z,search,INFO,query 76167 served in 194ms
2026-03-14T01:37:42Z,checkout,ERROR,healthz timeout after 2000ms
2026-03-14T01:37:48Z,checkout,ERROR,healthz timeout after 2000ms
2026-03-14T01:37:53Z,orders,INFO,order 45360 invoiced
2026-03-14T01:37:54Z,checkout,ERROR,healthz timeout after 2000ms
2026-03-14T01:38:00Z,checkout,ERROR,healthz timeout after 2000ms
2026-03-14T01:38:04Z,checkout,INFO,session 55324 started
2026-03-14T01:38:05Z,orders,INFO,inventory check 88296 passed
2026-03-14T01:38:06Z,checkout,ERROR,healthz timeout after 2000ms
2026-03-14T01:38:11Z,search,INFO,query 53559 served in 196ms
2026-03-14T01:38:12Z,checkout,ERROR,healthz timeout after 2000ms
2026-03-14T01:38:18Z,checkout,ERROR,healthz timeout after 2000ms
2026-03-14T01:38:20Z,billing,INFO,credit note 87948 issued
2026-03-14T01:38:24Z,checkout,ERROR,healthz timeout after 2000ms
2026-03-14T01:38:27Z,search,INFO,query 53735 served in 139ms
2026-03-14T01:38:28Z,billing,INFO,dunning run 27178 complete
2026-03-14T01:38:30Z,checkout,ERROR,healthz timeout after 2000ms
2026-03-14T01:38:36Z,checkout,ERROR,healthz timeout after 2000ms
2026-03-14T01:38:39Z,billing,INFO,dunning run 75116 complete
2026-03-14T01:38:42Z,checkout,ERROR,healthz timeout after 2000ms
2026-03-14T01:38:47Z,postgres,INFO,replication lag 263ms
2026-03-14T01:38:48Z,checkout,ERROR,healthz timeout after 2000ms
2026-03-14T01:38:54Z,checkout,ERROR,healthz timeout after 2000ms
2026-03-14T01:38:57Z,postgres,INFO,connection 85773 authorised
2026-03-14T01:38:58Z,payments,INFO,charge 20463 authorised in 201ms
2026-03-14T01:39:00Z,checkout,ERROR,healthz timeout after 2000ms
2026-03-14T01:39:00Z,payments,INFO,settlement batch 41117 queued
2026-03-14T01:39:06Z,checkout,ERROR,healthz timeout after 2000ms
2026-03-14T01:39:12Z,checkout,ERROR,healthz timeout after 2000ms
2026-03-14T01:39:13Z,checkout,INFO,session 59706 started
2026-03-14T01:39:18Z,checkout,ERROR,healthz timeout after 2000ms
2026-03-14T01:39:22Z,payments,INFO,charge 52250 authorised in 77ms
2026-03-14T01:39:22Z,search,INFO,query 95397 served in 146ms
2026-03-14T01:39:24Z,checkout,ERROR,healthz timeout after 2000ms
2026-03-14T01:39:25Z,search,INFO,"suggest cache warm, 23808 entries"
2026-03-14T01:39:26Z,search,INFO,index segment 68969 merged
2026-03-14T01:39:30Z,checkout,ERROR,healthz timeout after 2000ms
2026-03-14T01:39:35Z,auth,INFO,token issued for session 10974
2026-03-14T01:39:35Z,billing,INFO,dunning run 93191 complete
2026-03-14T01:39:36Z,checkout,ERROR,healthz timeout after 2000ms
2026-03-14T01:39:36Z,search,INFO,index segment 3020 merged
2026-03-14T01:39:38Z,auth,INFO,token issued for session 9802
2026-03-14T01:39:54Z,orders,INFO,inventory check 78624 passed
2026-03-14T01:40:03Z,billing,INFO,credit note 26453 issued
2026-03-14T01:40:05Z,auth,INFO,session 10631 refreshed
2026-03-14T01:40:08Z,auth,INFO,session 45251 refreshed
2026-03-14T01:40:15Z,billing,INFO,invoice 24058 rendered in 149ms
2026-03-14T01:40:23Z,auth,INFO,login succeeded in 115ms
2026-03-14T01:40:33Z,orders,INFO,order 51232 invoiced
2026-03-14T01:40:36Z,postgres,INFO,"checkpoint complete, 9793 buffers written"
2026-03-14T01:40:37Z,payments,INFO,refund 54149 completed
2026-03-14T01:40:57Z,auth,INFO,logout for session 74476
2026-03-14T01:40:58Z,postgres,INFO,replication lag 92ms
2026-03-14T01:41:03Z,payments,INFO,webhook 33676 acknowledged
2026-03-14T01:41:13Z,postgres,INFO,autovacuum finished on table 43331
2026-03-14T01:41:15Z,payments,INFO,charge 22100 authorised in 32ms
2026-03-14T01:41:16Z,search,INFO,query 2832 served in 212ms
2026-03-14T01:41:22Z,orders,INFO,inventory check 67991 passed
2026-03-14T01:41:25Z,auth,INFO,token issued for session 23812
2026-03-14T01:41:39Z,auth,INFO,token issued for session 59157
2026-03-14T01:41:42Z,payments,INFO,webhook 99716 acknowledged
2026-03-14T01:41:44Z,billing,INFO,credit note 94854 issued
2026-03-14T01:41:46Z,checkout,INFO,payment intent 22730 created
2026-03-14T01:41:49Z,checkout,INFO,session 13843 started
2026-03-14T01:41:49Z,search,INFO,query 65302 served in 78ms
2026-03-14T01:42:05Z,search,INFO,query 44447 served in 112ms
2026-03-14T01:42:06Z,billing,INFO,credit note 40350 issued
2026-03-14T01:42:08Z,payments,INFO,charge 94931 authorised in 271ms
2026-03-14T01:42:09Z,checkout,INFO,cart 58083 abandoned after 75ms
2026-03-14T01:42:14Z,search,INFO,"suggest cache warm, 57099 entries"
2026-03-14T01:42:19Z,postgres,INFO,replication lag 46ms
2026-03-14T01:42:24Z,search,INFO,"suggest cache warm, 94421 entries"
2026-03-14T01:42:29Z,auth,INFO,login succeeded in 49ms
2026-03-14T01:42:33Z,postgres,INFO,connection 24246 authorised
2026-03-14T01:42:34Z,postgres,INFO,connection 76511 authorised
2026-03-14T01:42:45Z,billing,INFO,dunning run 47457 complete
2026-03-14T01:42:47Z,checkout,INFO,cart 99759 abandoned after 253ms
2026-03-14T01:42:53Z,orders,INFO,order 55998 dispatched in 4ms
2026-03-14T01:42:58Z,search,INFO,query 87749 served in 118ms
2026-03-14T01:43:02Z,billing,INFO,invoice 9809 rendered in 83ms
2026-03-14T01:43:04Z,checkout,INFO,session 86846 started
2026-03-14T01:43:18Z,auth,INFO,session 70893 refreshed
2026-03-14T01:43:28Z,orders,INFO,order 83218 invoiced
2026-03-14T01:43:54Z,search,INFO,query 53931 served in 42ms
2026-03-14T01:44:07Z,checkout,INFO,cart 58128 converted in 206ms
2026-03-14T01:44:10Z,orders,INFO,inventory check 49983 passed
2026-03-14T01:44:14Z,orders,INFO,order 41769 accepted
2026-03-14T01:44:21Z,auth,INFO,login succeeded in 153ms
2026-03-14T01:44:28Z,payments,INFO,charge 85291 authorised in 191ms
2026-03-14T01:44:29Z,payments,INFO,settlement batch 81662 queued
2026-03-14T01:44:30Z,billing,INFO,subscription 78207 renewed
2026-03-14T01:44:37Z,orders,INFO,order 66017 invoiced
2026-03-14T01:44:37Z,search,INFO,index segment 51727 merged
2026-03-14T01:44:38Z,checkout,INFO,session 60025 started
2026-03-14T01:45:00Z,postgres,INFO,"checkpoint complete, 27004 buffers written"
2026-03-14T01:45:06Z,checkout,INFO,cart 43771 abandoned after 176ms
2026-03-14T01:45:13Z,checkout,INFO,payment intent 8730 created
2026-03-14T01:45:13Z,search,INFO,query 18187 served in 136ms
2026-03-14T01:45:16Z,payments,INFO,refund 63110 completed
2026-03-14T01:45:16Z,payments,INFO,settlement batch 76225 queued
2026-03-14T01:45:19Z,payments,INFO,settlement batch 20371 queued
2026-03-14T01:45:22Z,search,INFO,"suggest cache warm, 11179 entries"
2026-03-14T01:45:26Z,postgres,INFO,connection 42939 authorised
2026-03-14T01:45:28Z,postgres,INFO,"checkpoint complete, 83399 buffers written"
2026-03-14T01:45:31Z,payments,INFO,webhook 69204 acknowledged
2026-03-14T01:45:32Z,checkout,INFO,payment intent 64837 created
2026-03-14T01:45:37Z,billing,INFO,credit note 83339 issued
2026-03-14T01:45:45Z,checkout,INFO,payment intent 34452 created
2026-03-14T01:46:03Z,billing,INFO,credit note 88670 issued
2026-03-14T01:46:05Z,auth,INFO,logout for session 56626
2026-03-14T01:46:14Z,orders,INFO,order 23882 invoiced
2026-03-14T01:46:16Z,auth,INFO,token issued for session 86944
2026-03-14T01:46:18Z,search,INFO,index segment 76851 merged
2026-03-14T01:46:19Z,orders,INFO,order 99537 invoiced
2026-03-14T01:46:20Z,postgres,INFO,autovacuum finished on table 29935
2026-03-14T01:46:28Z,payments,INFO,settlement batch 92373 queued
2026-03-14T01:46:33Z,orders,INFO,order 49337 accepted
2026-03-14T01:46:38Z,auth,INFO,login succeeded in 245ms
2026-03-14T01:46:47Z,orders,INFO,order 44868 invoiced
2026-03-14T01:46:57Z,auth,INFO,login succeeded in 206ms
2026-03-14T01:47:03Z,orders,INFO,order 63453 invoiced
2026-03-14T01:47:08Z,billing,INFO,invoice 82642 rendered in 101ms
2026-03-14T01:47:11Z,billing,INFO,subscription 20974 renewed
2026-03-14T01:47:14Z,search,INFO,query 92829 served in 232ms
2026-03-14T01:47:28Z,checkout,INFO,payment intent 65611 created
2026-03-14T01:47:30Z,postgres,INFO,connection 51280 authorised
2026-03-14T01:47:35Z,postgres,INFO,"checkpoint complete, 42556 buffers written"
2026-03-14T01:47:41Z,auth,INFO,token issued for session 14778
2026-03-14T01:47:45Z,auth,INFO,token issued for session 90463
2026-03-14T01:47:51Z,billing,INFO,dunning run 2231 complete
2026-03-14T01:47:53Z,payments,INFO,refund 28622 completed
2026-03-14T01:47:57Z,postgres,INFO,connection 71326 authorised
2026-03-14T01:48:01Z,search,INFO,query 55428 served in 119ms
2026-03-14T01:48:06Z,orders,INFO,order 66908 dispatched in 104ms
2026-03-14T01:48:15Z,search,INFO,index segment 95709 merged
2026-03-14T01:48:23Z,payments,INFO,webhook 94734 acknowledged
2026-03-14T01:48:25Z,payments,INFO,webhook 9051 acknowledged
2026-03-14T01:48:33Z,billing,INFO,subscription 86556 renewed
2026-03-14T01:48:36Z,auth,INFO,logout for session 94154
2026-03-14T01:48:49Z,auth,INFO,logout for session 69725
2026-03-14T01:48:50Z,orders,INFO,inventory check 13409 passed
2026-03-14T01:48:51Z,billing,INFO,credit note 94181 issued
2026-03-14T01:48:54Z,orders,INFO,order 84053 invoiced
2026-03-14T01:49:03Z,checkout,INFO,payment intent 11892 created
2026-03-14T01:49:04Z,checkout,INFO,payment intent 84449 created
2026-03-14T01:49:08Z,checkout,INFO,payment intent 56992 created
2026-03-14T01:49:29Z,search,INFO,index segment 31419 merged
2026-03-14T01:49:36Z,auth,INFO,login succeeded in 137ms
2026-03-14T01:49:40Z,billing,INFO,dunning run 40864 complete
2026-03-14T01:49:41Z,postgres,INFO,replication lag 114ms
2026-03-14T01:49:49Z,search,INFO,"suggest cache warm, 12919 entries"
2026-03-14T01:49:50Z,payments,INFO,settlement batch 50687 queued
2026-03-14T01:49:56Z,checkout,INFO,cart 59875 converted in 209ms
2026-03-14T01:50:00Z,search,ERROR,"upstream 429, backing off 1s"
2026-03-14T01:50:03Z,payments,INFO,webhook 77176 acknowledged
2026-03-14T01:50:06Z,search,ERROR,"upstream 429, backing off 2s"
2026-03-14T01:50:12Z,search,ERROR,"upstream 429, backing off 4s"
2026-03-14T01:50:18Z,search,ERROR,"upstream 429, backing off 8s"
2026-03-14T01:50:24Z,search,ERROR,"upstream 429, backing off 16s"
2026-03-14T01:50:30Z,billing,INFO,invoice 70542 rendered in 152ms
2026-03-14T01:50:30Z,search,ERROR,"upstream 429, backing off 32s"
2026-03-14T01:50:33Z,postgres,INFO,"checkpoint complete, 14119 buffers written"
2026-03-14T01:50:36Z,search,ERROR,"upstream 429, backing off 32s"
2026-03-14T01:50:39Z,postgres,INFO,replication lag 206ms
2026-03-14T01:50:42Z,search,ERROR,"upstream 429, backing off 32s"
2026-03-14T01:50:48Z,search,ERROR,"upstream 429, backing off 32s"
2026-03-14T01:50:49Z,postgres,INFO,replication lag 113ms
2026-03-14T01:50:51Z,payments,INFO,webhook 47966 acknowledged
2026-03-14T01:50:54Z,search,ERROR,"upstream 429, backing off 32s"
2026-03-14T01:50:56Z,billing,INFO,invoice 83513 rendered in 290ms
2026-03-14T01:51:00Z,search,ERROR,"upstream 429, backing off 32s"
2026-03-14T01:51:03Z,postgres,INFO,"checkpoint complete, 60892 buffers written"
2026-03-14T01:51:06Z,payments,INFO,settlement batch 30928 queued
2026-03-14T01:51:06Z,search,ERROR,"upstream 429, backing off 32s"
2026-03-14T01:51:12Z,search,ERROR,"upstream 429, backing off 32s"
2026-03-14T01:51:18Z,auth,INFO,token issued for session 36854
2026-03-14T01:51:18Z,payments,INFO,refund 59469 completed
2026-03-14T01:51:18Z,search,ERROR,"upstream 429, backing off 32s"
2026-03-14T01:51:24Z,search,ERROR,"upstream 429, backing off 32s"
2026-03-14T01:51:30Z,search,ERROR,"upstream 429, backing off 32s"
2026-03-14T01:51:31Z,search,INFO,index segment 9620 merged
2026-03-14T01:51:34Z,billing,INFO,invoice 66329 rendered in 315ms
2026-03-14T01:51:36Z,search,ERROR,"upstream 429, backing off 32s"
2026-03-14T01:51:42Z,search,ERROR,"upstream 429, backing off 32s"
2026-03-14T01:51:46Z,billing,INFO,credit note 66792 issued
2026-03-14T01:51:46Z,orders,INFO,order 84851 invoiced
2026-03-14T01:51:47Z,auth,INFO,token issued for session 25941
2026-03-14T01:51:48Z,search,ERROR,"upstream 429, backing off 32s"
2026-03-14T01:51:50Z,checkout,INFO,session 96641 started
2026-03-14T01:51:54Z,search,ERROR,"upstream 429, backing off 32s"
2026-03-14T01:52:00Z,search,ERROR,"upstream 429, backing off 32s"
2026-03-14T01:52:06Z,search,ERROR,"upstream 429, backing off 32s"
2026-03-14T01:52:09Z,search,INFO,"suggest cache warm, 86040 entries"
2026-03-14T01:52:11Z,payments,INFO,charge 73961 authorised in 213ms
2026-03-14T01:52:11Z,postgres,INFO,replication lag 105ms
2026-03-14T01:52:12Z,payments,INFO,webhook 99445 acknowledged
2026-03-14T01:52:12Z,search,ERROR,"upstream 429, backing off 32s"
2026-03-14T01:52:16Z,orders,INFO,order 15382 dispatched in 189ms
2026-03-14T01:52:18Z,search,ERROR,"upstream 429, backing off 32s"
2026-03-14T01:52:20Z,orders,INFO,order 10714 dispatched in 299ms
2026-03-14T01:52:24Z,search,ERROR,"upstream 429, backing off 32s"
2026-03-14T01:52:30Z,search,ERROR,"upstream 429, backing off 32s"
2026-03-14T01:52:34Z,search,INFO,query 70673 served in 190ms
2026-03-14T01:52:36Z,search,ERROR,"upstream 429, backing off 32s"
2026-03-14T01:52:40Z,orders,INFO,order 2133 invoiced
2026-03-14T01:52:42Z,auth,INFO,session 33732 refreshed
2026-03-14T01:52:42Z,search,ERROR,"upstream 429, backing off 32s"
2026-03-14T01:52:44Z,checkout,INFO,cart 45022 converted in 313ms
2026-03-14T01:52:47Z,checkout,INFO,cart 49624 abandoned after 8ms
2026-03-14T01:52:48Z,search,ERROR,"upstream 429, backing off 32s"
2026-03-14T01:52:54Z,search,ERROR,"upstream 429, backing off 32s"
2026-03-14T01:53:00Z,search,ERROR,"upstream 429, backing off 32s"
2026-03-14T01:53:06Z,search,ERROR,"upstream 429, backing off 32s"
2026-03-14T01:53:12Z,search,ERROR,"upstream 429, backing off 32s"
2026-03-14T01:53:14Z,payments,INFO,settlement batch 68597 queued
2026-03-14T01:53:18Z,search,ERROR,"upstream 429, backing off 32s"
2026-03-14T01:53:20Z,auth,INFO,token issued for session 76758
2026-03-14T01:53:24Z,search,ERROR,"upstream 429, backing off 32s"
2026-03-14T01:53:28Z,billing,INFO,credit note 90575 issued
2026-03-14T01:53:30Z,search,ERROR,"upstream 429, backing off 32s"
2026-03-14T01:53:33Z,auth,INFO,login succeeded in 284ms
2026-03-14T01:53:36Z,search,ERROR,"upstream 429, backing off 32s"
2026-03-14T01:53:38Z,billing,INFO,dunning run 63645 complete
2026-03-14T01:53:42Z,search,INFO,query 78578 served in 226ms
2026-03-14T01:53:42Z,search,ERROR,"upstream 429, backing off 32s"
2026-03-14T01:53:43Z,search,INFO,index segment 27014 merged
2026-03-14T01:53:48Z,orders,INFO,order 75649 invoiced
2026-03-14T01:53:48Z,search,ERROR,"upstream 429, backing off 32s"
2026-03-14T01:53:54Z,search,ERROR,"upstream 429, backing off 32s"
2026-03-14T01:53:58Z,postgres,INFO,replication lag 218ms
2026-03-14T01:54:00Z,search,ERROR,"upstream 429, backing off 32s"
2026-03-14T01:54:06Z,search,ERROR,"upstream 429, backing off 32s"
2026-03-14T01:54:08Z,checkout,INFO,cart 68013 converted in 63ms
2026-03-14T01:54:10Z,search,INFO,"suggest cache warm, 27245 entries"
2026-03-14T01:54:12Z,search,ERROR,"upstream 429, backing off 32s"
2026-03-14T01:54:17Z,search,INFO,query 70833 served in 312ms
2026-03-14T01:54:18Z,search,ERROR,"upstream 429, backing off 32s"
2026-03-14T01:54:24Z,search,ERROR,"upstream 429, backing off 32s"
2026-03-14T01:54:26Z,orders,INFO,order 68340 dispatched in 46ms
2026-03-14T01:54:30Z,search,ERROR,"upstream 429, backing off 32s"
2026-03-14T01:54:32Z,checkout,INFO,cart 4745 converted in 263ms
2026-03-14T01:54:35Z,auth,INFO,logout for session 45406
2026-03-14T01:54:36Z,search,ERROR,"upstream 429, backing off 32s"
2026-03-14T01:54:42Z,search,ERROR,"upstream 429, backing off 32s"
2026-03-14T01:54:45Z,checkout,INFO,cart 10162 converted in 144ms
2026-03-14T01:54:46Z,payments,INFO,charge 78865 authorised in 118ms
2026-03-14T01:54:56Z,orders,INFO,order 44238 accepted
2026-03-14T01:55:00Z,search,ERROR,"upstream 429, backing off 1s"
2026-03-14T01:55:01Z,auth,INFO,logout for session 75665
2026-03-14T01:55:05Z,checkout,INFO,session 6786 started
2026-03-14T01:55:06Z,search,ERROR,"upstream 429, backing off 2s"
2026-03-14T01:55:12Z,search,ERROR,"upstream 429, backing off 4s"
2026-03-14T01:55:13Z,auth,INFO,logout for session 91858
2026-03-14T01:55:18Z,search,ERROR,"upstream 429, backing off 8s"
2026-03-14T01:55:24Z,search,ERROR,"upstream 429, backing off 16s"
2026-03-14T01:55:25Z,orders,INFO,order 7051 dispatched in 151ms
2026-03-14T01:55:30Z,search,ERROR,"upstream 429, backing off 32s"
2026-03-14T01:55:36Z,billing,INFO,credit note 50978 issued
2026-03-14T01:55:36Z,search,ERROR,"upstream 429, backing off 32s"
2026-03-14T01:55:37Z,search,INFO,query 77861 served in 308ms
2026-03-14T01:55:42Z,billing,INFO,invoice 77124 rendered in 173ms
2026-03-14T01:55:42Z,billing,INFO,subscription 42601 renewed
2026-03-14T01:55:42Z,search,ERROR,"upstream 429, backing off 32s"
2026-03-14T01:55:45Z,postgres,INFO,autovacuum finished on table 42887
2026-03-14T01:55:46Z,search,INFO,index segment 62520 merged
2026-03-14T01:55:48Z,search,ERROR,"upstream 429, backing off 32s"
2026-03-14T01:55:54Z,checkout,INFO,payment intent 63526 created
2026-03-14T01:55:54Z,search,ERROR,"upstream 429, backing off 32s"
2026-03-14T01:56:00Z,search,ERROR,"upstream 429, backing off 32s"
2026-03-14T01:56:02Z,checkout,INFO,cart 84248 abandoned after 71ms
2026-03-14T01:56:06Z,auth,INFO,session 55518 refreshed
2026-03-14T01:56:06Z,search,ERROR,"upstream 429, backing off 32s"
2026-03-14T01:56:10Z,billing,INFO,credit note 79547 issued
2026-03-14T01:56:12Z,search,ERROR,"upstream 429, backing off 32s"
2026-03-14T01:56:14Z,search,INFO,query 42056 served in 102ms
2026-03-14T01:56:17Z,billing,INFO,credit note 46594 issued
2026-03-14T01:56:18Z,search,ERROR,"upstream 429, backing off 32s"
2026-03-14T01:56:24Z,postgres,INFO,"checkpoint complete, 97076 buffers written"
2026-03-14T01:56:24Z,search,ERROR,"upstream 429, backing off 32s"
2026-03-14T01:56:25Z,auth,INFO,login succeeded in 11ms
2026-03-14T01:56:30Z,search,ERROR,"upstream 429, backing off 32s"
2026-03-14T01:56:32Z,orders,INFO,order 35241 accepted
2026-03-14T01:56:35Z,payments,INFO,settlement batch 6580 queued
2026-03-14T01:56:35Z,payments,INFO,webhook 43007 acknowledged
2026-03-14T01:56:36Z,search,ERROR,"upstream 429, backing off 32s"
2026-03-14T01:56:40Z,orders,INFO,order 59646 dispatched in 277ms
2026-03-14T01:56:42Z,search,ERROR,"upstream 429, backing off 32s"
2026-03-14T01:56:48Z,search,ERROR,"upstream 429, backing off 32s"
2026-03-14T01:56:54Z,search,ERROR,"upstream 429, backing off 32s"
2026-03-14T01:57:00Z,search,ERROR,"upstream 429, backing off 32s"
2026-03-14T01:57:02Z,search,INFO,index segment 84911 merged
2026-03-14T01:57:06Z,search,ERROR,"upstream 429, backing off 32s"
2026-03-14T01:57:11Z,payments,INFO,webhook 47271 acknowledged
2026-03-14T01:57:12Z,search,ERROR,"upstream 429, backing off 32s"
2026-03-14T01:57:18Z,search,ERROR,"upstream 429, backing off 32s"
2026-03-14T01:57:24Z,search,ERROR,"upstream 429, backing off 32s"
2026-03-14T01:57:25Z,postgres,INFO,connection 66367 authorised
2026-03-14T01:57:30Z,search,ERROR,"upstream 429, backing off 32s"
2026-03-14T01:57:33Z,auth,INFO,session 95569 refreshed
2026-03-14T01:57:36Z,search,ERROR,"upstream 429, backing off 32s"
2026-03-14T01:57:39Z,search,INFO,query 62984 served in 175ms
2026-03-14T01:57:42Z,search,ERROR,"upstream 429, backing off 32s"
2026-03-14T01:57:48Z,search,ERROR,"upstream 429, backing off 32s"
2026-03-14T01:57:54Z,search,ERROR,"upstream 429, backing off 32s"
2026-03-14T01:57:56Z,payments,INFO,webhook 21136 acknowledged
2026-03-14T01:58:00Z,search,INFO,query 87089 served in 151ms
2026-03-14T01:58:00Z,search,ERROR,"upstream 429, backing off 32s"
2026-03-14T01:58:02Z,auth,INFO,token issued for session 71705
2026-03-14T01:58:06Z,search,ERROR,"upstream 429, backing off 32s"
2026-03-14T01:58:11Z,search,INFO,query 65061 served in 215ms
2026-03-14T01:58:12Z,search,ERROR,"upstream 429, backing off 32s"
2026-03-14T01:58:18Z,search,ERROR,"upstream 429, backing off 32s"
2026-03-14T01:58:24Z,search,ERROR,"upstream 429, backing off 32s"
2026-03-14T01:58:30Z,search,ERROR,"upstream 429, backing off 32s"
2026-03-14T01:58:31Z,auth,INFO,logout for session 67637
2026-03-14T01:58:36Z,search,ERROR,"upstream 429, backing off 32s"
2026-03-14T01:58:42Z,checkout,INFO,cart 41437 abandoned after 84ms
2026-03-14T01:58:42Z,search,ERROR,"upstream 429, backing off 32s"
2026-03-14T01:58:46Z,payments,INFO,refund 78412 completed
2026-03-14T01:58:47Z,deploy,INFO,pipeline 68547 green
2026-03-14T01:58:48Z,search,ERROR,"upstream 429, backing off 32s"
2026-03-14T01:58:54Z,checkout,INFO,cart 51022 abandoned after 193ms
2026-03-14T01:58:54Z,orders,INFO,order 44238 accepted
2026-03-14T01:58:54Z,search,ERROR,"upstream 429, backing off 32s"
2026-03-14T01:58:55Z,postgres,INFO,connection 68122 authorised
2026-03-14T01:59:00Z,search,INFO,"recovered after 96 attempts, upstream healthy"
2026-03-14T01:59:00Z,search,ERROR,"upstream 429, backing off 32s"
2026-03-14T01:59:01Z,postgres,INFO,autovacuum finished on table 95575
2026-03-14T01:59:04Z,auth,WARN,clock skew 1134ms against ntp peer
2026-03-14T01:59:06Z,search,INFO,"suggest cache warm, 93062 entries"
2026-03-14T01:59:06Z,search,ERROR,"upstream 429, backing off 32s"
2026-03-14T01:59:12Z,search,ERROR,"upstream 429, backing off 32s"
2026-03-14T01:59:15Z,search,INFO,index segment 34287 merged
2026-03-14T01:59:18Z,search,ERROR,"upstream 429, backing off 32s"
2026-03-14T01:59:19Z,payments,INFO,charge 32310 authorised in 85ms
2026-03-14T01:59:24Z,auth,INFO,login succeeded in 297ms
2026-03-14T01:59:24Z,orders,INFO,order 5940 accepted
2026-03-14T01:59:24Z,search,ERROR,"upstream 429, backing off 32s"
2026-03-14T01:59:30Z,search,ERROR,"upstream 429, backing off 32s"
2026-03-14T01:59:36Z,search,ERROR,"upstream 429, backing off 32s"
2026-03-14T01:59:42Z,search,ERROR,"upstream 429, backing off 32s"
2026-03-14T01:59:45Z,auth,INFO,session 76358 refreshed
2026-03-14T02:00:13Z,billing,INFO,dunning run 59717 complete
2026-03-14T02:00:33Z,checkout,INFO,session 49879 started
2026-03-14T02:00:38Z,search,INFO,index segment 44184 merged
2026-03-14T02:00:44Z,checkout,INFO,payment intent 98966 created
2026-03-14T02:00:44Z,checkout,INFO,session 84718 started
2026-03-14T02:01:05Z,orders,INFO,order 69646 dispatched in 74ms
2026-03-14T02:01:08Z,orders,INFO,order 53473 invoiced
2026-03-14T02:01:09Z,billing,INFO,credit note 96055 issued
2026-03-14T02:01:18Z,payments,INFO,settlement batch 13717 queued
2026-03-14T02:01:40Z,auth,INFO,logout for session 8819
2026-03-14T02:01:41Z,postgres,INFO,replication lag 262ms
2026-03-14T02:01:42Z,orders,INFO,order 96234 invoiced
2026-03-14T02:01:47Z,payments,INFO,webhook 45528 acknowledged
2026-03-14T02:01:59Z,auth,INFO,token issued for session 26070
2026-03-14T02:02:23Z,checkout,INFO,cart 42065 abandoned after 300ms
2026-03-14T02:02:28Z,search,INFO,query 34738 served in 44ms
2026-03-14T02:02:31Z,auth,INFO,logout for session 13225
2026-03-14T02:02:39Z,payments,INFO,refund 27840 completed
2026-03-14T02:02:42Z,checkout,INFO,session 80255 started
2026-03-14T02:02:44Z,checkout,INFO,cart 36578 converted in 273ms
2026-03-14T02:02:45Z,billing,INFO,subscription 61021 renewed
2026-03-14T02:02:47Z,postgres,INFO,"checkpoint complete, 25873 buffers written"
2026-03-14T02:02:58Z,search,INFO,query 96180 served in 291ms
2026-03-14T02:02:59Z,postgres,INFO,connection 37103 authorised
2026-03-14T02:03:01Z,search,INFO,query 17220 served in 257ms
2026-03-14T02:03:10Z,billing,INFO,subscription 72409 renewed
2026-03-14T02:03:16Z,auth,INFO,session 69412 refreshed
2026-03-14T02:03:20Z,orders,INFO,order 92379 dispatched in 183ms
2026-03-14T02:03:21Z,search,INFO,query 16717 served in 319ms
2026-03-14T02:03:25Z,checkout,INFO,cart 61357 converted in 129ms
2026-03-14T02:03:33Z,billing,INFO,invoice 50647 rendered in 120ms
2026-03-14T02:03:35Z,payments,INFO,settlement batch 20194 queued
2026-03-14T02:03:41Z,payments,INFO,webhook 99263 acknowledged
2026-03-14T02:03:43Z,payments,INFO,charge 51678 authorised in 320ms
2026-03-14T02:03:47Z,deploy,INFO,artefact 50733 published
2026-03-14T02:03:58Z,postgres,INFO,replication lag 208ms
2026-03-14T02:04:03Z,orders,INFO,order 67606 accepted
2026-03-14T02:04:14Z,deploy,INFO,artefact 11591 published
2026-03-14T02:04:24Z,checkout,INFO,cart 31720 converted in 170ms
2026-03-14T02:04:28Z,search,INFO,index segment 60185 merged
2026-03-14T02:04:38Z,billing,INFO,subscription 59150 renewed
2026-03-14T02:04:40Z,checkout,INFO,payment intent 22682 created
2026-03-14T02:04:52Z,auth,INFO,session 79609 refreshed
2026-03-14T02:04:53Z,postgres,INFO,connection 86940 authorised
2026-03-14T02:05:00Z,checkout,INFO,cart 75993 abandoned after 140ms
2026-03-14T02:05:09Z,orders,INFO,inventory check 87447 passed
2026-03-14T02:05:11Z,orders,INFO,order 15057 dispatched in 111ms
2026-03-14T02:05:19Z,billing,INFO,credit note 26211 issued
2026-03-14T02:05:27Z,auth,INFO,session 65885 refreshed
2026-03-14T02:05:34Z,billing,INFO,invoice 39951 rendered in 235ms
2026-03-14T02:05:40Z,auth,INFO,logout for session 91726
2026-03-14T02:05:43Z,checkout,INFO,cart 26745 converted in 195ms
2026-03-14T02:05:59Z,search,INFO,query 62894 served in 309ms
2026-03-14T02:06:02Z,checkout,INFO,cart 85811 converted in 236ms
2026-03-14T02:06:18Z,postgres,INFO,replication lag 55ms
2026-03-14T02:06:37Z,postgres,INFO,replication lag 72ms
2026-03-14T02:06:39Z,checkout,INFO,cart 44361 converted in 139ms
2026-03-14T02:06:44Z,billing,INFO,dunning run 89540 complete
2026-03-14T02:06:50Z,auth,INFO,login succeeded in 118ms
2026-03-14T02:06:58Z,search,INFO,query 2464 served in 69ms
2026-03-14T02:06:59Z,auth,INFO,logout for session 47686
2026-03-14T02:07:01Z,billing,INFO,credit note 79581 issued
2026-03-14T02:07:30Z,checkout,INFO,cart 46403 converted in 89ms
2026-03-14T02:07:43Z,billing,INFO,credit note 17659 issued
2026-03-14T02:07:44Z,checkout,INFO,cart 71277 converted in 140ms
2026-03-14T02:07:45Z,postgres,INFO,autovacuum finished on table 70211
2026-03-14T02:07:50Z,auth,INFO,token issued for session 25366
2026-03-14T02:07:51Z,auth,INFO,login succeeded in 4ms
2026-03-14T02:07:57Z,orders,INFO,inventory check 24844 passed
2026-03-14T02:08:19Z,checkout,INFO,payment intent 34108 created
2026-03-14T02:08:23Z,billing,INFO,dunning run 17439 complete
2026-03-14T02:08:28Z,search,INFO,"suggest cache warm, 34475 entries"
2026-03-14T02:08:33Z,deploy,INFO,artefact 5715 published
2026-03-14T02:08:33Z,postgres,INFO,autovacuum finished on table 69093
2026-03-14T02:08:44Z,orders,INFO,order 83462 invoiced
2026-03-14T02:08:51Z,postgres,INFO,"checkpoint complete, 27519 buffers written"
2026-03-14T02:09:04Z,postgres,INFO,connection 77666 authorised
2026-03-14T02:09:07Z,auth,INFO,login succeeded in 320ms
2026-03-14T02:09:12Z,search,INFO,index segment 58002 merged
2026-03-14T02:09:19Z,billing,INFO,subscription 83871 renewed
2026-03-14T02:09:23Z,billing,INFO,credit note 80721 issued
2026-03-14T02:09:28Z,billing,INFO,invoice 30130 rendered in 238ms
2026-03-14T02:09:32Z,checkout,INFO,payment intent 34866 created
2026-03-14T02:09:32Z,orders,INFO,order 5442 dispatched in 54ms
2026-03-14T02:09:51Z,search,INFO,index segment 52151 merged
2026-03-14T02:09:53Z,postgres,INFO,autovacuum finished on table 14735
2026-03-14T02:09:57Z,auth,INFO,login succeeded in 256ms
2026-03-14T02:10:00Z,checkout,INFO,cart 50286 abandoned after 11ms
2026-03-14T02:10:15Z,orders,INFO,order 3264 accepted
2026-03-14T02:10:24Z,deploy,INFO,pipeline 66731 green
2026-03-14T02:10:29Z,orders,INFO,order 76541 accepted
2026-03-14T02:10:40Z,search,INFO,"suggest cache warm, 7486 entries"
2026-03-14T02:10:42Z,checkout,INFO,session 14648 started
2026-03-14T02:10:42Z,orders,INFO,order 86502 invoiced
2026-03-14T02:10:52Z,postgres,INFO,"checkpoint complete, 29513 buffers written"
2026-03-14T02:11:21Z,orders,INFO,order 73485 invoiced
2026-03-14T02:11:37Z,checkout,INFO,cart 88872 abandoned after 163ms
2026-03-14T02:11:42Z,postgres,INFO,autovacuum finished on table 35743
2026-03-14T02:11:43Z,billing,INFO,dunning run 45216 complete
2026-03-14T02:11:52Z,postgres,INFO,replication lag 130ms
2026-03-14T02:12:01Z,search,INFO,query 57530 served in 72ms
2026-03-14T02:12:09Z,search,INFO,index segment 3760 merged
2026-03-14T02:12:17Z,checkout,INFO,cart 77514 abandoned after 119ms
2026-03-14T02:12:26Z,orders,INFO,order 77509 dispatched in 254ms
2026-03-14T02:12:46Z,billing,INFO,dunning run 4897 complete
2026-03-14T02:12:54Z,auth,INFO,logout for session 70671
2026-03-14T02:13:05Z,auth,INFO,logout for session 65244
2026-03-14T02:13:13Z,postgres,INFO,autovacuum finished on table 90371
2026-03-14T02:13:13Z,search,INFO,query 16997 served in 167ms
2026-03-14T02:13:19Z,checkout,INFO,payment intent 70459 created
2026-03-14T02:13:26Z,auth,INFO,login succeeded in 12ms
2026-03-14T02:13:31Z,checkout,INFO,payment intent 75724 created
2026-03-14T02:13:32Z,auth,INFO,logout for session 15750
2026-03-14T02:13:32Z,auth,INFO,session 46334 refreshed
2026-03-14T02:13:34Z,billing,INFO,invoice 48476 rendered in 206ms
2026-03-14T02:13:36Z,postgres,INFO,"checkpoint complete, 71493 buffers written"
2026-03-14T02:13:37Z,auth,INFO,logout for session 70780
2026-03-14T02:13:48Z,orders,INFO,order 58760 dispatched in 170ms
2026-03-14T02:13:52Z,postgres,INFO,"checkpoint complete, 66825 buffers written"
2026-03-14T02:13:54Z,billing,INFO,dunning run 13131 complete
2026-03-14T02:13:55Z,billing,INFO,subscription 40714 renewed
2026-03-14T02:14:02Z,auth,INFO,logout for session 34595
2026-03-14T02:14:03Z,postgres,INFO,replication lag 61ms
2026-03-14T02:14:06Z,orders,INFO,inventory check 28205 passed
2026-03-14T02:14:07Z,search,INFO,"suggest cache warm, 44098 entries"
2026-03-14T02:14:17Z,orders,INFO,order 54685 dispatched in 90ms
2026-03-14T02:14:24Z,postgres,INFO,connection 29243 authorised
2026-03-14T02:14:29Z,postgres,INFO,connection 63823 authorised
2026-03-14T02:14:40Z,orders,INFO,order 63630 invoiced
2026-03-14T02:15:01Z,checkout,INFO,payment intent 21903 created
2026-03-14T02:15:03Z,orders,INFO,inventory check 90881 passed
2026-03-14T02:15:05Z,auth,INFO,session 4154 refreshed
2026-03-14T02:15:05Z,postgres,INFO,autovacuum finished on table 91166
2026-03-14T02:15:07Z,billing,INFO,invoice 68067 rendered in 16ms
2026-03-14T02:15:16Z,postgres,INFO,autovacuum finished on table 97984
2026-03-14T02:15:19Z,checkout,INFO,cart 75809 converted in 229ms
2026-03-14T02:15:21Z,postgres,INFO,autovacuum finished on table 84529
2026-03-14T02:15:22Z,payments,INFO,charge 79535 authorised in 215ms
2026-03-14T02:15:30Z,billing,INFO,dunning run 29249 complete
2026-03-14T02:15:31Z,checkout,INFO,cart 69897 converted in 132ms
2026-03-14T02:15:33Z,auth,INFO,session 69466 refreshed
2026-03-14T02:15:50Z,auth,INFO,token issued for session 63445
2026-03-14T02:15:59Z,billing,INFO,subscription 80280 renewed
2026-03-14T02:16:00Z,auth,INFO,logout for session 50037
2026-03-14T02:16:11Z,postgres,INFO,replication lag 162ms
2026-03-14T02:16:19Z,orders,INFO,order 33856 dispatched in 294ms
2026-03-14T02:16:19Z,orders,INFO,order 37747 dispatched in 89ms
2026-03-14T02:16:20Z,auth,INFO,token issued for session 2409
2026-03-14T02:16:28Z,payments,INFO,settlement batch 55528 queued
2026-03-14T02:16:43Z,checkout,INFO,session 15596 started
2026-03-14T02:16:47Z,postgres,INFO,autovacuum finished on table 80931
2026-03-14T02:16:51Z,deploy,INFO,artefact 41735 published
2026-03-14T02:16:54Z,payments,INFO,webhook 38599 acknowledged
2026-03-14T02:17:11Z,payments,INFO,refund 1851 completed
2026-03-14T02:17:18Z,billing,INFO,dunning run 82313 complete
2026-03-14T02:17:33Z,payments,INFO,webhook 37856 acknowledged
2026-03-14T02:17:55Z,postgres,INFO,"checkpoint complete, 56446 buffers written"
2026-03-14T02:17:58Z,postgres,INFO,"checkpoint complete, 23877 buffers written"
2026-03-14T02:18:03Z,auth,INFO,session 75327 refreshed
2026-03-14T02:18:04Z,payments,INFO,charge 28384 authorised in 88ms
2026-03-14T02:18:04Z,payments,INFO,webhook 38897 acknowledged
2026-03-14T02:18:05Z,auth,INFO,login succeeded in 287ms
2026-03-14T02:18:08Z,orders,INFO,inventory check 79764 passed
2026-03-14T02:18:11Z,search,INFO,"suggest cache warm, 69307 entries"
2026-03-14T02:18:32Z,postgres,INFO,replication lag 43ms
2026-03-14T02:18:35Z,orders,INFO,order 66396 accepted
2026-03-14T02:18:39Z,checkout,INFO,payment intent 49707 created
2026-03-14T02:18:39Z,search,INFO,query 44739 served in 28ms
2026-03-14T02:18:43Z,search,INFO,"suggest cache warm, 27956 entries"
2026-03-14T02:18:45Z,auth,INFO,token issued for session 45163
2026-03-14T02:18:48Z,search,INFO,query 89959 served in 35ms
2026-03-14T02:18:57Z,checkout,INFO,payment intent 17946 created
2026-03-14T02:18:57Z,deploy,INFO,pipeline 38715 green
2026-03-14T02:18:59Z,search,INFO,query 64272 served in 190ms
2026-03-14T02:19:04Z,search,INFO,index segment 33358 merged
2026-03-14T02:19:07Z,orders,INFO,order 33240 dispatched in 277ms
2026-03-14T02:19:18Z,billing,INFO,dunning run 15137 complete
2026-03-14T02:19:19Z,billing,INFO,credit note 65625 issued
2026-03-14T02:19:21Z,orders,INFO,order 33663 dispatched in 162ms
2026-03-14T02:19:26Z,checkout,INFO,payment intent 41035 created
2026-03-14T02:19:27Z,checkout,INFO,payment intent 15003 created
2026-03-14T02:19:29Z,orders,INFO,order 91902 dispatched in 28ms
2026-03-14T02:19:35Z,postgres,INFO,replication lag 158ms
2026-03-14T02:19:45Z,search,INFO,index segment 26037 merged
2026-03-14T02:19:46Z,billing,INFO,credit note 30290 issued
2026-03-14T02:19:48Z,search,INFO,"suggest cache warm, 56972 entries"
2026-03-14T02:20:03Z,postgres,INFO,autovacuum finished on table 77281
2026-03-14T02:20:13Z,postgres,INFO,connection 83004 authorised
2026-03-14T02:20:18Z,orders,INFO,inventory check 22713 passed
2026-03-14T02:20:23Z,billing,INFO,credit note 27829 issued
2026-03-14T02:20:25Z,auth,INFO,logout for session 63839
2026-03-14T02:20:25Z,orders,INFO,order 65906 dispatched in 178ms
2026-03-14T02:20:33Z,orders,INFO,order 21128 dispatched in 69ms
2026-03-14T02:20:44Z,checkout,INFO,cart 1731 converted in 250ms
2026-03-14T02:20:47Z,billing,INFO,invoice 5247 rendered in 253ms
2026-03-14T02:20:49Z,auth,INFO,token issued for session 81640
2026-03-14T02:20:50Z,orders,INFO,order 85835 accepted
2026-03-14T02:20:55Z,orders,INFO,inventory check 75437 passed
2026-03-14T02:20:58Z,billing,INFO,invoice 54775 rendered in 112ms
2026-03-14T02:21:10Z,postgres,INFO,connection 6602 authorised
2026-03-14T02:21:14Z,auth,INFO,logout for session 86309
2026-03-14T02:21:14Z,search,INFO,"suggest cache warm, 72614 entries"
2026-03-14T02:21:20Z,checkout,INFO,cart 7100 abandoned after 296ms
2026-03-14T02:21:21Z,postgres,INFO,"checkpoint complete, 74572 buffers written"
2026-03-14T02:21:23Z,postgres,INFO,replication lag 109ms
2026-03-14T02:21:28Z,billing,INFO,invoice 84086 rendered in 100ms
2026-03-14T02:21:31Z,payments,INFO,webhook 54169 acknowledged
2026-03-14T02:21:32Z,billing,INFO,credit note 14154 issued
2026-03-14T02:21:34Z,payments,INFO,webhook 54247 acknowledged
2026-03-14T02:21:53Z,billing,INFO,credit note 46926 issued
2026-03-14T02:22:04Z,auth,INFO,session 76510 refreshed
2026-03-14T02:22:04Z,checkout,INFO,session 10748 started
2026-03-14T02:22:19Z,search,INFO,query 37448 served in 316ms
2026-03-14T02:22:31Z,search,INFO,query 15892 served in 254ms
2026-03-14T02:22:42Z,search,INFO,index segment 49085 merged
2026-03-14T02:22:58Z,postgres,INFO,connection 3709 authorised
2026-03-14T02:23:06Z,payments,INFO,charge 26943 authorised in 104ms
2026-03-14T02:23:28Z,search,INFO,"suggest cache warm, 30370 entries"
2026-03-14T02:23:33Z,billing,INFO,dunning run 39192 complete
2026-03-14T02:23:41Z,auth,INFO,logout for session 46614
2026-03-14T02:23:45Z,checkout,INFO,payment intent 71222 created
2026-03-14T02:23:47Z,orders,INFO,order 31583 accepted
2026-03-14T02:23:50Z,orders,INFO,order 16660 invoiced
2026-03-14T02:23:51Z,postgres,INFO,replication lag 238ms
2026-03-14T02:24:08Z,checkout,INFO,cart 31260 converted in 184ms
2026-03-14T02:24:13Z,orders,INFO,inventory check 31427 passed
2026-03-14T02:24:13Z,orders,INFO,inventory check 51315 passed
2026-03-14T02:24:32Z,payments,INFO,refund 20006 completed
2026-03-14T02:24:35Z,postgres,INFO,connection 62012 authorised
2026-03-14T02:24:36Z,auth,INFO,login succeeded in 273ms
2026-03-14T02:24:54Z,payments,INFO,settlement batch 2892 queued
2026-03-14T02:25:10Z,billing,INFO,dunning run 38999 complete
2026-03-14T02:25:21Z,postgres,INFO,autovacuum finished on table 18891
2026-03-14T02:25:23Z,payments,INFO,settlement batch 44492 queued
2026-03-14T02:25:26Z,billing,INFO,credit note 56170 issued
2026-03-14T02:25:33Z,search,INFO,index segment 32653 merged
2026-03-14T02:25:35Z,billing,INFO,dunning run 30620 complete
2026-03-14T02:25:37Z,orders,INFO,order 72397 accepted
2026-03-14T02:25:41Z,auth,INFO,session 87024 refreshed
2026-03-14T02:25:48Z,orders,INFO,order 8118 dispatched in 212ms
2026-03-14T02:25:50Z,billing,INFO,invoice 99384 rendered in 151ms
2026-03-14T02:25:50Z,postgres,INFO,replication lag 144ms
2026-03-14T02:25:51Z,search,INFO,index segment 28327 merged
2026-03-14T02:25:54Z,search,INFO,query 52952 served in 145ms
2026-03-14T02:26:01Z,payments,INFO,webhook 12787 acknowledged
2026-03-14T02:26:04Z,deploy,INFO,artefact 69037 published
2026-03-14T02:26:37Z,orders,INFO,order 36821 dispatched in 300ms
2026-03-14T02:26:41Z,auth,INFO,logout for session 28564
2026-03-14T02:26:43Z,auth,INFO,session 90739 refreshed
2026-03-14T02:26:48Z,search,INFO,index segment 49874 merged
2026-03-14T02:26:50Z,search,INFO,index segment 31570 merged
2026-03-14T02:26:52Z,auth,INFO,token issued for session 55491
2026-03-14T02:26:59Z,search,INFO,query 54460 served in 268ms
2026-03-14T02:27:09Z,billing,INFO,invoice 91460 rendered in 198ms
2026-03-14T02:27:19Z,payments,INFO,settlement batch 26980 queued
2026-03-14T02:27:27Z,orders,INFO,order 88373 dispatched in 189ms
2026-03-14T02:27:32Z,search,INFO,"suggest cache warm, 96196 entries"
2026-03-14T02:27:36Z,checkout,INFO,payment intent 51374 created
2026-03-14T02:27:36Z,orders,INFO,order 53263 invoiced
2026-03-14T02:27:54Z,search,INFO,"suggest cache warm, 16342 entries"
2026-03-14T02:28:09Z,billing,INFO,dunning run 64489 complete
2026-03-14T02:28:10Z,payments,INFO,charge 19074 authorised in 18ms
2026-03-14T02:28:11Z,payments,INFO,refund 7772 completed
2026-03-14T02:28:12Z,billing,INFO,subscription 34256 renewed
2026-03-14T02:28:14Z,checkout,INFO,session 51595 started
2026-03-14T02:28:20Z,auth,INFO,logout for session 28233
2026-03-14T02:28:23Z,postgres,INFO,connection 2533 authorised
2026-03-14T02:28:33Z,orders,INFO,order 21535 invoiced
2026-03-14T02:28:49Z,checkout,INFO,payment intent 14644 created
2026-03-14T02:28:50Z,checkout,INFO,cart 79271 converted in 105ms
2026-03-14T02:28:50Z,payments,INFO,settlement batch 42201 queued
2026-03-14T02:28:52Z,postgres,INFO,connection 69477 authorised
2026-03-14T02:29:00Z,billing,INFO,invoice 10452 rendered in 160ms
2026-03-14T02:29:17Z,auth,INFO,session 65247 refreshed
2026-03-14T02:29:21Z,checkout,INFO,payment intent 29182 created
2026-03-14T02:29:23Z,checkout,INFO,cart 67304 converted in 99ms
2026-03-14T02:29:28Z,billing,INFO,invoice 95788 rendered in 277ms
2026-03-14T02:29:40Z,checkout,INFO,cart 79393 converted in 183ms
2026-03-14T02:29:58Z,postgres,INFO,replication lag 157ms
2026-03-14T02:30:14Z,orders,INFO,order 36333 dispatched in 230ms
2026-03-14T02:30:23Z,auth,INFO,logout for session 40020
2026-03-14T02:30:23Z,payments,INFO,webhook 32811 acknowledged
2026-03-14T02:30:24Z,payments,INFO,charge 57666 authorised in 284ms
2026-03-14T02:30:31Z,auth,INFO,token issued for session 97258
2026-03-14T02:30:42Z,search,INFO,"suggest cache warm, 81284 entries"
2026-03-14T02:30:44Z,postgres,INFO,autovacuum finished on table 86134
2026-03-14T02:30:53Z,search,INFO,index segment 92791 merged
2026-03-14T02:30:56Z,auth,INFO,logout for session 59566
2026-03-14T02:30:59Z,postgres,INFO,autovacuum finished on table 69539
2026-03-14T02:31:05Z,billing,INFO,subscription 88690 renewed
2026-03-14T02:31:10Z,payments,INFO,charge 17682 authorised in 156ms
2026-03-14T02:31:10Z,postgres,INFO,replication lag 32ms
2026-03-14T02:31:33Z,postgres,INFO,"checkpoint complete, 59692 buffers written"
2026-03-14T02:31:36Z,auth,INFO,login succeeded in 24ms
2026-03-14T02:31:40Z,checkout,INFO,session 82626 started
2026-03-14T02:31:41Z,auth,INFO,token issued for session 26380
2026-03-14T02:31:45Z,orders,INFO,order 93172 dispatched in 294ms
2026-03-14T02:31:46Z,checkout,INFO,cart 89530 abandoned after 9ms
2026-03-14T02:31:47Z,search,INFO,query 83713 served in 237ms
2026-03-14T02:31:55Z,payments,INFO,refund 92077 completed
2026-03-14T02:31:57Z,postgres,INFO,connection 5908 authorised
2026-03-14T02:31:57Z,search,INFO,index segment 38868 merged
2026-03-14T02:32:23Z,auth,INFO,token issued for session 96527
2026-03-14T02:32:25Z,billing,INFO,credit note 28957 issued
2026-03-14T02:32:26Z,payments,INFO,refund 77711 completed
2026-03-14T02:32:41Z,auth,INFO,token issued for session 47155
2026-03-14T02:32:56Z,orders,INFO,order 71705 invoiced
2026-03-14T02:33:02Z,checkout,INFO,session 60604 started
2026-03-14T02:33:05Z,search,INFO,"suggest cache warm, 33414 entries"
2026-03-14T02:33:09Z,billing,INFO,credit note 64785 issued
2026-03-14T02:33:14Z,search,INFO,"suggest cache warm, 48533 entries"
2026-03-14T02:33:22Z,payments,INFO,charge 78921 authorised in 207ms
2026-03-14T02:33:33Z,billing,INFO,subscription 13471 renewed
2026-03-14T02:33:41Z,payments,INFO,settlement batch 1721 queued
2026-03-14T02:33:51Z,billing,INFO,credit note 95326 issued
2026-03-14T02:33:52Z,auth,INFO,login succeeded in 76ms
2026-03-14T02:33:59Z,billing,INFO,invoice 15273 rendered in 59ms
2026-03-14T02:34:03Z,checkout,INFO,cart 45765 abandoned after 170ms
2026-03-14T02:34:04Z,checkout,INFO,payment intent 76266 created
2026-03-14T02:34:08Z,search,INFO,index segment 38111 merged
2026-03-14T02:34:12Z,search,INFO,query 2800 served in 229ms
2026-03-14T02:34:14Z,payments,INFO,refund 14844 completed
2026-03-14T02:34:17Z,auth,INFO,session 60275 refreshed
2026-03-14T02:34:23Z,checkout,INFO,cart 67064 converted in 151ms
2026-03-14T02:34:24Z,payments,INFO,refund 65821 completed
2026-03-14T02:34:27Z,checkout,INFO,cart 23369 converted in 97ms
2026-03-14T02:34:31Z,postgres,INFO,"checkpoint complete, 99394 buffers written"
2026-03-14T02:34:37Z,orders,INFO,inventory check 62026 passed
2026-03-14T02:34:45Z,orders,INFO,order 54889 dispatched in 81ms
2026-03-14T02:34:48Z,postgres,INFO,"checkpoint complete, 67864 buffers written"
2026-03-14T02:34:52Z,orders,INFO,order 83512 accepted
2026-03-14T02:34:57Z,checkout,INFO,session 50659 started
2026-03-14T02:35:00Z,billing,INFO,credit note 92897 issued
2026-03-14T02:35:00Z,checkout,INFO,cart 13171 abandoned after 161ms
2026-03-14T02:35:43Z,postgres,INFO,replication lag 95ms
2026-03-14T02:35:44Z,postgres,INFO,autovacuum finished on table 7280
2026-03-14T02:35:46Z,orders,INFO,order 89637 dispatched in 159ms
2026-03-14T02:35:48Z,auth,INFO,login succeeded in 262ms
2026-03-14T02:35:49Z,auth,INFO,login succeeded in 294ms
2026-03-14T02:35:50Z,search,INFO,query 69411 served in 320ms
2026-03-14T02:35:58Z,billing,INFO,subscription 90391 renewed
2026-03-14T02:36:01Z,postgres,INFO,"checkpoint complete, 12295 buffers written"
2026-03-14T02:36:06Z,orders,INFO,order 55244 accepted
2026-03-14T02:36:13Z,orders,INFO,order 74973 accepted
2026-03-14T02:36:27Z,auth,INFO,token issued for session 97740
2026-03-14T02:36:28Z,search,INFO,query 83734 served in 63ms
2026-03-14T02:36:33Z,orders,INFO,inventory check 93048 passed
2026-03-14T02:36:41Z,checkout,INFO,payment intent 92670 created
2026-03-14T02:36:41Z,payments,INFO,refund 60670 completed
2026-03-14T02:36:49Z,auth,INFO,login succeeded in 15ms
2026-03-14T02:36:57Z,auth,INFO,session 7344 refreshed
2026-03-14T02:36:57Z,payments,INFO,settlement batch 88569 queued
2026-03-14T02:37:01Z,billing,INFO,dunning run 74209 complete
2026-03-14T02:37:01Z,payments,INFO,charge 79211 authorised in 99ms
2026-03-14T02:37:02Z,checkout,INFO,payment intent 34159 created
2026-03-14T02:37:20Z,checkout,INFO,session 99884 started
2026-03-14T02:37:35Z,checkout,INFO,cart 43626 converted in 206ms
2026-03-14T02:37:36Z,search,INFO,query 1596 served in 261ms
2026-03-14T02:37:46Z,orders,INFO,order 98947 accepted
2026-03-14T02:37:53Z,checkout,INFO,session 58038 started
2026-03-14T02:37:57Z,billing,INFO,credit note 45245 issued
2026-03-14T02:38:13Z,billing,INFO,credit note 7018 issued
2026-03-14T02:38:18Z,auth,INFO,token issued for session 93598
2026-03-14T02:38:31Z,auth,INFO,session 90553 refreshed
2026-03-14T02:38:42Z,payments,INFO,charge 13070 authorised in 197ms
2026-03-14T02:38:46Z,postgres,INFO,autovacuum finished on table 25585
2026-03-14T02:38:48Z,payments,INFO,charge 59319 authorised in 56ms
2026-03-14T02:39:03Z,search,INFO,query 52405 served in 230ms
2026-03-14T02:39:07Z,search,INFO,query 95664 served in 167ms
2026-03-14T02:39:09Z,orders,INFO,order 67208 accepted
2026-03-14T02:39:17Z,billing,INFO,invoice 41628 rendered in 58ms
2026-03-14T02:39:19Z,postgres,INFO,autovacuum finished on table 43644
2026-03-14T02:39:23Z,deploy,INFO,pipeline 11702 green
2026-03-14T02:39:34Z,billing,INFO,invoice 15002 rendered in 41ms
2026-03-14T02:39:56Z,auth,INFO,token issued for session 95122
2026-03-14T02:39:57Z,deploy,INFO,pipeline 23498 green
2026-03-14T02:40:00Z,orders,INFO,order 72227 invoiced
2026-03-14T02:40:00Z,postgres,INFO,replication lag 288ms
2026-03-14T02:40:05Z,billing,INFO,subscription 49926 renewed
2026-03-14T02:40:06Z,checkout,INFO,session 30533 started
2026-03-14T02:40:24Z,postgres,INFO,"checkpoint complete, 21911 buffers written"
2026-03-14T02:40:38Z,auth,INFO,token issued for session 54843
2026-03-14T02:40:42Z,postgres,INFO,connection 52884 authorised
2026-03-14T02:40:52Z,checkout,INFO,session 17190 started
2026-03-14T02:40:54Z,orders,INFO,inventory check 43437 passed
2026-03-14T02:41:01Z,payments,INFO,refund 60349 completed
2026-03-14T02:41:01Z,search,INFO,index segment 40043 merged
2026-03-14T02:41:04Z,payments,INFO,settlement batch 94857 queued
2026-03-14T02:41:09Z,search,INFO,query 42375 served in 264ms
2026-03-14T02:41:28Z,search,INFO,query 6210 served in 293ms
2026-03-14T02:41:33Z,payments,INFO,settlement batch 58895 queued
2026-03-14T02:41:35Z,auth,INFO,login succeeded in 159ms
2026-03-14T02:41:35Z,postgres,INFO,replication lag 294ms
2026-03-14T02:41:36Z,payments,INFO,refund 85877 completed
2026-03-14T02:41:38Z,search,INFO,query 16152 served in 271ms
2026-03-14T02:41:45Z,search,INFO,"suggest cache warm, 93192 entries"
2026-03-14T02:41:47Z,billing,INFO,credit note 95296 issued
2026-03-14T02:41:49Z,checkout,INFO,cart 6707 abandoned after 13ms
2026-03-14T02:41:50Z,deploy,INFO,artefact 26657 published
2026-03-14T02:41:52Z,orders,INFO,order 48619 dispatched in 128ms
2026-03-14T02:41:56Z,billing,INFO,invoice 9380 rendered in 31ms
2026-03-14T02:41:56Z,postgres,INFO,autovacuum finished on table 37179
2026-03-14T02:41:59Z,payments,INFO,settlement batch 88898 queued
2026-03-14T02:41:59Z,postgres,INFO,replication lag 229ms
2026-03-14T02:42:00Z,auth,INFO,login succeeded in 140ms
2026-03-14T02:42:04Z,billing,INFO,subscription 49133 renewed
2026-03-14T02:42:05Z,postgres,INFO,"checkpoint complete, 16828 buffers written"
2026-03-14T02:42:16Z,billing,INFO,subscription 98781 renewed
2026-03-14T02:42:17Z,postgres,INFO,replication lag 49ms
2026-03-14T02:42:39Z,auth,INFO,session 63900 refreshed
2026-03-14T02:43:04Z,search,INFO,index segment 14316 merged
2026-03-14T02:43:06Z,orders,INFO,inventory check 39315 passed
2026-03-14T02:43:07Z,billing,INFO,dunning run 34548 complete
2026-03-14T02:43:15Z,checkout,INFO,session 17460 started
2026-03-14T02:43:18Z,checkout,INFO,payment intent 21423 created
2026-03-14T02:43:25Z,search,INFO,query 28542 served in 84ms
2026-03-14T02:43:34Z,billing,INFO,credit note 53356 issued
2026-03-14T02:43:37Z,billing,INFO,credit note 18429 issued
2026-03-14T02:43:43Z,auth,INFO,logout for session 78347
2026-03-14T02:43:52Z,search,INFO,index segment 19424 merged
2026-03-14T02:44:10Z,search,INFO,query 27769 served in 185ms
2026-03-14T02:44:18Z,billing,INFO,invoice 3261 rendered in 271ms
2026-03-14T02:44:25Z,orders,INFO,inventory check 70256 passed
2026-03-14T02:44:28Z,auth,INFO,login succeeded in 108ms
2026-03-14T02:44:34Z,auth,INFO,token issued for session 14910
2026-03-14T02:44:56Z,auth,INFO,session 28807 refreshed
2026-03-14T02:44:58Z,auth,INFO,token issued for session 46361
2026-03-14T02:45:04Z,payments,INFO,refund 65648 completed
2026-03-14T02:45:08Z,postgres,INFO,autovacuum finished on table 50179
2026-03-14T02:45:09Z,billing,INFO,credit note 71677 issued
2026-03-14T02:45:15Z,payments,INFO,webhook 26447 acknowledged
2026-03-14T02:45:21Z,auth,INFO,login succeeded in 255ms
2026-03-14T02:45:22Z,billing,INFO,dunning run 3605 complete
2026-03-14T02:45:30Z,orders,INFO,order 11358 invoiced
2026-03-14T02:45:38Z,deploy,INFO,pipeline 14711 green
2026-03-14T02:45:38Z,postgres,INFO,replication lag 76ms
2026-03-14T02:45:38Z,search,INFO,query 25289 served in 307ms
2026-03-14T02:45:41Z,orders,INFO,order 43054 invoiced
2026-03-14T02:45:44Z,billing,INFO,credit note 84155 issued
2026-03-14T02:45:53Z,payments,INFO,refund 17798 completed
2026-03-14T02:45:57Z,orders,INFO,order 7059 dispatched in 26ms
2026-03-14T02:45:59Z,checkout,INFO,session 8367 started
2026-03-14T02:46:56Z,auth,INFO,token issued for session 95778
2026-03-14T02:46:59Z,postgres,INFO,replication lag 66ms
2026-03-14T02:47:10Z,deploy,INFO,canary 50767 healthy
2026-03-14T02:47:14Z,orders,INFO,order 62230 invoiced
2026-03-14T02:47:14Z,search,INFO,query 82318 served in 206ms
2026-03-14T02:47:17Z,billing,INFO,invoice 69377 rendered in 175ms
2026-03-14T02:47:31Z,orders,INFO,order 59088 invoiced
2026-03-14T02:47:32Z,postgres,INFO,autovacuum finished on table 89881
2026-03-14T02:47:47Z,payments,INFO,refund 21179 completed
2026-03-14T02:47:48Z,billing,INFO,invoice 67584 rendered in 176ms
2026-03-14T02:48:06Z,search,INFO,query 93975 served in 192ms
2026-03-14T02:48:12Z,orders,INFO,order 59579 accepted
2026-03-14T02:48:17Z,billing,INFO,dunning run 27052 complete
2026-03-14T02:48:19Z,checkout,INFO,cart 84874 abandoned after 180ms
2026-03-14T02:48:19Z,search,INFO,query 45961 served in 85ms
2026-03-14T02:48:25Z,auth,INFO,login succeeded in 70ms
2026-03-14T02:48:40Z,orders,INFO,order 17969 invoiced
2026-03-14T02:48:44Z,checkout,INFO,session 2396 started
2026-03-14T02:48:51Z,checkout,INFO,cart 5497 abandoned after 196ms
2026-03-14T02:48:57Z,checkout,INFO,payment intent 42092 created
2026-03-14T02:49:08Z,postgres,INFO,"checkpoint complete, 82292 buffers written"
2026-03-14T02:49:11Z,auth,INFO,login succeeded in 137ms
2026-03-14T02:49:16Z,auth,INFO,logout for session 81117
2026-03-14T02:49:17Z,payments,INFO,charge 24117 authorised in 143ms
2026-03-14T02:49:19Z,billing,INFO,dunning run 42650 complete
2026-03-14T02:49:25Z,auth,INFO,session 47761 refreshed
2026-03-14T02:49:28Z,orders,INFO,order 75777 accepted
2026-03-14T02:49:31Z,checkout,INFO,cart 18663 converted in 174ms
2026-03-14T02:49:34Z,orders,INFO,inventory check 67971 passed
2026-03-14T02:49:43Z,search,INFO,"suggest cache warm, 23297 entries"
2026-03-14T02:49:46Z,billing,INFO,invoice 33420 rendered in 282ms
2026-03-14T02:49:46Z,payments,INFO,refund 3514 completed
2026-03-14T02:49:48Z,search,INFO,query 78861 served in 207ms
2026-03-14T02:49:53Z,auth,INFO,session 19322 refreshed
2026-03-14T02:50:14Z,payments,INFO,webhook 57804 acknowledged
2026-03-14T02:50:16Z,auth,INFO,token issued for session 54571
2026-03-14T02:50:19Z,postgres,INFO,replication lag 127ms
2026-03-14T02:50:21Z,billing,INFO,invoice 35998 rendered in 101ms
2026-03-14T02:50:56Z,postgres,INFO,autovacuum finished on table 42488
2026-03-14T02:51:03Z,orders,INFO,order 7754 dispatched in 181ms
2026-03-14T02:51:13Z,search,INFO,query 23102 served in 288ms
2026-03-14T02:51:17Z,billing,INFO,credit note 93200 issued
2026-03-14T02:51:25Z,billing,INFO,subscription 28794 renewed
2026-03-14T02:51:27Z,checkout,INFO,cart 37609 abandoned after 128ms
2026-03-14T02:51:27Z,orders,INFO,inventory check 11421 passed
2026-03-14T02:51:27Z,orders,INFO,order 3776 invoiced
2026-03-14T02:51:30Z,orders,INFO,order 47773 invoiced
2026-03-14T02:51:32Z,checkout,INFO,session 29671 started
2026-03-14T02:51:38Z,payments,INFO,webhook 13961 acknowledged
2026-03-14T02:51:41Z,billing,INFO,dunning run 72718 complete
2026-03-14T02:51:42Z,auth,INFO,logout for session 80008
2026-03-14T02:51:42Z,checkout,INFO,session 68359 started
2026-03-14T02:51:44Z,payments,INFO,settlement batch 60662 queued
2026-03-14T02:51:48Z,postgres,INFO,connection 83993 authorised
2026-03-14T02:51:49Z,orders,INFO,inventory check 91283 passed
2026-03-14T02:51:51Z,billing,INFO,invoice 14492 rendered in 15ms
2026-03-14T02:51:53Z,auth,INFO,session 1243 refreshed
2026-03-14T02:51:56Z,postgres,INFO,connection 27967 authorised
2026-03-14T02:52:06Z,payments,INFO,settlement batch 19362 queued
2026-03-14T02:52:10Z,orders,INFO,inventory check 48716 passed
2026-03-14T02:52:12Z,checkout,INFO,session 73579 started
2026-03-14T02:52:16Z,auth,INFO,login succeeded in 273ms
2026-03-14T02:52:31Z,postgres,INFO,connection 89640 authorised
2026-03-14T02:52:58Z,postgres,INFO,autovacuum finished on table 18054
2026-03-14T02:52:58Z,postgres,INFO,"checkpoint complete, 89037 buffers written"
2026-03-14T02:53:05Z,auth,INFO,session 20662 refreshed
2026-03-14T02:53:05Z,orders,INFO,order 28844 dispatched in 191ms
2026-03-14T02:53:08Z,checkout,INFO,session 83932 started
2026-03-14T02:53:08Z,search,INFO,query 13999 served in 34ms
2026-03-14T02:53:09Z,orders,INFO,inventory check 95757 passed
2026-03-14T02:53:18Z,auth,INFO,token issued for session 35145
2026-03-14T02:53:25Z,billing,INFO,dunning run 59435 complete
2026-03-14T02:53:53Z,billing,INFO,dunning run 71281 complete
2026-03-14T02:53:56Z,auth,INFO,token issued for session 1958
2026-03-14T02:54:10Z,deploy,INFO,pipeline 98513 green
2026-03-14T02:54:12Z,search,INFO,query 62930 served in 28ms
2026-03-14T02:54:14Z,payments,INFO,webhook 46850 acknowledged
2026-03-14T02:54:20Z,search,INFO,index segment 25397 merged
2026-03-14T02:54:25Z,payments,INFO,refund 24041 completed
2026-03-14T02:54:45Z,payments,INFO,charge 38711 authorised in 167ms
2026-03-14T02:54:56Z,search,INFO,query 58085 served in 260ms
2026-03-14T02:54:59Z,billing,INFO,dunning run 66649 complete
2026-03-14T02:55:00Z,checkout,ERROR,healthz timeout after 2000ms
2026-03-14T02:55:00Z,search,INFO,index segment 3892 merged
2026-03-14T02:55:02Z,payments,INFO,charge 98750 authorised in 247ms
2026-03-14T02:55:06Z,checkout,ERROR,healthz timeout after 2000ms
2026-03-14T02:55:12Z,checkout,ERROR,healthz timeout after 2000ms
2026-03-14T02:55:12Z,checkout,INFO,session 82756 started
2026-03-14T02:55:15Z,auth,INFO,session 84780 refreshed
2026-03-14T02:55:17Z,checkout,INFO,session 84635 started
2026-03-14T02:55:18Z,checkout,ERROR,healthz timeout after 2000ms
2026-03-14T02:55:24Z,checkout,ERROR,healthz timeout after 2000ms
2026-03-14T02:55:24Z,postgres,INFO,"checkpoint complete, 23000 buffers written"
2026-03-14T02:55:30Z,checkout,ERROR,healthz timeout after 2000ms
2026-03-14T02:55:36Z,checkout,ERROR,healthz timeout after 2000ms
2026-03-14T02:55:36Z,search,INFO,query 69948 served in 128ms
2026-03-14T02:55:42Z,checkout,ERROR,healthz timeout after 2000ms
2026-03-14T02:55:43Z,payments,INFO,settlement batch 55230 queued
2026-03-14T02:55:48Z,checkout,ERROR,healthz timeout after 2000ms
2026-03-14T02:55:50Z,payments,INFO,webhook 78192 acknowledged
2026-03-14T02:55:54Z,checkout,ERROR,healthz timeout after 2000ms
2026-03-14T02:56:00Z,checkout,ERROR,healthz timeout after 2000ms
2026-03-14T02:56:03Z,orders,INFO,order 63815 dispatched in 255ms
2026-03-14T02:56:06Z,billing,INFO,credit note 62497 issued
2026-03-14T02:56:06Z,checkout,ERROR,healthz timeout after 2000ms
2026-03-14T02:56:12Z,checkout,ERROR,healthz timeout after 2000ms
2026-03-14T02:56:14Z,payments,INFO,settlement batch 39782 queued
2026-03-14T02:56:18Z,auth,INFO,session 9520 refreshed
2026-03-14T02:56:18Z,checkout,ERROR,healthz timeout after 2000ms
2026-03-14T02:56:24Z,checkout,ERROR,healthz timeout after 2000ms
2026-03-14T02:56:28Z,orders,INFO,inventory check 87872 passed
2026-03-14T02:56:30Z,checkout,ERROR,healthz timeout after 2000ms
2026-03-14T02:56:32Z,checkout,INFO,cart 18269 converted in 234ms
2026-03-14T02:56:36Z,checkout,ERROR,healthz timeout after 2000ms
2026-03-14T02:56:37Z,checkout,INFO,cart 60837 converted in 40ms
2026-03-14T02:56:42Z,billing,INFO,invoice 39566 rendered in 17ms
2026-03-14T02:56:42Z,checkout,ERROR,healthz timeout after 2000ms
2026-03-14T02:56:48Z,checkout,ERROR,healthz timeout after 2000ms
2026-03-14T02:56:54Z,checkout,ERROR,healthz timeout after 2000ms
2026-03-14T02:56:56Z,orders,INFO,inventory check 70154 passed
2026-03-14T02:56:59Z,billing,INFO,subscription 86410 renewed
2026-03-14T02:57:00Z,checkout,ERROR,healthz timeout after 2000ms
2026-03-14T02:57:06Z,checkout,ERROR,healthz timeout after 2000ms
2026-03-14T02:57:09Z,postgres,INFO,replication lag 228ms
2026-03-14T02:57:12Z,checkout,ERROR,healthz timeout after 2000ms
2026-03-14T02:57:17Z,checkout,INFO,cart 44373 abandoned after 126ms
2026-03-14T02:57:18Z,checkout,ERROR,healthz timeout after 2000ms
2026-03-14T02:57:18Z,orders,INFO,inventory check 4903 passed
2026-03-14T02:57:24Z,auth,INFO,token issued for session 38852
2026-03-14T02:57:24Z,checkout,ERROR,healthz timeout after 2000ms
2026-03-14T02:57:24Z,orders,INFO,order 97230 dispatched in 170ms
2026-03-14T02:57:30Z,checkout,ERROR,healthz timeout after 2000ms
2026-03-14T02:57:36Z,checkout,ERROR,healthz timeout after 2000ms
2026-03-14T02:57:42Z,checkout,ERROR,healthz timeout after 2000ms
2026-03-14T02:57:43Z,search,INFO,"suggest cache warm, 91903 entries"
2026-03-14T02:57:46Z,billing,INFO,credit note 12114 issued
2026-03-14T02:57:47Z,postgres,INFO,replication lag 120ms
2026-03-14T02:57:48Z,checkout,ERROR,healthz timeout after 2000ms
2026-03-14T02:57:49Z,billing,INFO,subscription 54429 renewed
2026-03-14T02:57:51Z,postgres,INFO,replication lag 85ms
2026-03-14T02:57:51Z,search,INFO,index segment 65752 merged
2026-03-14T02:57:54Z,checkout,ERROR,healthz timeout after 2000ms
2026-03-14T02:57:58Z,orders,INFO,order 49845 invoiced
2026-03-14T02:58:00Z,checkout,ERROR,healthz timeout after 2000ms
2026-03-14T02:58:03Z,search,INFO,"suggest cache warm, 20380 entries"
2026-03-14T02:58:06Z,checkout,ERROR,healthz timeout after 2000ms
2026-03-14T02:58:12Z,billing,INFO,credit note 31118 issued
2026-03-14T02:58:12Z,checkout,ERROR,healthz timeout after 2000ms
2026-03-14T02:58:18Z,checkout,ERROR,healthz timeout after 2000ms
2026-03-14T02:58:24Z,checkout,ERROR,healthz timeout after 2000ms
2026-03-14T02:58:25Z,postgres,INFO,autovacuum finished on table 58180
2026-03-14T02:58:26Z,auth,INFO,session 12756 refreshed
2026-03-14T02:58:29Z,postgres,INFO,autovacuum finished on table 44327
2026-03-14T02:58:30Z,checkout,ERROR,healthz timeout after 2000ms
2026-03-14T02:58:36Z,checkout,ERROR,healthz timeout after 2000ms
2026-03-14T02:58:42Z,checkout,ERROR,healthz timeout after 2000ms
2026-03-14T02:58:46Z,orders,INFO,inventory check 23258 passed
2026-03-14T02:58:48Z,auth,INFO,login succeeded in 141ms
2026-03-14T02:58:48Z,checkout,ERROR,healthz timeout after 2000ms
2026-03-14T02:58:54Z,checkout,ERROR,healthz timeout after 2000ms
2026-03-14T02:59:00Z,checkout,ERROR,healthz timeout after 2000ms
2026-03-14T02:59:02Z,checkout,INFO,session 50763 started
2026-03-14T02:59:03Z,orders,INFO,inventory check 14252 passed
2026-03-14T02:59:06Z,checkout,ERROR,healthz timeout after 2000ms
2026-03-14T02:59:12Z,checkout,ERROR,healthz timeout after 2000ms
2026-03-14T02:59:18Z,checkout,ERROR,healthz timeout after 2000ms
2026-03-14T02:59:23Z,search,INFO,index segment 14044 merged
2026-03-14T02:59:24Z,checkout,ERROR,healthz timeout after 2000ms
2026-03-14T02:59:29Z,billing,INFO,invoice 74302 rendered in 203ms
2026-03-14T02:59:30Z,checkout,ERROR,healthz timeout after 2000ms
2026-03-14T02:59:33Z,auth,INFO,session 65133 refreshed
2026-03-14T02:59:36Z,checkout,ERROR,healthz timeout after 2000ms
2026-03-14T02:59:41Z,payments,INFO,webhook 64979 acknowledged
2026-03-14T02:59:43Z,auth,INFO,session 58382 refreshed
2026-03-14T02:59:44Z,checkout,INFO,payment intent 83598 created
2026-03-14T02:59:45Z,billing,INFO,credit note 37466 issued
2026-03-14T02:59:48Z,auth,INFO,login succeeded in 167ms
2026-03-14T02:59:58Z,deploy,INFO,pipeline 15220 green
2026-03-14T02:59:59Z,billing,INFO,dunning run 92567 complete
2026-03-14T03:00:00Z,payments,INFO,settlement batch 93051 queued
2026-03-14T03:00:06Z,postgres,INFO,"checkpoint complete, 34029 buffers written"
2026-03-14T03:00:08Z,orders,INFO,inventory check 90639 passed
2026-03-14T03:00:17Z,checkout,INFO,payment intent 67946 created
2026-03-14T03:00:23Z,checkout,INFO,payment intent 85576 created
2026-03-14T03:00:40Z,orders,INFO,order 69889 accepted
2026-03-14T03:00:45Z,billing,INFO,credit note 29943 issued
2026-03-14T03:00:48Z,billing,INFO,subscription 82009 renewed
2026-03-14T03:00:48Z,search,INFO,query 84665 served in 194ms
2026-03-14T03:00:50Z,search,INFO,query 58284 served in 300ms
2026-03-14T03:00:52Z,orders,INFO,order 39263 invoiced
2026-03-14T03:01:04Z,auth,INFO,session 55128 refreshed
2026-03-14T03:01:07Z,billing,INFO,dunning run 18474 complete
2026-03-14T03:01:26Z,checkout,INFO,payment intent 44161 created
2026-03-14T03:01:26Z,checkout,INFO,session 23767 started
2026-03-14T03:01:33Z,billing,INFO,credit note 4635 issued
2026-03-14T03:01:38Z,postgres,INFO,replication lag 20ms
2026-03-14T03:01:43Z,search,INFO,query 77731 served in 102ms
2026-03-14T03:01:45Z,auth,INFO,login succeeded in 123ms
2026-03-14T03:01:47Z,auth,INFO,token issued for session 84842
2026-03-14T03:01:54Z,orders,INFO,inventory check 81077 passed
2026-03-14T03:01:54Z,postgres,INFO,replication lag 294ms
2026-03-14T03:01:55Z,checkout,INFO,cart 69207 converted in 135ms
2026-03-14T03:02:05Z,orders,INFO,order 6995 dispatched in 129ms
2026-03-14T03:02:17Z,orders,INFO,inventory check 9600 passed
2026-03-14T03:02:27Z,payments,INFO,webhook 14835 acknowledged
2026-03-14T03:02:28Z,auth,INFO,session 38810 refreshed
2026-03-14T03:02:35Z,orders,INFO,order 37355 invoiced
2026-03-14T03:02:38Z,auth,INFO,logout for session 63420
2026-03-14T03:02:43Z,postgres,INFO,replication lag 284ms
2026-03-14T03:02:46Z,search,INFO,query 61665 served in 182ms
2026-03-14T03:02:52Z,postgres,INFO,connection 9051 authorised
2026-03-14T03:02:54Z,postgres,INFO,"checkpoint complete, 56857 buffers written"
2026-03-14T03:02:59Z,postgres,INFO,connection 21898 authorised
2026-03-14T03:03:08Z,deploy,INFO,pipeline 88991 green
2026-03-14T03:03:19Z,checkout,INFO,cart 45219 abandoned after 28ms
2026-03-14T03:03:25Z,orders,INFO,order 48597 accepted
2026-03-14T03:03:30Z,checkout,INFO,cart 7221 converted in 179ms
2026-03-14T03:03:43Z,payments,INFO,charge 99958 authorised in 13ms
2026-03-14T03:03:48Z,checkout,INFO,session 41148 started
2026-03-14T03:03:53Z,orders,INFO,order 19365 dispatched in 4ms
2026-03-14T03:03:54Z,payments,INFO,charge 30013 authorised in 120ms
2026-03-14T03:04:03Z,payments,INFO,charge 90669 authorised in 76ms
2026-03-14T03:04:09Z,auth,INFO,login succeeded in 12ms
2026-03-14T03:04:22Z,checkout,INFO,payment intent 44788 created
2026-03-14T03:04:28Z,billing,INFO,credit note 90229 issued
2026-03-14T03:04:33Z,billing,INFO,invoice 70480 rendered in 117ms
2026-03-14T03:04:42Z,search,INFO,query 7365 served in 284ms
2026-03-14T03:04:57Z,postgres,INFO,autovacuum finished on table 56369
2026-03-14T03:05:01Z,search,INFO,index segment 30250 merged
2026-03-14T03:05:06Z,postgres,INFO,replication lag 143ms
2026-03-14T03:05:22Z,orders,INFO,inventory check 81091 passed
2026-03-14T03:05:33Z,payments,INFO,refund 43604 completed
2026-03-14T03:05:40Z,billing,INFO,subscription 26101 renewed
2026-03-14T03:05:43Z,checkout,INFO,cart 13569 converted in 194ms
2026-03-14T03:05:46Z,payments,INFO,refund 46267 completed
2026-03-14T03:05:53Z,auth,INFO,logout for session 63986
2026-03-14T03:05:57Z,billing,INFO,invoice 59698 rendered in 34ms
2026-03-14T03:06:16Z,orders,INFO,order 70985 accepted
2026-03-14T03:06:17Z,search,INFO,query 77066 served in 299ms
2026-03-14T03:06:20Z,checkout,INFO,cart 99662 converted in 185ms
2026-03-14T03:06:20Z,postgres,INFO,replication lag 140ms
2026-03-14T03:06:25Z,postgres,INFO,connection 75845 authorised
2026-03-14T03:06:27Z,checkout,INFO,payment intent 42074 created
2026-03-14T03:06:30Z,auth,INFO,token issued for session 19798
2026-03-14T03:06:31Z,orders,INFO,inventory check 10874 passed
2026-03-14T03:06:48Z,auth,INFO,token issued for session 41425
2026-03-14T03:06:59Z,postgres,INFO,connection 22837 authorised
2026-03-14T03:07:00Z,payments,INFO,charge 67640 authorised in 273ms
2026-03-14T03:07:01Z,payments,INFO,settlement batch 5361 queued
2026-03-14T03:07:07Z,billing,INFO,subscription 2935 renewed
2026-03-14T03:07:12Z,deploy,INFO,artefact 99924 published
2026-03-14T03:07:17Z,checkout,INFO,cart 63263 abandoned after 283ms
2026-03-14T03:07:20Z,billing,INFO,dunning run 23586 complete
2026-03-14T03:07:21Z,search,INFO,query 7963 served in 146ms
2026-03-14T03:07:38Z,postgres,INFO,"checkpoint complete, 43589 buffers written"
2026-03-14T03:07:40Z,billing,INFO,invoice 25077 rendered in 177ms
2026-03-14T03:07:41Z,orders,INFO,order 77924 accepted
2026-03-14T03:07:42Z,orders,INFO,order 99460 invoiced
2026-03-14T03:07:46Z,orders,INFO,order 97411 accepted
2026-03-14T03:07:46Z,search,INFO,index segment 82401 merged
2026-03-14T03:07:48Z,payments,INFO,refund 82735 completed
2026-03-14T03:07:50Z,payments,INFO,charge 79801 authorised in 313ms
2026-03-14T03:07:52Z,billing,INFO,credit note 38933 issued
2026-03-14T03:08:05Z,search,INFO,query 98629 served in 15ms
2026-03-14T03:08:10Z,auth,INFO,token issued for session 74050
2026-03-14T03:08:12Z,orders,INFO,order 81007 dispatched in 179ms
2026-03-14T03:08:15Z,postgres,INFO,replication lag 105ms
2026-03-14T03:08:16Z,payments,INFO,settlement batch 99258 queued
2026-03-14T03:08:17Z,search,INFO,index segment 62776 merged
2026-03-14T03:08:18Z,checkout,INFO,session 85049 started
2026-03-14T03:08:20Z,search,INFO,index segment 4014 merged
2026-03-14T03:08:26Z,deploy,INFO,canary 54218 healthy
2026-03-14T03:08:27Z,auth,INFO,login succeeded in 292ms
2026-03-14T03:08:36Z,checkout,INFO,session 82839 started
2026-03-14T03:08:38Z,checkout,INFO,payment intent 43732 created
2026-03-14T03:08:47Z,orders,INFO,order 15029 dispatched in 240ms
2026-03-14T03:08:51Z,auth,INFO,session 41756 refreshed
2026-03-14T03:08:53Z,auth,INFO,session 67820 refreshed
2026-03-14T03:08:57Z,postgres,INFO,"checkpoint complete, 46714 buffers written"
2026-03-14T03:09:02Z,postgres,INFO,connection 52485 authorised
2026-03-14T03:09:12Z,checkout,INFO,cart 41818 converted in 125ms
2026-03-14T03:09:34Z,billing,INFO,subscription 58868 renewed
2026-03-14T03:09:37Z,payments,INFO,webhook 25105 acknowledged
2026-03-14T03:09:38Z,search,INFO,query 40561 served in 44ms
2026-03-14T03:09:40Z,search,INFO,index segment 88723 merged
2026-03-14T03:09:49Z,checkout,INFO,cart 74681 abandoned after 248ms
2026-03-14T03:10:01Z,checkout,INFO,payment intent 58756 created
2026-03-14T03:10:04Z,payments,INFO,webhook 68581 acknowledged
2026-03-14T03:10:14Z,search,INFO,"suggest cache warm, 13274 entries"
2026-03-14T03:10:16Z,payments,INFO,refund 80301 completed
2026-03-14T03:10:17Z,billing,INFO,invoice 55584 rendered in 261ms
2026-03-14T03:10:24Z,payments,INFO,settlement batch 44381 queued
2026-03-14T03:10:25Z,auth,INFO,login succeeded in 158ms
2026-03-14T03:10:26Z,search,INFO,query 31792 served in 267ms
2026-03-14T03:10:29Z,search,INFO,query 11938 served in 168ms
2026-03-14T03:10:32Z,orders,INFO,inventory check 98368 passed
2026-03-14T03:10:35Z,search,INFO,index segment 73765 merged
2026-03-14T03:10:52Z,postgres,INFO,"checkpoint complete, 85100 buffers written"
2026-03-14T03:11:02Z,checkout,INFO,cart 54729 abandoned after 278ms
2026-03-14T03:11:04Z,checkout,INFO,session 95814 started
2026-03-14T03:11:05Z,billing,INFO,credit note 2127 issued
2026-03-14T03:11:05Z,search,INFO,query 11871 served in 121ms
2026-03-14T03:11:11Z,checkout,INFO,session 45335 started
2026-03-14T03:11:19Z,auth,INFO,login succeeded in 179ms
2026-03-14T03:11:19Z,postgres,INFO,connection 13520 authorised
2026-03-14T03:11:20Z,postgres,INFO,connection 15159 authorised
2026-03-14T03:11:26Z,payments,INFO,settlement batch 1089 queued
2026-03-14T03:11:40Z,payments,INFO,settlement batch 28229 queued
2026-03-14T03:11:47Z,auth,INFO,logout for session 23627
2026-03-14T03:11:48Z,billing,INFO,invoice 22923 rendered in 303ms
2026-03-14T03:11:51Z,billing,INFO,credit note 8178 issued
2026-03-14T03:12:01Z,postgres,INFO,connection 42285 authorised
2026-03-14T03:12:06Z,orders,INFO,order 4075 invoiced
2026-03-14T03:12:28Z,orders,INFO,inventory check 70145 passed
2026-03-14T03:12:38Z,postgres,INFO,"checkpoint complete, 94789 buffers written"
2026-03-14T03:12:39Z,billing,INFO,credit note 91760 issued
2026-03-14T03:12:44Z,checkout,INFO,payment intent 75185 created
2026-03-14T03:12:46Z,billing,INFO,subscription 75509 renewed
2026-03-14T03:12:48Z,auth,INFO,logout for session 64932
2026-03-14T03:13:00Z,orders,INFO,order 89304 accepted
2026-03-14T03:13:00Z,payments,INFO,webhook 43839 acknowledged
2026-03-14T03:13:05Z,orders,INFO,order 21234 dispatched in 316ms
2026-03-14T03:13:06Z,orders,INFO,order 14606 accepted
2026-03-14T03:13:09Z,search,INFO,index segment 65795 merged
2026-03-14T03:13:20Z,billing,INFO,credit note 55174 issued
2026-03-14T03:13:23Z,orders,INFO,order 71636 invoiced
2026-03-14T03:13:29Z,postgres,INFO,"checkpoint complete, 79675 buffers written"
2026-03-14T03:13:48Z,orders,INFO,order 87356 accepted
2026-03-14T03:13:49Z,billing,INFO,credit note 94070 issued
2026-03-14T03:13:49Z,billing,INFO,subscription 43848 renewed
2026-03-14T03:13:58Z,checkout,INFO,cart 75306 abandoned after 134ms
2026-03-14T03:13:59Z,auth,INFO,token issued for session 82434
2026-03-14T03:14:03Z,payments,INFO,charge 1629 authorised in 308ms
2026-03-14T03:14:08Z,orders,INFO,order 72342 invoiced
2026-03-14T03:14:24Z,auth,INFO,token issued for session 22697
2026-03-14T03:14:28Z,checkout,INFO,session 39770 started
2026-03-14T03:14:35Z,search,INFO,index segment 5777 merged
2026-03-14T03:14:45Z,payments,INFO,settlement batch 98531 queued
2026-03-14T03:14:58Z,payments,INFO,settlement batch 61003 queued
2026-03-14T03:15:02Z,postgres,INFO,replication lag 15ms
2026-03-14T03:15:17Z,billing,INFO,dunning run 34630 complete
2026-03-14T03:15:23Z,postgres,INFO,"checkpoint complete, 45846 buffers written"
2026-03-14T03:15:27Z,payments,INFO,refund 76536 completed
2026-03-14T03:15:32Z,search,INFO,query 62752 served in 117ms
2026-03-14T03:15:49Z,billing,INFO,dunning run 61341 complete
2026-03-14T03:15:51Z,search,INFO,query 90210 served in 256ms
2026-03-14T03:15:56Z,auth,INFO,logout for session 38359
2026-03-14T03:15:57Z,orders,INFO,order 83206 dispatched in 14ms
2026-03-14T03:16:02Z,auth,WARN,certificate for auth.internal expires in 47 hours
2026-03-14T03:16:03Z,auth,INFO,certificate renewal job last succeeded 62 days ago
2026-03-14T03:16:03Z,payments,INFO,charge 75138 authorised in 145ms
2026-03-14T03:16:18Z,checkout,INFO,session 20191 started
2026-03-14T03:16:19Z,search,INFO,query 64763 served in 79ms
2026-03-14T03:16:22Z,checkout,INFO,cart 36187 converted in 211ms
2026-03-14T03:16:30Z,payments,INFO,charge 81850 authorised in 163ms
2026-03-14T03:16:32Z,postgres,INFO,connection 59482 authorised
2026-03-14T03:16:36Z,billing,INFO,invoice 3919 rendered in 69ms
2026-03-14T03:16:41Z,checkout,INFO,session 74411 started
2026-03-14T03:16:42Z,search,INFO,index segment 79513 merged
2026-03-14T03:16:48Z,search,INFO,index segment 88716 merged
2026-03-14T03:16:53Z,auth,INFO,logout for session 9842
2026-03-14T03:17:13Z,payments,INFO,refund 49977 completed
2026-03-14T03:17:14Z,deploy,INFO,artefact 81550 published
2026-03-14T03:17:21Z,postgres,INFO,"checkpoint complete, 43298 buffers written"
2026-03-14T03:17:22Z,search,INFO,index segment 87202 merged
2026-03-14T03:17:26Z,billing,INFO,credit note 61255 issued
2026-03-14T03:17:27Z,payments,INFO,refund 11552 completed
2026-03-14T03:17:28Z,billing,INFO,credit note 61323 issued
2026-03-14T03:17:38Z,postgres,INFO,connection 39739 authorised
2026-03-14T03:17:44Z,checkout,INFO,payment intent 53681 created
2026-03-14T03:17:50Z,orders,INFO,order 70635 accepted
2026-03-14T03:17:52Z,search,INFO,query 84408 served in 228ms
2026-03-14T03:17:58Z,postgres,INFO,autovacuum finished on table 87779
2026-03-14T03:18:10Z,auth,INFO,logout for session 97177
2026-03-14T03:18:14Z,deploy,INFO,artefact 45820 published
2026-03-14T03:18:14Z,search,INFO,query 71668 served in 195ms
2026-03-14T03:18:17Z,auth,INFO,logout for session 23259
2026-03-14T03:18:19Z,orders,INFO,inventory check 94032 passed
2026-03-14T03:18:30Z,postgres,INFO,connection 34078 authorised
2026-03-14T03:18:38Z,checkout,INFO,cart 44674 abandoned after 110ms
2026-03-14T03:18:39Z,search,INFO,index segment 45222 merged
2026-03-14T03:18:43Z,orders,INFO,inventory check 61806 passed
2026-03-14T03:18:49Z,auth,INFO,logout for session 39478
2026-03-14T03:18:58Z,deploy,WARN,canary 26369 restarted once before becoming healthy
2026-03-14T03:19:00Z,billing,INFO,dunning run 65056 complete
2026-03-14T03:19:08Z,postgres,INFO,autovacuum finished on table 24038
2026-03-14T03:19:22Z,postgres,INFO,autovacuum finished on table 5651
2026-03-14T03:19:23Z,payments,INFO,settlement batch 88142 queued
2026-03-14T03:19:25Z,orders,INFO,order 83221 accepted
2026-03-14T03:19:33Z,checkout,INFO,cart 76236 abandoned after 87ms
2026-03-14T03:19:43Z,payments,INFO,settlement batch 82557 queued
2026-03-14T03:20:00Z,postgres,INFO,connection 61689 authorised
2026-03-14T03:20:03Z,billing,INFO,credit note 62161 issued
2026-03-14T03:20:09Z,billing,INFO,credit note 66270 issued
2026-03-14T03:20:35Z,orders,INFO,order 23179 invoiced
2026-03-14T03:20:36Z,checkout,INFO,session 60022 started
2026-03-14T03:20:46Z,payments,INFO,webhook 54652 acknowledged
2026-03-14T03:21:02Z,auth,WARN,certificate for auth.internal expires in 42 hours
2026-03-14T03:21:03Z,auth,INFO,certificate renewal job last succeeded 63 days ago
2026-03-14T03:21:09Z,postgres,INFO,connection 88947 authorised
2026-03-14T03:21:19Z,orders,INFO,order 83908 dispatched in 161ms
2026-03-14T03:21:27Z,auth,INFO,token issued for session 49821
2026-03-14T03:21:32Z,postgres,INFO,replication lag 113ms
2026-03-14T03:21:35Z,auth,INFO,login succeeded in 212ms
2026-03-14T03:21:35Z,auth,INFO,token issued for session 46005
2026-03-14T03:21:55Z,auth,INFO,session 4246 refreshed
2026-03-14T03:21:59Z,search,INFO,query 14966 served in 174ms
2026-03-14T03:22:11Z,auth,INFO,login succeeded in 146ms
2026-03-14T03:22:11Z,payments,INFO,refund 72739 completed
2026-03-14T03:22:18Z,orders,INFO,order 30102 invoiced
2026-03-14T03:22:26Z,billing,INFO,invoice 52916 rendered in 48ms
2026-03-14T03:22:37Z,auth,INFO,logout for session 75580
2026-03-14T03:22:39Z,checkout,INFO,session 11233 started
2026-03-14T03:22:57Z,checkout,INFO,session 37050 started
2026-03-14T03:23:13Z,postgres,INFO,"checkpoint complete, 47033 buffers written"
2026-03-14T03:23:25Z,postgres,INFO,replication lag 282ms
2026-03-14T03:23:30Z,billing,INFO,credit note 34463 issued
2026-03-14T03:23:34Z,orders,INFO,order 50178 dispatched in 230ms
2026-03-14T03:23:35Z,search,INFO,query 59567 served in 39ms
2026-03-14T03:23:36Z,payments,INFO,settlement batch 20438 queued
2026-03-14T03:23:37Z,billing,INFO,dunning run 69199 complete
2026-03-14T03:23:40Z,billing,INFO,subscription 89591 renewed
2026-03-14T03:23:40Z,payments,INFO,refund 38984 completed
2026-03-14T03:23:44Z,checkout,INFO,session 7268 started
2026-03-14T03:23:49Z,checkout,INFO,payment intent 82200 created
2026-03-14T03:23:50Z,search,INFO,query 78620 served in 156ms
2026-03-14T03:23:51Z,billing,INFO,subscription 78201 renewed
2026-03-14T03:24:08Z,search,INFO,"suggest cache warm, 12409 entries"
2026-03-14T03:24:11Z,orders,INFO,order 82186 invoiced
2026-03-14T03:24:17Z,payments,INFO,charge 38374 authorised in 203ms
2026-03-14T03:24:22Z,checkout,INFO,session 95806 started
2026-03-14T03:24:23Z,postgres,INFO,"checkpoint complete, 72894 buffers written"
2026-03-14T03:24:29Z,search,INFO,index segment 10527 merged
2026-03-14T03:24:36Z,checkout,INFO,session 20427 started
2026-03-14T03:25:01Z,orders,INFO,inventory check 26188 passed
2026-03-14T03:25:04Z,auth,INFO,logout for session 53102
2026-03-14T03:25:11Z,orders,INFO,inventory check 99591 passed
2026-03-14T03:25:28Z,orders,INFO,inventory check 26346 passed
2026-03-14T03:25:37Z,orders,INFO,order 62395 invoiced
2026-03-14T03:25:39Z,search,INFO,query 37258 served in 120ms
2026-03-14T03:25:39Z,search,INFO,"suggest cache warm, 55017 entries"
2026-03-14T03:25:57Z,billing,INFO,invoice 81388 rendered in 316ms
2026-03-14T03:26:08Z,postgres,INFO,"checkpoint complete, 93020 buffers written"
2026-03-14T03:26:28Z,checkout,INFO,cart 40159 abandoned after 28ms
2026-03-14T03:26:42Z,payments,INFO,settlement batch 34199 queued
2026-03-14T03:26:45Z,search,INFO,"suggest cache warm, 44809 entries"
2026-03-14T03:26:47Z,auth,INFO,token issued for session 99170
2026-03-14T03:26:48Z,billing,INFO,subscription 4846 renewed
2026-03-14T03:26:48Z,postgres,INFO,connection 89345 authorised
2026-03-14T03:26:53Z,search,INFO,query 99092 served in 124ms
2026-03-14T03:26:55Z,billing,INFO,subscription 48761 renewed
2026-03-14T03:27:09Z,billing,INFO,credit note 9022 issued
2026-03-14T03:27:19Z,orders,INFO,order 97429 dispatched in 21ms
2026-03-14T03:27:21Z,postgres,INFO,autovacuum finished on table 58746
2026-03-14T03:27:22Z,search,INFO,query 72181 served in 289ms
2026-03-14T03:27:42Z,payments,INFO,charge 5262 authorised in 35ms
2026-03-14T03:27:44Z,billing,INFO,dunning run 73763 complete
2026-03-14T03:27:49Z,postgres,INFO,autovacuum finished on table 6815
2026-03-14T03:28:02Z,orders,INFO,order 49895 dispatched in 230ms
2026-03-14T03:28:20Z,checkout,INFO,payment intent 55538 created
2026-03-14T03:28:33Z,postgres,INFO,"checkpoint complete, 88343 buffers written"
2026-03-14T03:28:35Z,deploy,INFO,pipeline 30581 green
2026-03-14T03:28:36Z,payments,INFO,charge 6252 authorised in 302ms
2026-03-14T03:28:40Z,orders,INFO,inventory check 62373 passed
2026-03-14T03:28:45Z,payments,INFO,settlement batch 38512 queued
2026-03-14T03:28:57Z,checkout,INFO,session 59120 started
2026-03-14T03:28:59Z,checkout,INFO,cart 38404 converted in 245ms
2026-03-14T03:29:00Z,orders,INFO,inventory check 96475 passed
2026-03-14T03:29:05Z,checkout,INFO,cart 17513 abandoned after 136ms
2026-03-14T03:29:08Z,payments,INFO,charge 97780 authorised in 76ms
2026-03-14T03:29:13Z,payments,INFO,refund 1110 completed
2026-03-14T03:29:24Z,billing,INFO,credit note 45178 issued
2026-03-14T03:29:29Z,orders,INFO,order 52790 dispatched in 171ms
2026-03-14T03:29:33Z,auth,INFO,logout for session 73260
2026-03-14T03:29:35Z,auth,INFO,token issued for session 66409
2026-03-14T03:29:45Z,auth,INFO,login succeeded in 248ms
2026-03-14T03:29:48Z,payments,INFO,settlement batch 49524 queued
2026-03-14T03:29:51Z,deploy,INFO,artefact 2748 published
2026-03-14T03:29:58Z,billing,INFO,subscription 35312 renewed
2026-03-14T03:30:00Z,checkout,INFO,payment intent 80433 created
2026-03-14T03:30:00Z,search,ERROR,"upstream 429, backing off 1s"
2026-03-14T03:30:06Z,search,ERROR,"upstream 429, backing off 2s"
2026-03-14T03:30:12Z,search,ERROR,"upstream 429, backing off 4s"
2026-03-14T03:30:14Z,orders,INFO,order 4919 invoiced
2026-03-14T03:30:18Z,search,ERROR,"upstream 429, backing off 8s"
2026-03-14T03:30:24Z,billing,INFO,dunning run 63747 complete
2026-03-14T03:30:24Z,billing,INFO,subscription 19100 renewed
2026-03-14T03:30:24Z,search,ERROR,"upstream 429, backing off 16s"
2026-03-14T03:30:28Z,billing,INFO,invoice 59540 rendered in 35ms
2026-03-14T03:30:30Z,search,ERROR,"upstream 429, backing off 32s"
2026-03-14T03:30:36Z,checkout,INFO,session 78142 started
2026-03-14T03:30:36Z,search,ERROR,"upstream 429, backing off 32s"
2026-03-14T03:30:37Z,checkout,INFO,cart 88484 abandoned after 265ms
2026-03-14T03:30:41Z,payments,INFO,settlement batch 89488 queued
2026-03-14T03:30:41Z,postgres,INFO,"checkpoint complete, 71202 buffers written"
2026-03-14T03:30:42Z,search,ERROR,"upstream 429, backing off 32s"
2026-03-14T03:30:46Z,payments,INFO,webhook 38009 acknowledged
2026-03-14T03:30:47Z,orders,INFO,inventory check 51693 passed
2026-03-14T03:30:48Z,postgres,INFO,replication lag 100ms
2026-03-14T03:30:48Z,search,ERROR,"upstream 429, backing off 32s"
2026-03-14T03:30:53Z,billing,INFO,invoice 69041 rendered in 304ms
2026-03-14T03:30:54Z,search,ERROR,"upstream 429, backing off 32s"
2026-03-14T03:31:00Z,auth,INFO,token issued for session 54021
2026-03-14T03:31:00Z,search,ERROR,"upstream 429, backing off 32s"
2026-03-14T03:31:01Z,auth,INFO,token issued for session 59964
2026-03-14T03:31:02Z,postgres,INFO,"checkpoint complete, 38923 buffers written"
2026-03-14T03:31:05Z,payments,INFO,settlement batch 75381 queued
2026-03-14T03:31:06Z,search,ERROR,"upstream 429, backing off 32s"
2026-03-14T03:31:12Z,search,ERROR,"upstream 429, backing off 32s"
2026-03-14T03:31:14Z,payments,INFO,settlement batch 44172 queued
2026-03-14T03:31:18Z,auth,INFO,logout for session 84483
2026-03-14T03:31:18Z,search,ERROR,"upstream 429, backing off 32s"
2026-03-14T03:31:19Z,orders,INFO,order 94781 accepted
2026-03-14T03:31:24Z,search,ERROR,"upstream 429, backing off 32s"
2026-03-14T03:31:30Z,search,ERROR,"upstream 429, backing off 32s"
2026-03-14T03:31:33Z,checkout,INFO,payment intent 95604 created
2026-03-14T03:31:34Z,deploy,INFO,canary 67944 healthy
2026-03-14T03:31:34Z,search,INFO,"suggest cache warm, 75246 entries"
2026-03-14T03:31:36Z,postgres,INFO,connection 10463 authorised
2026-03-14T03:31:36Z,search,ERROR,"upstream 429, backing off 32s"
2026-03-14T03:31:40Z,search,INFO,query 43457 served in 245ms
2026-03-14T03:31:41Z,postgres,INFO,replication lag 214ms
2026-03-14T03:31:42Z,search,ERROR,"upstream 429, backing off 32s"
2026-03-14T03:31:48Z,billing,INFO,credit note 10290 issued
2026-03-14T03:31:48Z,checkout,INFO,session 32790 started
2026-03-14T03:31:48Z,search,ERROR,"upstream 429, backing off 32s"
2026-03-14T03:31:53Z,orders,INFO,order 65316 accepted
2026-03-14T03:31:54Z,search,ERROR,"upstream 429, backing off 32s"
2026-03-14T03:32:00Z,search,ERROR,"upstream 429, backing off 32s"
2026-03-14T03:32:06Z,search,ERROR,"upstream 429, backing off 32s"
2026-03-14T03:32:10Z,search,INFO,query 34539 served in 122ms
2026-03-14T03:32:11Z,auth,INFO,session 84918 refreshed
2026-03-14T03:32:12Z,search,INFO,query 23428 served in 122ms
2026-03-14T03:32:12Z,search,ERROR,"upstream 429, backing off 32s"
2026-03-14T03:32:15Z,billing,INFO,subscription 53200 renewed
2026-03-14T03:32:18Z,search,ERROR,"upstream 429, backing off 32s"
2026-03-14T03:32:22Z,postgres,INFO,replication lag 45ms
2026-03-14T03:32:24Z,orders,INFO,order 60282 dispatched in 45ms
2026-03-14T03:32:24Z,search,ERROR,"upstream 429, backing off 32s"
2026-03-14T03:32:29Z,deploy,INFO,pipeline 69486 green
2026-03-14T03:32:30Z,search,ERROR,"upstream 429, backing off 32s"
2026-03-14T03:32:36Z,search,ERROR,"upstream 429, backing off 32s"
2026-03-14T03:32:42Z,search,ERROR,"upstream 429, backing off 32s"
2026-03-14T03:32:43Z,payments,INFO,settlement batch 67783 queued
2026-03-14T03:32:47Z,postgres,INFO,"checkpoint complete, 80119 buffers written"
2026-03-14T03:32:48Z,search,ERROR,"upstream 429, backing off 32s"
2026-03-14T03:32:49Z,payments,INFO,refund 3175 completed
2026-03-14T03:32:53Z,checkout,INFO,payment intent 56212 created
2026-03-14T03:32:54Z,billing,INFO,dunning run 36410 complete
2026-03-14T03:32:54Z,search,ERROR,"upstream 429, backing off 32s"
2026-03-14T03:32:56Z,orders,INFO,order 72855 dispatched in 176ms
2026-03-14T03:33:00Z,search,ERROR,"upstream 429, backing off 32s"
2026-03-14T03:33:05Z,auth,INFO,session 6555 refreshed
2026-03-14T03:33:06Z,search,ERROR,"upstream 429, backing off 32s"
2026-03-14T03:33:07Z,auth,INFO,logout for session 90542
2026-03-14T03:33:08Z,checkout,INFO,cart 14568 converted in 180ms
2026-03-14T03:33:09Z,orders,INFO,inventory check 4845 passed
2026-03-14T03:33:12Z,search,ERROR,"upstream 429, backing off 32s"
2026-03-14T03:33:18Z,search,ERROR,"upstream 429, backing off 32s"
2026-03-14T03:33:24Z,search,ERROR,"upstream 429, backing off 32s"
2026-03-14T03:33:27Z,orders,WARN,inventory check 70053 took 1261ms
2026-03-14T03:33:30Z,search,INFO,query 38569 served in 310ms
2026-03-14T03:33:30Z,search,ERROR,"upstream 429, backing off 32s"
2026-03-14T03:33:33Z,billing,INFO,dunning run 46370 complete
2026-03-14T03:33:36Z,search,ERROR,"upstream 429, backing off 32s"
2026-03-14T03:33:41Z,billing,INFO,credit note 58379 issued
2026-03-14T03:33:42Z,search,ERROR,"upstream 429, backing off 32s"
2026-03-14T03:33:44Z,checkout,INFO,payment intent 68048 created
2026-03-14T03:33:48Z,search,ERROR,"upstream 429, backing off 32s"
2026-03-14T03:33:54Z,search,ERROR,"upstream 429, backing off 32s"
2026-03-14T03:33:57Z,checkout,INFO,payment intent 17382 created
2026-03-14T03:34:00Z,search,ERROR,"upstream 429, backing off 32s"
2026-03-14T03:34:06Z,search,ERROR,"upstream 429, backing off 32s"
2026-03-14T03:34:07Z,search,INFO,index segment 45609 merged
2026-03-14T03:34:12Z,search,ERROR,"upstream 429, backing off 32s"
2026-03-14T03:34:16Z,auth,INFO,session 38817 refreshed
2026-03-14T03:34:18Z,search,ERROR,"upstream 429, backing off 32s"
2026-03-14T03:34:23Z,orders,INFO,inventory check 63319 passed
2026-03-14T03:34:24Z,search,ERROR,"upstream 429, backing off 32s"
2026-03-14T03:34:30Z,search,ERROR,"upstream 429, backing off 32s"
2026-03-14T03:34:36Z,search,ERROR,"upstream 429, backing off 32s"
2026-03-14T03:34:42Z,search,ERROR,"upstream 429, backing off 32s"
2026-03-14T03:35:00Z,search,ERROR,"upstream 429, backing off 1s"
2026-03-14T03:35:05Z,search,INFO,query 60929 served in 228ms
2026-03-14T03:35:06Z,search,ERROR,"upstream 429, backing off 2s"
2026-03-14T03:35:12Z,search,ERROR,"upstream 429, backing off 4s"
2026-03-14T03:35:18Z,search,ERROR,"upstream 429, backing off 8s"
2026-03-14T03:35:19Z,search,INFO,"suggest cache warm, 15350 entries"
2026-03-14T03:35:21Z,billing,INFO,invoice 66633 rendered in 137ms
2026-03-14T03:35:22Z,checkout,INFO,cart 18419 converted in 305ms
2026-03-14T03:35:24Z,search,ERROR,"upstream 429, backing off 16s"
2026-03-14T03:35:28Z,auth,INFO,token issued for session 89940
2026-03-14T03:35:30Z,search,ERROR,"upstream 429, backing off 32s"
2026-03-14T03:35:34Z,auth,INFO,session 21578 refreshed
2026-03-14T03:35:34Z,checkout,INFO,cart 44050 converted in 35ms
2026-03-14T03:35:36Z,auth,INFO,logout for session 81865
2026-03-14T03:35:36Z,search,ERROR,"upstream 429, backing off 32s"
2026-03-14T03:35:37Z,billing,INFO,dunning run 18071 complete
2026-03-14T03:35:41Z,checkout,INFO,cart 58948 converted in 103ms
2026-03-14T03:35:42Z,search,ERROR,"upstream 429, backing off 32s"
2026-03-14T03:35:46Z,auth,INFO,login succeeded in 140ms
2026-03-14T03:35:48Z,search,INFO,query 2110 served in 103ms
2026-03-14T03:35:48Z,search,ERROR,"upstream 429, backing off 32s"
2026-03-14T03:35:54Z,search,ERROR,"upstream 429, backing off 32s"
2026-03-14T03:35:56Z,orders,INFO,order 50428 accepted
2026-03-14T03:36:00Z,postgres,INFO,replication lag 48ms
2026-03-14T03:36:00Z,search,ERROR,"upstream 429, backing off 32s"
2026-03-14T03:36:06Z,search,ERROR,"upstream 429, backing off 32s"
2026-03-14T03:36:07Z,billing,INFO,credit note 78554 issued
2026-03-14T03:36:12Z,search,ERROR,"upstream 429, backing off 32s"
2026-03-14T03:36:18Z,search,ERROR,"upstream 429, backing off 32s"
2026-03-14T03:36:20Z,payments,INFO,refund 70435 completed
2026-03-14T03:36:24Z,search,ERROR,"upstream 429, backing off 32s"
2026-03-14T03:36:25Z,checkout,INFO,cart 24683 converted in 87ms
2026-03-14T03:36:29Z,auth,INFO,session 74957 refreshed
2026-03-14T03:36:30Z,search,ERROR,"upstream 429, backing off 32s"
2026-03-14T03:36:35Z,payments,INFO,refund 41917 completed
2026-03-14T03:36:36Z,search,ERROR,"upstream 429, backing off 32s"
2026-03-14T03:36:40Z,orders,INFO,order 23772 dispatched in 288ms
2026-03-14T03:36:41Z,billing,INFO,invoice 23664 rendered in 124ms
2026-03-14T03:36:42Z,search,ERROR,"upstream 429, backing off 32s"
2026-03-14T03:36:43Z,payments,INFO,settlement batch 92595 queued
2026-03-14T03:36:47Z,postgres,INFO,"checkpoint complete, 5717 buffers written"
2026-03-14T03:36:48Z,search,ERROR,"upstream 429, backing off 32s"
2026-03-14T03:36:54Z,search,ERROR,"upstream 429, backing off 32s"
2026-03-14T03:36:58Z,billing,INFO,credit note 14957 issued
2026-03-14T03:37:00Z,search,ERROR,"upstream 429, backing off 32s"
2026-03-14T03:37:04Z,auth,INFO,logout for session 8427
2026-03-14T03:37:06Z,search,ERROR,"upstream 429, backing off 32s"
2026-03-14T03:37:10Z,billing,INFO,dunning run 6946 complete
2026-03-14T03:37:12Z,search,ERROR,"upstream 429, backing off 32s"
2026-03-14T03:37:16Z,postgres,INFO,replication lag 112ms
2026-03-14T03:37:16Z,postgres,INFO,replication lag 207ms
2026-03-14T03:37:18Z,search,ERROR,"upstream 429, backing off 32s"
2026-03-14T03:37:24Z,search,ERROR,"upstream 429, backing off 32s"
2026-03-14T03:37:25Z,auth,INFO,login succeeded in 146ms
2026-03-14T03:37:28Z,postgres,INFO,autovacuum finished on table 64348
2026-03-14T03:37:30Z,search,ERROR,"upstream 429, backing off 32s"
2026-03-14T03:37:32Z,search,INFO,index segment 84542 merged
2026-03-14T03:37:36Z,search,ERROR,"upstream 429, backing off 32s"
2026-03-14T03:37:37Z,postgres,INFO,replication lag 287ms
2026-03-14T03:37:42Z,search,ERROR,"upstream 429, backing off 32s"
2026-03-14T03:37:43Z,orders,INFO,inventory check 50626 passed
2026-03-14T03:37:45Z,auth,INFO,login succeeded in 214ms
2026-03-14T03:37:48Z,search,ERROR,"upstream 429, backing off 32s"
2026-03-14T03:37:49Z,orders,INFO,inventory check 55254 passed
2026-03-14T03:37:54Z,search,ERROR,"upstream 429, backing off 32s"
2026-03-14T03:37:55Z,payments,INFO,settlement batch 61461 queued
2026-03-14T03:38:00Z,search,ERROR,"upstream 429, backing off 32s"
2026-03-14T03:38:06Z,search,ERROR,"upstream 429, backing off 32s"
2026-03-14T03:38:12Z,search,ERROR,"upstream 429, backing off 32s"
2026-03-14T03:38:18Z,search,ERROR,"upstream 429, backing off 32s"
2026-03-14T03:38:20Z,checkout,INFO,session 5205 started
2026-03-14T03:38:24Z,search,ERROR,"upstream 429, backing off 32s"
2026-03-14T03:38:30Z,search,ERROR,"upstream 429, backing off 32s"
2026-03-14T03:38:36Z,orders,INFO,order 57079 dispatched in 143ms
2026-03-14T03:38:36Z,search,ERROR,"upstream 429, backing off 32s"
2026-03-14T03:38:42Z,search,ERROR,"upstream 429, backing off 32s"
2026-03-14T03:38:44Z,payments,INFO,refund 32765 completed
2026-03-14T03:38:48Z,search,ERROR,"upstream 429, backing off 32s"
2026-03-14T03:38:52Z,search,INFO,query 65546 served in 90ms
2026-03-14T03:38:54Z,payments,INFO,settlement batch 20343 queued
2026-03-14T03:38:54Z,search,ERROR,"upstream 429, backing off 32s"
2026-03-14T03:39:00Z,search,INFO,"recovered after 96 attempts, upstream healthy"
2026-03-14T03:39:00Z,search,ERROR,"upstream 429, backing off 32s"
2026-03-14T03:39:06Z,search,ERROR,"upstream 429, backing off 32s"
2026-03-14T03:39:07Z,checkout,INFO,cart 70149 abandoned after 111ms
2026-03-14T03:39:12Z,search,ERROR,"upstream 429, backing off 32s"
2026-03-14T03:39:18Z,search,ERROR,"upstream 429, backing off 32s"
2026-03-14T03:39:22Z,search,INFO,query 29214 served in 173ms
2026-03-14T03:39:24Z,search,ERROR,"upstream 429, backing off 32s"
2026-03-14T03:39:30Z,search,ERROR,"upstream 429, backing off 32s"
2026-03-14T03:39:33Z,payments,INFO,refund 15380 completed
2026-03-14T03:39:35Z,orders,INFO,inventory check 7053 passed
2026-03-14T03:39:36Z,search,ERROR,"upstream 429, backing off 32s"
2026-03-14T03:39:38Z,billing,INFO,credit note 40183 issued
2026-03-14T03:39:42Z,search,ERROR,"upstream 429, backing off 32s"
2026-03-14T03:39:45Z,auth,INFO,session 10177 refreshed
2026-03-14T03:39:45Z,orders,INFO,inventory check 89568 passed
2026-03-14T03:39:57Z,postgres,INFO,"checkpoint complete, 86163 buffers written"
2026-03-14T03:40:08Z,billing,INFO,dunning run 14889 complete
2026-03-14T03:40:16Z,search,INFO,index segment 60542 merged
2026-03-14T03:40:23Z,orders,INFO,order 29565 invoiced
2026-03-14T03:40:25Z,auth,INFO,session 87235 refreshed
2026-03-14T03:40:25Z,payments,INFO,refund 93929 completed
2026-03-14T03:40:26Z,billing,INFO,credit note 61326 issued
2026-03-14T03:40:27Z,postgres,INFO,connection 49637 authorised
2026-03-14T03:40:42Z,payments,INFO,settlement batch 84296 queued
2026-03-14T03:40:44Z,checkout,INFO,session 97930 started
2026-03-14T03:40:56Z,orders,INFO,inventory check 99489 passed
2026-03-14T03:40:58Z,orders,INFO,inventory check 82796 passed
2026-03-14T03:41:04Z,orders,INFO,order 37299 invoiced
2026-03-14T03:41:15Z,auth,INFO,login succeeded in 17ms
2026-03-14T03:41:15Z,auth,INFO,login succeeded in 256ms
2026-03-14T03:41:20Z,postgres,INFO,replication lag 315ms
2026-03-14T03:41:23Z,payments,INFO,charge 41951 authorised in 236ms
2026-03-14T03:41:29Z,billing,INFO,subscription 42811 renewed
2026-03-14T03:41:39Z,search,INFO,query 42093 served in 38ms
2026-03-14T03:41:47Z,auth,INFO,logout for session 99365
2026-03-14T03:41:51Z,checkout,INFO,session 68000 started
2026-03-14T03:41:56Z,auth,INFO,logout for session 47252
2026-03-14T03:41:58Z,billing,INFO,subscription 60863 renewed
2026-03-14T03:42:06Z,billing,INFO,subscription 47234 renewed
2026-03-14T03:42:20Z,payments,INFO,charge 93727 authorised in 77ms
2026-03-14T03:42:24Z,checkout,INFO,payment intent 42935 created
2026-03-14T03:42:27Z,billing,INFO,credit note 62511 issued
2026-03-14T03:42:34Z,search,INFO,"suggest cache warm, 6069 entries"
2026-03-14T03:42:51Z,deploy,INFO,artefact 35587 published
2026-03-14T03:42:52Z,orders,INFO,order 27475 invoiced
2026-03-14T03:43:00Z,postgres,INFO,replication lag 307ms
2026-03-14T03:43:07Z,search,INFO,query 55683 served in 201ms
2026-03-14T03:43:09Z,auth,INFO,token issued for session 52853
2026-03-14T03:43:21Z,checkout,INFO,cart 48913 abandoned after 208ms
2026-03-14T03:43:22Z,payments,INFO,charge 36986 authorised in 272ms
2026-03-14T03:43:29Z,payments,INFO,settlement batch 57235 queued
2026-03-14T03:43:41Z,auth,INFO,logout for session 92431
2026-03-14T03:43:46Z,payments,INFO,settlement batch 92713 queued
2026-03-14T03:43:46Z,search,INFO,query 7421 served in 57ms
2026-03-14T03:43:48Z,auth,INFO,session 24820 refreshed
2026-03-14T03:43:51Z,payments,INFO,webhook 48107 acknowledged
2026-03-14T03:44:00Z,orders,INFO,order 45840 accepted
2026-03-14T03:44:01Z,postgres,INFO,"checkpoint complete, 86251 buffers written"
2026-03-14T03:44:03Z,orders,WARN,inventory check 1291 took 512ms
2026-03-14T03:44:06Z,checkout,INFO,session 99121 started
2026-03-14T03:44:08Z,auth,INFO,logout for session 34365
2026-03-14T03:44:16Z,postgres,INFO,connection 38520 authorised
2026-03-14T03:44:21Z,search,INFO,query 31561 served in 178ms
2026-03-14T03:44:23Z,billing,INFO,subscription 1290 renewed
2026-03-14T03:44:31Z,billing,INFO,subscription 22891 renewed
2026-03-14T03:44:31Z,orders,INFO,order 68665 invoiced
2026-03-14T03:44:46Z,checkout,INFO,cart 52494 abandoned after 205ms
2026-03-14T03:44:48Z,postgres,INFO,connection 77033 authorised
2026-03-14T03:45:01Z,payments,INFO,refund 29078 completed
2026-03-14T03:45:05Z,checkout,INFO,cart 92257 abandoned after 116ms
2026-03-14T03:45:09Z,payments,INFO,webhook 22227 acknowledged
2026-03-14T03:45:12Z,orders,INFO,order 23352 invoiced
2026-03-14T03:45:13Z,payments,INFO,refund 59421 completed
2026-03-14T03:45:14Z,search,INFO,index segment 88247 merged
2026-03-14T03:45:21Z,search,INFO,query 12628 served in 138ms
2026-03-14T03:45:30Z,billing,INFO,subscription 54264 renewed
2026-03-14T03:45:32Z,checkout,INFO,payment intent 25546 created
2026-03-14T03:45:33Z,billing,INFO,credit note 57323 issued
2026-03-14T03:45:33Z,postgres,INFO,replication lag 259ms
2026-03-14T03:45:37Z,orders,INFO,order 63363 dispatched in 62ms
2026-03-14T03:45:41Z,auth,INFO,session 77681 refreshed
2026-03-14T03:45:41Z,payments,INFO,charge 28697 authorised in 193ms
2026-03-14T03:45:42Z,search,INFO,"suggest cache warm, 87358 entries"
2026-03-14T03:45:54Z,auth,INFO,session 62618 refreshed
2026-03-14T03:45:55Z,postgres,INFO,autovacuum finished on table 11034
2026-03-14T03:46:10Z,auth,INFO,session 40714 refreshed
2026-03-14T03:46:11Z,checkout,INFO,session 91258 started
2026-03-14T03:46:14Z,postgres,INFO,autovacuum finished on table 54674
2026-03-14T03:46:27Z,orders,INFO,inventory check 35213 passed
2026-03-14T03:46:44Z,checkout,INFO,cart 87969 converted in 215ms
2026-03-14T03:46:48Z,auth,INFO,login succeeded in 53ms
2026-03-14T03:46:48Z,search,INFO,query 83342 served in 193ms
2026-03-14T03:46:51Z,checkout,INFO,cart 77047 abandoned after 155ms
2026-03-14T03:47:06Z,billing,INFO,subscription 98607 renewed
2026-03-14T03:47:07Z,billing,INFO,credit note 91255 issued
2026-03-14T03:47:12Z,postgres,INFO,connection 51843 authorised
2026-03-14T03:47:16Z,checkout,INFO,cart 55235 abandoned after 37ms
2026-03-14T03:47:16Z,payments,INFO,webhook 28387 acknowledged
2026-03-14T03:47:30Z,postgres,INFO,autovacuum finished on table 91727
2026-03-14T03:47:30Z,postgres,INFO,connection 62636 authorised
2026-03-14T03:47:37Z,deploy,INFO,artefact 82356 published
2026-03-14T03:47:40Z,auth,INFO,token issued for session 66563
2026-03-14T03:48:23Z,billing,INFO,invoice 93416 rendered in 38ms
2026-03-14T03:48:29Z,search,INFO,query 36601 served in 80ms
2026-03-14T03:48:40Z,deploy,INFO,artefact 6706 published
2026-03-14T03:48:42Z,orders,INFO,order 36491 invoiced
2026-03-14T03:48:43Z,postgres,INFO,autovacuum finished on table 34938
2026-03-14T03:48:50Z,checkout,INFO,cart 6417 abandoned after 73ms
2026-03-14T03:48:55Z,billing,INFO,credit note 13317 issued
2026-03-14T03:49:10Z,auth,INFO,session 45005 refreshed
2026-03-14T03:49:15Z,billing,INFO,subscription 34552 renewed
2026-03-14T03:49:29Z,auth,INFO,login succeeded in 153ms
2026-03-14T03:49:29Z,billing,INFO,credit note 36288 issued
2026-03-14T03:49:29Z,orders,INFO,order 49874 invoiced
2026-03-14T03:50:05Z,billing,INFO,subscription 98173 renewed
2026-03-14T03:50:06Z,payments,INFO,charge 81841 authorised in 128ms
2026-03-14T03:50:12Z,auth,INFO,login succeeded in 158ms
2026-03-14T03:50:14Z,checkout,INFO,session 76527 started
2026-03-14T03:50:20Z,auth,INFO,login succeeded in 29ms
2026-03-14T03:50:24Z,orders,INFO,inventory check 6898 passed
2026-03-14T03:50:26Z,orders,INFO,order 44460 invoiced
2026-03-14T03:50:33Z,orders,INFO,order 94295 dispatched in 245ms
2026-03-14T03:50:51Z,billing,INFO,invoice 46063 rendered in 54ms
2026-03-14T03:51:02Z,postgres,WARN,replication slot standby2 is retaining 31GB of WAL
2026-03-14T03:51:03Z,postgres,INFO,standby2 last streamed 19 hours ago
2026-03-14T03:51:04Z,search,INFO,query 14289 served in 212ms
2026-03-14T03:51:05Z,payments,INFO,refund 90353 completed
2026-03-14T03:51:09Z,billing,INFO,credit note 85592 issued
2026-03-14T03:51:12Z,checkout,INFO,cart 71468 converted in 31ms
2026-03-14T03:51:12Z,search,INFO,"suggest cache warm, 50943 entries"
2026-03-14T03:51:13Z,postgres,INFO,autovacuum finished on table 80340
2026-03-14T03:51:21Z,checkout,INFO,cart 68760 abandoned after 242ms
2026-03-14T03:51:23Z,payments,INFO,webhook 1530 acknowledged
2026-03-14T03:51:25Z,postgres,INFO,replication lag 128ms
2026-03-14T03:51:28Z,auth,INFO,session 92775 refreshed
2026-03-14T03:51:28Z,orders,INFO,inventory check 97212 passed
2026-03-14T03:51:36Z,payments,INFO,charge 60889 authorised in 102ms
2026-03-14T03:51:45Z,postgres,INFO,"checkpoint complete, 85674 buffers written"
2026-03-14T03:52:11Z,orders,INFO,order 61868 dispatched in 123ms
2026-03-14T03:52:19Z,checkout,INFO,session 20272 started
2026-03-14T03:52:25Z,postgres,INFO,replication lag 213ms
2026-03-14T03:52:37Z,orders,INFO,order 40652 invoiced
2026-03-14T03:52:41Z,postgres,INFO,"checkpoint complete, 92149 buffers written"
2026-03-14T03:52:48Z,auth,INFO,token issued for session 21941
2026-03-14T03:52:48Z,orders,INFO,order 6431 invoiced
2026-03-14T03:52:52Z,checkout,INFO,cart 43025 abandoned after 65ms
2026-03-14T03:52:57Z,checkout,INFO,session 46252 started
2026-03-14T03:53:05Z,postgres,INFO,replication lag 225ms
2026-03-14T03:53:16Z,billing,INFO,invoice 96568 rendered in 254ms
2026-03-14T03:53:18Z,billing,INFO,dunning run 73940 complete
2026-03-14T03:53:20Z,checkout,INFO,cart 89415 abandoned after 139ms
2026-03-14T03:53:22Z,postgres,INFO,"checkpoint complete, 55431 buffers written"
2026-03-14T03:53:25Z,search,INFO,query 6883 served in 224ms
2026-03-14T03:53:46Z,auth,INFO,token issued for session 50651
2026-03-14T03:53:52Z,orders,INFO,order 33794 dispatched in 154ms
2026-03-14T03:54:00Z,search,INFO,index segment 87173 merged
2026-03-14T03:54:03Z,payments,INFO,refund 28232 completed
2026-03-14T03:54:16Z,payments,INFO,refund 9517 completed
2026-03-14T03:54:19Z,auth,INFO,login succeeded in 255ms
2026-03-14T03:54:23Z,orders,INFO,order 7158 accepted
2026-03-14T03:54:43Z,search,INFO,index segment 77005 merged
2026-03-14T03:54:47Z,checkout,INFO,cart 85904 abandoned after 299ms
2026-03-14T03:54:48Z,postgres,INFO,replication lag 211ms
2026-03-14T03:54:56Z,auth,INFO,logout for session 24252
2026-03-14T03:55:04Z,auth,INFO,login succeeded in 192ms
2026-03-14T03:55:15Z,payments,INFO,webhook 3657 acknowledged
2026-03-14T03:55:16Z,billing,INFO,subscription 80951 renewed
2026-03-14T03:55:16Z,postgres,INFO,"checkpoint complete, 74973 buffers written"
2026-03-14T03:55:16Z,search,INFO,"suggest cache warm, 81151 entries"
2026-03-14T03:55:21Z,payments,INFO,refund 80267 completed
2026-03-14T03:55:32Z,billing,INFO,dunning run 10126 complete
2026-03-14T03:55:35Z,checkout,INFO,payment intent 85820 created
2026-03-14T03:55:40Z,postgres,INFO,"checkpoint complete, 12569 buffers written"
2026-03-14T03:55:41Z,billing,INFO,invoice 64508 rendered in 134ms
2026-03-14T03:55:42Z,auth,INFO,login succeeded in 104ms
2026-03-14T03:55:43Z,search,INFO,index segment 55632 merged
2026-03-14T03:55:45Z,deploy,INFO,pipeline 80752 green
2026-03-14T03:55:48Z,orders,INFO,inventory check 53986 passed
2026-03-14T03:55:54Z,auth,INFO,logout for session 55142
2026-03-14T03:56:02Z,postgres,WARN,replication slot standby2 is retaining 33GB of WAL
2026-03-14T03:56:03Z,postgres,INFO,standby2 last streamed 20 hours ago
2026-03-14T03:56:04Z,search,INFO,"suggest cache warm, 58639 entries"
2026-03-14T03:56:10Z,checkout,INFO,payment intent 8797 created
2026-03-14T03:56:13Z,checkout,INFO,cart 82388 converted in 77ms
2026-03-14T03:56:15Z,payments,INFO,settlement batch 48016 queued
2026-03-14T03:56:16Z,auth,INFO,logout for session 73504
2026-03-14T03:56:17Z,checkout,INFO,cart 64641 converted in 63ms
2026-03-14T03:56:22Z,search,INFO,query 56578 served in 145ms
2026-03-14T03:56:25Z,checkout,INFO,payment intent 76819 created
2026-03-14T03:56:34Z,search,INFO,"suggest cache warm, 64442 entries"
2026-03-14T03:56:35Z,checkout,INFO,cart 4053 converted in 275ms
2026-03-14T03:56:45Z,auth,INFO,session 81773 refreshed
2026-03-14T03:56:54Z,orders,INFO,inventory check 72133 passed
2026-03-14T03:57:15Z,postgres,INFO,"checkpoint complete, 81160 buffers written"
2026-03-14T03:57:18Z,checkout,INFO,session 48876 started
2026-03-14T03:57:31Z,search,INFO,index segment 45911 merged
2026-03-14T03:57:34Z,orders,INFO,inventory check 72823 passed
2026-03-14T03:57:35Z,billing,INFO,invoice 54449 rendered in 214ms
2026-03-14T03:57:40Z,search,INFO,query 74794 served in 279ms
2026-03-14T03:57:52Z,auth,INFO,login succeeded in 145ms
2026-03-14T03:57:57Z,checkout,INFO,payment intent 16194 created
2026-03-14T03:57:59Z,orders,INFO,inventory check 97527 passed
2026-03-14T03:58:03Z,auth,INFO,token issued for session 61888
2026-03-14T03:58:09Z,search,INFO,query 36636 served in 29ms
2026-03-14T03:58:21Z,postgres,INFO,connection 52073 authorised
2026-03-14T03:58:23Z,orders,INFO,order 2556 dispatched in 101ms
2026-03-14T03:58:30Z,payments,INFO,settlement batch 70287 queued
2026-03-14T03:58:34Z,search,INFO,"suggest cache warm, 25713 entries"
2026-03-14T03:58:56Z,checkout,INFO,payment intent 7615 created
2026-03-14T03:59:00Z,postgres,INFO,autovacuum finished on table 6299
2026-03-14T03:59:08Z,payments,INFO,settlement batch 70693 queued
2026-03-14T03:59:17Z,billing,INFO,subscription 18356 renewed
2026-03-14T03:59:17Z,orders,INFO,order 15869 accepted
2026-03-14T03:59:21Z,auth,INFO,token issued for session 35709
2026-03-14T03:59:23Z,payments,INFO,settlement batch 49825 queued
2026-03-14T03:59:28Z,deploy,INFO,canary 30729 healthy
2026-03-14T03:59:49Z,auth,INFO,session 19655 refreshed
2026-03-14T03:59:54Z,payments,INFO,settlement batch 62958 queued
2026-03-14T03:59:54Z,postgres,INFO,connection 44665 authorised
2026-03-14T04:00:05Z,payments,INFO,charge 76346 authorised in 277ms
2026-03-14T04:00:07Z,search,INFO,index segment 29024 merged
2026-03-14T04:00:24Z,auth,INFO,session 94490 refreshed
2026-03-14T04:00:24Z,billing,INFO,subscription 12803 renewed
2026-03-14T04:00:31Z,postgres,INFO,replication lag 114ms
2026-03-14T04:00:43Z,search,INFO,index segment 77922 merged
2026-03-14T04:00:58Z,postgres,INFO,"checkpoint complete, 63557 buffers written"
2026-03-14T04:01:03Z,search,INFO,"suggest cache warm, 25293 entries"
2026-03-14T04:01:15Z,checkout,INFO,cart 86691 converted in 172ms
2026-03-14T04:01:17Z,orders,INFO,inventory check 57207 passed
2026-03-14T04:01:19Z,postgres,INFO,connection 52584 authorised
2026-03-14T04:01:31Z,billing,INFO,invoice 46799 rendered in 27ms
2026-03-14T04:01:49Z,billing,INFO,invoice 19517 rendered in 245ms
2026-03-14T04:01:52Z,orders,INFO,inventory check 81890 passed
2026-03-14T04:01:58Z,auth,INFO,login succeeded in 49ms
2026-03-14T04:02:07Z,auth,INFO,login succeeded in 28ms
2026-03-14T04:02:11Z,postgres,INFO,connection 80351 authorised
2026-03-14T04:02:21Z,payments,INFO,charge 97400 authorised in 28ms
2026-03-14T04:02:47Z,orders,INFO,inventory check 43091 passed
2026-03-14T04:02:47Z,payments,INFO,settlement batch 37405 queued
2026-03-14T04:02:49Z,auth,INFO,session 8248 refreshed
2026-03-14T04:02:53Z,billing,INFO,dunning run 54879 complete
2026-03-14T04:02:59Z,auth,INFO,login succeeded in 172ms
2026-03-14T04:03:00Z,search,INFO,query 15024 served in 37ms
2026-03-14T04:03:02Z,billing,INFO,dunning run 25732 complete
2026-03-14T04:03:08Z,postgres,INFO,connection 77976 authorised
2026-03-14T04:03:12Z,postgres,INFO,connection 54460 authorised
2026-03-14T04:03:12Z,search,INFO,index segment 63402 merged
2026-03-14T04:03:17Z,search,INFO,query 27910 served in 197ms
2026-03-14T04:03:28Z,checkout,INFO,payment intent 42745 created
2026-03-14T04:03:31Z,payments,INFO,refund 93954 completed
2026-03-14T04:03:50Z,auth,INFO,logout for session 92896
2026-03-14T04:03:53Z,checkout,INFO,payment intent 12970 created
2026-03-14T04:04:03Z,checkout,INFO,cart 16907 abandoned after 175ms
2026-03-14T04:04:09Z,payments,INFO,refund 54262 completed
2026-03-14T04:04:13Z,orders,INFO,order 44441 invoiced
2026-03-14T04:04:21Z,orders,INFO,order 54544 accepted
2026-03-14T04:04:29Z,auth,INFO,logout for session 56792
2026-03-14T04:04:29Z,billing,INFO,dunning run 46278 complete
2026-03-14T04:04:35Z,billing,INFO,invoice 85608 rendered in 68ms
2026-03-14T04:04:38Z,auth,INFO,session 93264 refreshed
2026-03-14T04:04:39Z,orders,INFO,order 82161 accepted
2026-03-14T04:04:41Z,postgres,INFO,"checkpoint complete, 71381 buffers written"
2026-03-14T04:04:45Z,checkout,INFO,cart 54577 converted in 26ms
2026-03-14T04:04:57Z,auth,INFO,login succeeded in 264ms
2026-03-14T04:05:10Z,payments,INFO,refund 31010 completed
2026-03-14T04:05:26Z,orders,INFO,inventory check 50954 passed
2026-03-14T04:05:35Z,postgres,INFO,"checkpoint complete, 91152 buffers written"
2026-03-14T04:05:36Z,orders,INFO,order 43672 accepted
2026-03-14T04:05:39Z,orders,INFO,order 35752 dispatched in 151ms
2026-03-14T04:05:42Z,payments,INFO,charge 93229 authorised in 262ms
2026-03-14T04:05:43Z,billing,INFO,dunning run 70315 complete
2026-03-14T04:05:53Z,checkout,INFO,payment intent 37286 created
2026-03-14T04:05:57Z,billing,INFO,subscription 19204 renewed
2026-03-14T04:05:57Z,search,INFO,query 38604 served in 94ms
2026-03-14T04:05:59Z,billing,INFO,subscription 44506 renewed
2026-03-14T04:06:01Z,checkout,INFO,payment intent 89431 created
2026-03-14T04:06:01Z,orders,INFO,order 79505 dispatched in 166ms
2026-03-14T04:06:16Z,checkout,INFO,cart 94737 converted in 320ms
2026-03-14T04:06:16Z,postgres,INFO,connection 9828 authorised
2026-03-14T04:06:22Z,auth,INFO,session 12736 refreshed
2026-03-14T04:06:49Z,auth,INFO,logout for session 18493
2026-03-14T04:07:00Z,billing,INFO,invoice 92648 rendered in 119ms
2026-03-14T04:07:02Z,orders,INFO,order 92656 dispatched in 176ms
2026-03-14T04:07:08Z,orders,INFO,inventory check 68962 passed
2026-03-14T04:07:13Z,payments,INFO,settlement batch 71223 queued
2026-03-14T04:07:17Z,checkout,INFO,cart 37095 converted in 173ms
2026-03-14T04:07:28Z,checkout,INFO,cart 26575 abandoned after 259ms
2026-03-14T04:07:39Z,search,INFO,query 45433 served in 200ms
2026-03-14T04:07:40Z,checkout,INFO,cart 27403 converted in 193ms
2026-03-14T04:07:43Z,payments,INFO,charge 92458 authorised in 27ms
2026-03-14T04:07:44Z,auth,INFO,session 25600 refreshed
2026-03-14T04:07:44Z,billing,INFO,subscription 89402 renewed
2026-03-14T04:07:46Z,postgres,INFO,replication lag 311ms
2026-03-14T04:07:56Z,payments,INFO,webhook 10302 acknowledged
2026-03-14T04:08:02Z,search,INFO,"suggest cache warm, 27903 entries"
2026-03-14T04:08:07Z,payments,INFO,settlement batch 85821 queued
2026-03-14T04:08:14Z,payments,INFO,charge 43328 authorised in 209ms
2026-03-14T04:08:16Z,billing,INFO,credit note 63630 issued
2026-03-14T04:08:23Z,auth,INFO,session 8641 refreshed
2026-03-14T04:08:35Z,auth,INFO,login succeeded in 150ms
2026-03-14T04:08:35Z,search,INFO,"suggest cache warm, 46717 entries"
2026-03-14T04:08:43Z,checkout,INFO,cart 78497 converted in 310ms
2026-03-14T04:08:43Z,payments,INFO,charge 26969 authorised in 289ms
2026-03-14T04:08:44Z,billing,INFO,subscription 59781 renewed
2026-03-14T04:08:57Z,payments,INFO,refund 14265 completed
2026-03-14T04:09:01Z,postgres,INFO,replication lag 222ms
2026-03-14T04:09:01Z,search,INFO,"suggest cache warm, 30914 entries"
2026-03-14T04:09:06Z,postgres,INFO,replication lag 281ms
2026-03-14T04:09:13Z,auth,INFO,token issued for session 91193
2026-03-14T04:09:21Z,search,INFO,query 15814 served in 154ms
2026-03-14T04:09:24Z,search,INFO,query 33763 served in 304ms
2026-03-14T04:09:53Z,billing,INFO,credit note 43021 issued
2026-03-14T04:09:59Z,orders,INFO,order 59443 invoiced
2026-03-14T04:10:08Z,search,INFO,index segment 17414 merged
2026-03-14T04:10:41Z,auth,INFO,token issued for session 12718
2026-03-14T04:10:43Z,postgres,INFO,autovacuum finished on table 72191
2026-03-14T04:10:44Z,auth,INFO,token issued for session 60109
2026-03-14T04:10:50Z,orders,INFO,order 74783 dispatched in 23ms
2026-03-14T04:10:59Z,checkout,INFO,payment intent 86077 created
2026-03-14T04:10:59Z,payments,INFO,webhook 13821 acknowledged
2026-03-14T04:10:59Z,payments,INFO,webhook 70058 acknowledged
2026-03-14T04:10:59Z,postgres,INFO,replication lag 155ms
2026-03-14T04:11:02Z,billing,INFO,invoice 12369 rendered in 103ms
2026-03-14T04:11:02Z,checkout,INFO,payment intent 46237 created
2026-03-14T04:11:07Z,postgres,INFO,"checkpoint complete, 48704 buffers written"
2026-03-14T04:11:10Z,orders,INFO,order 15809 accepted
2026-03-14T04:11:13Z,payments,INFO,webhook 94036 acknowledged
2026-03-14T04:11:16Z,billing,INFO,credit note 49369 issued
2026-03-14T04:11:17Z,orders,INFO,inventory check 66051 passed
2026-03-14T04:11:25Z,auth,INFO,login succeeded in 152ms
2026-03-14T04:11:29Z,billing,INFO,credit note 51699 issued
2026-03-14T04:11:44Z,auth,INFO,login succeeded in 47ms
2026-03-14T04:11:46Z,orders,INFO,order 10297 dispatched in 307ms
2026-03-14T04:12:06Z,search,INFO,query 95292 served in 27ms
2026-03-14T04:12:15Z,auth,INFO,session 17980 refreshed
2026-03-14T04:12:18Z,checkout,INFO,cart 19197 abandoned after 142ms
2026-03-14T04:12:35Z,auth,INFO,token issued for session 45555
2026-03-14T04:12:36Z,checkout,INFO,cart 46432 converted in 203ms
2026-03-14T04:12:36Z,payments,INFO,webhook 38427 acknowledged
2026-03-14T04:12:38Z,payments,INFO,webhook 42982 acknowledged
2026-03-14T04:12:38Z,search,INFO,index segment 5955 merged
2026-03-14T04:12:48Z,postgres,INFO,replication lag 228ms
2026-03-14T04:13:02Z,search,INFO,index segment 45192 merged
2026-03-14T04:13:12Z,payments,INFO,webhook 92228 acknowledged
2026-03-14T04:13:29Z,auth,INFO,token issued for session 6774
2026-03-14T04:13:30Z,search,INFO,query 44134 served in 204ms
2026-03-14T04:13:32Z,search,INFO,query 75416 served in 302ms
2026-03-14T04:13:36Z,billing,INFO,invoice 96782 rendered in 205ms
2026-03-14T04:13:41Z,auth,INFO,login succeeded in 242ms
2026-03-14T04:13:44Z,postgres,INFO,replication lag 293ms
2026-03-14T04:13:49Z,search,INFO,index segment 29918 merged
2026-03-14T04:14:16Z,orders,INFO,order 56752 invoiced
2026-03-14T04:14:18Z,deploy,INFO,artefact 84317 published
2026-03-14T04:14:23Z,billing,INFO,credit note 58659 issued
2026-03-14T04:14:32Z,orders,INFO,order 93276 accepted
2026-03-14T04:14:33Z,auth,INFO,session 46761 refreshed
2026-03-14T04:14:43Z,checkout,INFO,payment intent 53220 created
2026-03-14T04:14:45Z,checkout,INFO,cart 12256 converted in 208ms
2026-03-14T04:14:46Z,checkout,INFO,cart 73846 abandoned after 37ms
2026-03-14T04:14:54Z,billing,INFO,dunning run 47520 complete
2026-03-14T04:15:00Z,search,ERROR,"upstream 429, backing off 1s"
2026-03-14T04:15:03Z,search,INFO,query 96054 served in 57ms
2026-03-14T04:15:06Z,search,ERROR,"upstream 429, backing off 2s"
2026-03-14T04:15:12Z,search,ERROR,"upstream 429, backing off 4s"
2026-03-14T04:15:18Z,payments,INFO,charge 52562 authorised in 13ms
2026-03-14T04:15:18Z,search,ERROR,"upstream 429, backing off 8s"
2026-03-14T04:15:22Z,payments,INFO,refund 27187 completed
2026-03-14T04:15:24Z,search,ERROR,"upstream 429, backing off 16s"
2026-03-14T04:15:27Z,billing,INFO,subscription 44989 renewed
2026-03-14T04:15:28Z,auth,INFO,login succeeded in 177ms
2026-03-14T04:15:30Z,search,ERROR,"upstream 429, backing off 32s"
2026-03-14T04:15:36Z,orders,INFO,inventory check 58971 passed
2026-03-14T04:15:36Z,search,ERROR,"upstream 429, backing off 32s"
2026-03-14T04:15:42Z,search,ERROR,"upstream 429, backing off 32s"
2026-03-14T04:15:48Z,search,ERROR,"upstream 429, backing off 32s"
2026-03-14T04:15:51Z,billing,INFO,invoice 35459 rendered in 119ms
2026-03-14T04:15:54Z,search,ERROR,"upstream 429, backing off 32s"
2026-03-14T04:16:00Z,search,ERROR,"upstream 429, backing off 32s"
2026-03-14T04:16:06Z,search,ERROR,"upstream 429, backing off 32s"
2026-03-14T04:16:08Z,auth,INFO,login succeeded in 85ms
2026-03-14T04:16:12Z,search,ERROR,"upstream 429, backing off 32s"
2026-03-14T04:16:14Z,deploy,INFO,canary 47578 healthy
2026-03-14T04:16:14Z,orders,INFO,inventory check 67029 passed
2026-03-14T04:16:16Z,search,INFO,index segment 15012 merged
2026-03-14T04:16:17Z,checkout,INFO,cart 28909 converted in 96ms
2026-03-14T04:16:17Z,payments,INFO,charge 33417 authorised in 137ms
2026-03-14T04:16:18Z,search,ERROR,"upstream 429, backing off 32s"
2026-03-14T04:16:24Z,search,ERROR,"upstream 429, backing off 32s"
2026-03-14T04:16:27Z,orders,INFO,order 84852 invoiced
2026-03-14T04:16:29Z,orders,INFO,order 45885 invoiced
2026-03-14T04:16:30Z,search,ERROR,"upstream 429, backing off 32s"
2026-03-14T04:16:36Z,search,ERROR,"upstream 429, backing off 32s"
2026-03-14T04:16:37Z,auth,INFO,token issued for session 33126
2026-03-14T04:16:41Z,postgres,INFO,autovacuum finished on table 75032
2026-03-14T04:16:42Z,search,ERROR,"upstream 429, backing off 32s"
2026-03-14T04:16:43Z,billing,INFO,credit note 69894 issued
2026-03-14T04:16:44Z,postgres,INFO,connection 34317 authorised
2026-03-14T04:16:48Z,search,ERROR,"upstream 429, backing off 32s"
2026-03-14T04:16:51Z,checkout,INFO,cart 39655 converted in 68ms
2026-03-14T04:16:54Z,search,ERROR,"upstream 429, backing off 32s"
2026-03-14T04:17:00Z,search,ERROR,"upstream 429, backing off 32s"
2026-03-14T04:17:06Z,search,ERROR,"upstream 429, backing off 32s"
2026-03-14T04:17:08Z,checkout,INFO,cart 96519 abandoned after 173ms
2026-03-14T04:17:12Z,search,ERROR,"upstream 429, backing off 32s"
2026-03-14T04:17:14Z,auth,INFO,token issued for session 48407
2026-03-14T04:17:14Z,search,INFO,query 8681 served in 286ms
2026-03-14T04:17:18Z,search,ERROR,"upstream 429, backing off 32s"
2026-03-14T04:17:19Z,billing,INFO,invoice 58248 rendered in 310ms
2026-03-14T04:17:24Z,search,ERROR,"upstream 429, backing off 32s"
2026-03-14T04:17:26Z,postgres,INFO,"checkpoint complete, 1228 buffers written"
2026-03-14T04:17:30Z,search,ERROR,"upstream 429, backing off 32s"
2026-03-14T04:17:36Z,search,ERROR,"upstream 429, backing off 32s"
2026-03-14T04:17:40Z,orders,INFO,inventory check 42631 passed
2026-03-14T04:17:42Z,search,ERROR,"upstream 429, backing off 32s"
2026-03-14T04:17:44Z,payments,INFO,refund 86936 completed
2026-03-14T04:17:48Z,search,ERROR,"upstream 429, backing off 32s"
2026-03-14T04:17:54Z,search,ERROR,"upstream 429, backing off 32s"
2026-03-14T04:18:00Z,postgres,INFO,connection 2872 authorised
2026-03-14T04:18:00Z,search,ERROR,"upstream 429, backing off 32s"
2026-03-14T04:18:02Z,billing,INFO,dunning run 58187 complete
2026-03-14T04:18:03Z,checkout,INFO,cart 93474 converted in 282ms
2026-03-14T04:18:06Z,search,ERROR,"upstream 429, backing off 32s"
2026-03-14T04:18:11Z,orders,INFO,order 70544 dispatched in 193ms
2026-03-14T04:18:12Z,search,ERROR,"upstream 429, backing off 32s"
2026-03-14T04:18:15Z,auth,INFO,session 35418 refreshed
2026-03-14T04:18:18Z,search,ERROR,"upstream 429, backing off 32s"
2026-03-14T04:18:24Z,billing,INFO,dunning run 44406 complete
2026-03-14T04:18:24Z,search,ERROR,"upstream 429, backing off 32s"
2026-03-14T04:18:25Z,payments,INFO,webhook 2304 acknowledged
2026-03-14T04:18:27Z,billing,INFO,credit note 73165 issued
2026-03-14T04:18:27Z,billing,INFO,dunning run 13336 complete
2026-03-14T04:18:28Z,payments,INFO,settlement batch 78074 queued
2026-03-14T04:18:30Z,search,ERROR,"upstream 429, backing off 32s"
2026-03-14T04:18:33Z,auth,INFO,logout for session 31946
2026-03-14T04:18:36Z,search,ERROR,"upstream 429, backing off 32s"
2026-03-14T04:18:42Z,search,ERROR,"upstream 429, backing off 32s"
2026-03-14T04:18:48Z,search,ERROR,"upstream 429, backing off 32s"
2026-03-14T04:18:54Z,search,ERROR,"upstream 429, backing off 32s"
2026-03-14T04:18:57Z,payments,INFO,refund 84873 completed
2026-03-14T04:19:00Z,search,ERROR,"upstream 429, backing off 32s"
2026-03-14T04:19:01Z,search,INFO,"suggest cache warm, 23993 entries"
2026-03-14T04:19:06Z,search,ERROR,"upstream 429, backing off 32s"
2026-03-14T04:19:08Z,billing,INFO,subscription 72870 renewed
2026-03-14T04:19:12Z,search,ERROR,"upstream 429, backing off 32s"
2026-03-14T04:19:13Z,postgres,INFO,connection 69047 authorised
2026-03-14T04:19:18Z,search,INFO,query 34334 served in 29ms
2026-03-14T04:19:18Z,search,ERROR,"upstream 429, backing off 32s"
2026-03-14T04:19:24Z,search,ERROR,"upstream 429, backing off 32s"
2026-03-14T04:19:27Z,checkout,INFO,cart 49669 converted in 272ms
2026-03-14T04:19:30Z,search,ERROR,"upstream 429, backing off 32s"
2026-03-14T04:19:35Z,postgres,INFO,"checkpoint complete, 40566 buffers written"
2026-03-14T04:19:36Z,orders,INFO,order 51610 invoiced
2026-03-14T04:19:36Z,search,ERROR,"upstream 429, backing off 32s"
2026-03-14T04:19:42Z,search,ERROR,"upstream 429, backing off 32s"
2026-03-14T04:19:57Z,payments,INFO,refund 26274 completed
2026-03-14T04:19:59Z,postgres,INFO,"checkpoint complete, 22695 buffers written"
2026-03-14T04:20:00Z,orders,INFO,order 64934 accepted
2026-03-14T04:20:00Z,search,ERROR,"upstream 429, backing off 1s"
2026-03-14T04:20:06Z,search,ERROR,"upstream 429, backing off 2s"
2026-03-14T04:20:11Z,orders,INFO,inventory check 88103 passed
2026-03-14T04:20:12Z,search,ERROR,"upstream 429, backing off 4s"
2026-03-14T04:20:18Z,search,ERROR,"upstream 429, backing off 8s"
2026-03-14T04:20:24Z,search,ERROR,"upstream 429, backing off 16s"
2026-03-14T04:20:30Z,search,ERROR,"upstream 429, backing off 32s"
2026-03-14T04:20:35Z,billing,INFO,subscription 73551 renewed
2026-03-14T04:20:35Z,postgres,INFO,replication lag 216ms
2026-03-14T04:20:36Z,search,ERROR,"upstream 429, backing off 32s"
2026-03-14T04:20:37Z,search,INFO,index segment 80980 merged
2026-03-14T04:20:42Z,search,ERROR,"upstream 429, backing off 32s"
2026-03-14T04:20:43Z,search,INFO,query 59660 served in 49ms
2026-03-14T04:20:48Z,payments,INFO,refund 31596 completed
2026-03-14T04:20:48Z,search,ERROR,"upstream 429, backing off 32s"
2026-03-14T04:20:52Z,orders,INFO,order 6978 accepted
2026-03-14T04:20:54Z,search,ERROR,"upstream 429, backing off 32s"
2026-03-14T04:21:00Z,search,ERROR,"upstream 429, backing off 32s"
2026-03-14T04:21:01Z,checkout,INFO,cart 37136 abandoned after 255ms
2026-03-14T04:21:01Z,orders,INFO,order 24232 accepted
2026-03-14T04:21:06Z,search,ERROR,"upstream 429, backing off 32s"
2026-03-14T04:21:07Z,billing,INFO,subscription 61637 renewed
2026-03-14T04:21:09Z,orders,INFO,order 5239 dispatched in 101ms
2026-03-14T04:21:11Z,postgres,INFO,replication lag 33ms
2026-03-14T04:21:12Z,search,ERROR,"upstream 429, backing off 32s"
2026-03-14T04:21:18Z,search,ERROR,"upstream 429, backing off 32s"
2026-03-14T04:21:19Z,payments,INFO,settlement batch 46350 queued
2026-03-14T04:21:19Z,search,INFO,index segment 47032 merged
2026-03-14T04:21:24Z,search,ERROR,"upstream 429, backing off 32s"
2026-03-14T04:21:30Z,search,ERROR,"upstream 429, backing off 32s"
2026-03-14T04:21:32Z,search,INFO,query 13383 served in 217ms
2026-03-14T04:21:36Z,search,ERROR,"upstream 429, backing off 32s"
2026-03-14T04:21:42Z,billing,INFO,subscription 81937 renewed
2026-03-14T04:21:42Z,search,ERROR,"upstream 429, backing off 32s"
2026-03-14T04:21:47Z,checkout,INFO,cart 86439 converted in 197ms
2026-03-14T04:21:48Z,search,ERROR,"upstream 429, backing off 32s"
2026-03-14T04:21:54Z,search,ERROR,"upstream 429, backing off 32s"
2026-03-14T04:21:58Z,checkout,INFO,cart 61668 converted in 159ms
2026-03-14T04:21:58Z,postgres,INFO,autovacuum finished on table 36931
2026-03-14T04:22:00Z,search,ERROR,"upstream 429, backing off 32s"
2026-03-14T04:22:01Z,postgres,INFO,autovacuum finished on table 93194
2026-03-14T04:22:04Z,auth,INFO,login succeeded in 225ms
2026-03-14T04:22:06Z,search,ERROR,"upstream 429, backing off 32s"
2026-03-14T04:22:07Z,billing,INFO,credit note 10015 issued
2026-03-14T04:22:07Z,billing,INFO,credit note 85400 issued
2026-03-14T04:22:12Z,search,ERROR,"upstream 429, backing off 32s"
2026-03-14T04:22:13Z,payments,INFO,charge 35152 authorised in 74ms
2026-03-14T04:22:18Z,search,ERROR,"upstream 429, backing off 32s"
2026-03-14T04:22:24Z,search,ERROR,"upstream 429, backing off 32s"
2026-03-14T04:22:27Z,checkout,INFO,payment intent 93936 created
2026-03-14T04:22:28Z,payments,INFO,webhook 65345 acknowledged
2026-03-14T04:22:30Z,search,ERROR,"upstream 429, backing off 32s"
2026-03-14T04:22:36Z,search,ERROR,"upstream 429, backing off 32s"
2026-03-14T04:22:42Z,search,ERROR,"upstream 429, backing off 32s"
2026-03-14T04:22:48Z,search,ERROR,"upstream 429, backing off 32s"
2026-03-14T04:22:54Z,search,ERROR,"upstream 429, backing off 32s"
2026-03-14T04:22:58Z,auth,INFO,token issued for session 23948
2026-03-14T04:23:00Z,search,ERROR,"upstream 429, backing off 32s"
2026-03-14T04:23:03Z,auth,INFO,session 20835 refreshed
2026-03-14T04:23:06Z,search,ERROR,"upstream 429, backing off 32s"
2026-03-14T04:23:11Z,checkout,INFO,cart 32065 abandoned after 123ms
2026-03-14T04:23:12Z,search,ERROR,"upstream 429, backing off 32s"
2026-03-14T04:23:18Z,search,ERROR,"upstream 429, backing off 32s"
2026-03-14T04:23:23Z,payments,INFO,webhook 40746 acknowledged
2026-03-14T04:23:24Z,search,ERROR,"upstream 429, backing off 32s"
2026-03-14T04:23:30Z,search,ERROR,"upstream 429, backing off 32s"
2026-03-14T04:23:36Z,search,ERROR,"upstream 429, backing off 32s"
2026-03-14T04:23:42Z,search,ERROR,"upstream 429, backing off 32s"
2026-03-14T04:23:48Z,search,ERROR,"upstream 429, backing off 32s"
2026-03-14T04:23:52Z,billing,INFO,subscription 20625 renewed
2026-03-14T04:23:54Z,search,ERROR,"upstream 429, backing off 32s"
2026-03-14T04:24:00Z,payments,INFO,settlement batch 37971 queued
2026-03-14T04:24:00Z,search,INFO,"recovered after 96 attempts, upstream healthy"
2026-03-14T04:24:00Z,search,ERROR,"upstream 429, backing off 32s"
2026-03-14T04:24:02Z,orders,INFO,order 7777 dispatched in 295ms
2026-03-14T04:24:04Z,search,INFO,index segment 7366 merged
2026-03-14T04:24:06Z,search,ERROR,"upstream 429, backing off 32s"
2026-03-14T04:24:07Z,payments,INFO,settlement batch 94655 queued
2026-03-14T04:24:08Z,payments,INFO,settlement batch 66182 queued
2026-03-14T04:24:11Z,postgres,INFO,replication lag 9ms
2026-03-14T04:24:12Z,search,ERROR,"upstream 429, backing off 32s"
2026-03-14T04:24:13Z,checkout,INFO,payment intent 40278 created
2026-03-14T04:24:13Z,checkout,INFO,session 1250 started
2026-03-14T04:24:13Z,search,INFO,index segment 11457 merged
2026-03-14T04:24:18Z,checkout,INFO,cart 84937 abandoned after 13ms
2026-03-14T04:24:18Z,search,ERROR,"upstream 429, backing off 32s"
2026-03-14T04:24:24Z,search,ERROR,"upstream 429, backing off 32s"
2026-03-14T04:24:26Z,payments,INFO,webhook 37883 acknowledged
2026-03-14T04:24:30Z,search,ERROR,"upstream 429, backing off 32s"
2026-03-14T04:24:32Z,search,INFO,query 96609 served in 157ms
2026-03-14T04:24:34Z,billing,INFO,invoice 83489 rendered in 80ms
2026-03-14T04:24:36Z,search,ERROR,"upstream 429, backing off 32s"
2026-03-14T04:24:39Z,auth,INFO,session 9389 refreshed
2026-03-14T04:24:42Z,search,ERROR,"upstream 429, backing off 32s"
2026-03-14T04:24:45Z,billing,INFO,invoice 67375 rendered in 4ms
2026-03-14T04:24:46Z,checkout,INFO,payment intent 41991 created
2026-03-14T04:24:50Z,postgres,INFO,connection 15254 authorised
2026-03-14T04:24:58Z,auth,INFO,token issued for session 91481
2026-03-14T04:24:59Z,billing,INFO,subscription 58318 renewed
2026-03-14T04:25:01Z,orders,INFO,inventory check 94980 passed
2026-03-14T04:25:12Z,orders,INFO,order 33487 invoiced
2026-03-14T04:25:22Z,postgres,INFO,replication lag 288ms
2026-03-14T04:25:26Z,search,INFO,query 40287 served in 157ms
2026-03-14T04:25:44Z,orders,INFO,inventory check 83154 passed
2026-03-14T04:25:51Z,billing,INFO,subscription 84585 renewed
2026-03-14T04:26:03Z,payments,INFO,webhook 20995 acknowledged
2026-03-14T04:26:33Z,orders,INFO,order 32017 invoiced
2026-03-14T04:26:40Z,auth,INFO,session 63720 refreshed
2026-03-14T04:26:45Z,billing,INFO,credit note 84421 issued
2026-03-14T04:26:54Z,billing,INFO,subscription 49553 renewed
2026-03-14T04:26:59Z,orders,INFO,order 85719 dispatched in 184ms
2026-03-14T04:27:03Z,search,INFO,query 17649 served in 198ms
2026-03-14T04:27:06Z,payments,INFO,webhook 74482 acknowledged
2026-03-14T04:27:08Z,postgres,INFO,autovacuum finished on table 8137
2026-03-14T04:27:15Z,postgres,WARN,"autovacuum on table 73306 skipped, lock not available"
2026-03-14T04:27:17Z,auth,INFO,login succeeded in 71ms
2026-03-14T04:27:17Z,billing,INFO,credit note 31629 issued
2026-03-14T04:27:20Z,auth,INFO,token issued for session 11236
2026-03-14T04:27:26Z,checkout,INFO,cart 52401 converted in 93ms
2026-03-14T04:27:27Z,search,INFO,query 64955 served in 318ms
2026-03-14T04:27:45Z,checkout,INFO,cart 44499 converted in 217ms
2026-03-14T04:27:48Z,checkout,INFO,cart 94066 converted in 65ms
2026-03-14T04:27:52Z,orders,INFO,order 47331 dispatched in 202ms
2026-03-14T04:28:04Z,billing,INFO,dunning run 98114 complete
2026-03-14T04:28:09Z,auth,INFO,logout for session 1457
2026-03-14T04:28:09Z,postgres,INFO,autovacuum finished on table 1135
2026-03-14T04:28:22Z,deploy,INFO,pipeline 16277 green
2026-03-14T04:28:24Z,postgres,INFO,autovacuum finished on table 28702
2026-03-14T04:28:24Z,search,INFO,"suggest cache warm, 34559 entries"
2026-03-14T04:28:35Z,checkout,INFO,session 33669 started
2026-03-14T04:28:39Z,billing,INFO,dunning run 47008 complete
2026-03-14T04:28:44Z,search,INFO,index segment 20596 merged
2026-03-14T04:28:46Z,auth,INFO,token issued for session 13662
2026-03-14T04:28:47Z,payments,INFO,settlement batch 85783 queued
2026-03-14T04:28:51Z,payments,INFO,settlement batch 55613 queued
2026-03-14T04:28:52Z,auth,INFO,login succeeded in 68ms
2026-03-14T04:28:52Z,search,INFO,query 89449 served in 204ms
2026-03-14T04:28:57Z,postgres,INFO,"checkpoint complete, 23701 buffers written"
2026-03-14T04:29:00Z,orders,INFO,order 61054 invoiced
2026-03-14T04:29:02Z,checkout,INFO,cart 49528 abandoned after 31ms
2026-03-14T04:29:07Z,search,INFO,"suggest cache warm, 77441 entries"
2026-03-14T04:29:19Z,orders,INFO,order 57938 dispatched in 256ms
2026-03-14T04:29:24Z,search,INFO,query 40454 served in 9ms
2026-03-14T04:29:26Z,payments,INFO,settlement batch 96342 queued
2026-03-14T04:29:32Z,billing,INFO,invoice 79437 rendered in 207ms
2026-03-14T04:29:32Z,billing,INFO,subscription 17871 renewed
2026-03-14T04:29:44Z,billing,INFO,subscription 72934 renewed
2026-03-14T04:29:51Z,payments,INFO,charge 25837 authorised in 101ms
2026-03-14T04:29:52Z,postgres,INFO,autovacuum finished on table 99346
2026-03-14T04:30:00Z,checkout,ERROR,healthz timeout after 2000ms
2026-03-14T04:30:06Z,checkout,ERROR,healthz timeout after 2000ms
2026-03-14T04:30:06Z,postgres,INFO,autovacuum finished on table 42134
2026-03-14T04:30:12Z,checkout,ERROR,healthz timeout after 2000ms
2026-03-14T04:30:18Z,checkout,ERROR,healthz timeout after 2000ms
2026-03-14T04:30:24Z,checkout,ERROR,healthz timeout after 2000ms
2026-03-14T04:30:27Z,orders,INFO,inventory check 68393 passed
2026-03-14T04:30:30Z,checkout,ERROR,healthz timeout after 2000ms
2026-03-14T04:30:34Z,billing,INFO,dunning run 13004 complete
2026-03-14T04:30:36Z,checkout,ERROR,healthz timeout after 2000ms
2026-03-14T04:30:39Z,checkout,INFO,payment intent 74579 created
2026-03-14T04:30:40Z,checkout,INFO,session 48083 started
2026-03-14T04:30:42Z,checkout,ERROR,healthz timeout after 2000ms
2026-03-14T04:30:42Z,orders,INFO,order 25444 dispatched in 175ms
2026-03-14T04:30:45Z,checkout,INFO,payment intent 82515 created
2026-03-14T04:30:45Z,orders,INFO,order 50843 invoiced
2026-03-14T04:30:48Z,checkout,ERROR,healthz timeout after 2000ms
2026-03-14T04:30:48Z,search,INFO,query 60878 served in 106ms
2026-03-14T04:30:54Z,checkout,ERROR,healthz timeout after 2000ms
2026-03-14T04:31:00Z,checkout,ERROR,healthz timeout after 2000ms
2026-03-14T04:31:05Z,billing,INFO,dunning run 25689 complete
2026-03-14T04:31:06Z,checkout,ERROR,healthz timeout after 2000ms
2026-03-14T04:31:07Z,billing,INFO,invoice 31572 rendered in 207ms
2026-03-14T04:31:10Z,billing,INFO,credit note 52348 issued
2026-03-14T04:31:12Z,checkout,ERROR,healthz timeout after 2000ms
2026-03-14T04:31:16Z,payments,INFO,settlement batch 67812 queued
2026-03-14T04:31:18Z,checkout,ERROR,healthz timeout after 2000ms
2026-03-14T04:31:19Z,auth,INFO,logout for session 66764
2026-03-14T04:31:24Z,checkout,ERROR,healthz timeout after 2000ms
2026-03-14T04:31:25Z,postgres,INFO,replication lag 303ms
2026-03-14T04:31:28Z,checkout,INFO,cart 20443 converted in 296ms
2026-03-14T04:31:30Z,checkout,ERROR,healthz timeout after 2000ms
2026-03-14T04:31:33Z,checkout,INFO,cart 5911 abandoned after 59ms
2026-03-14T04:31:36Z,checkout,ERROR,healthz timeout after 2000ms
2026-03-14T04:31:38Z,postgres,INFO,connection 44620 authorised
2026-03-14T04:31:38Z,search,INFO,"suggest cache warm, 48903 entries"
2026-03-14T04:31:42Z,checkout,ERROR,healthz timeout after 2000ms
2026-03-14T04:31:48Z,checkout,ERROR,healthz timeout after 2000ms
2026-03-14T04:31:53Z,auth,INFO,session 21565 refreshed
2026-03-14T04:31:53Z,orders,INFO,order 24339 accepted
2026-03-14T04:31:54Z,checkout,ERROR,healthz timeout after 2000ms
2026-03-14T04:32:00Z,checkout,ERROR,healthz timeout after 2000ms
2026-03-14T04:32:06Z,checkout,ERROR,healthz timeout after 2000ms
2026-03-14T04:32:08Z,orders,INFO,order 4765 invoiced
2026-03-14T04:32:12Z,checkout,ERROR,healthz timeout after 2000ms
2026-03-14T04:32:18Z,checkout,ERROR,healthz timeout after 2000ms
2026-03-14T04:32:20Z,payments,INFO,charge 12746 authorised in 87ms
2026-03-14T04:32:22Z,deploy,INFO,pipeline 58250 green
2026-03-14T04:32:23Z,auth,INFO,session 75542 refreshed
2026-03-14T04:32:24Z,checkout,ERROR,healthz timeout after 2000ms
2026-03-14T04:32:30Z,checkout,ERROR,healthz timeout after 2000ms
2026-03-14T04:32:31Z,search,INFO,index segment 63755 merged
2026-03-14T04:32:36Z,checkout,ERROR,healthz timeout after 2000ms
2026-03-14T04:32:42Z,checkout,ERROR,healthz timeout after 2000ms
2026-03-14T04:32:43Z,auth,INFO,session 12885 refreshed
2026-03-14T04:32:48Z,checkout,ERROR,healthz timeout after 2000ms
2026-03-14T04:32:50Z,auth,INFO,token issued for session 20504
2026-03-14T04:32:50Z,checkout,INFO,cart 51745 converted in 41ms
2026-03-14T04:32:53Z,search,INFO,query 99941 served in 4ms
2026-03-14T04:32:54Z,billing,INFO,dunning run 98760 complete
2026-03-14T04:32:54Z,checkout,ERROR,healthz timeout after 2000ms
2026-03-14T04:32:56Z,checkout,INFO,cart 19706 abandoned after 137ms
2026-03-14T04:32:59Z,search,INFO,query 84882 served in 35ms
2026-03-14T04:33:00Z,checkout,INFO,cart 96994 abandoned after 277ms
2026-03-14T04:33:00Z,checkout,ERROR,healthz timeout after 2000ms
2026-03-14T04:33:03Z,postgres,INFO,replication lag 28ms
2026-03-14T04:33:06Z,checkout,ERROR,healthz timeout after 2000ms
2026-03-14T04:33:09Z,postgres,INFO,"checkpoint complete, 80336 buffers written"
2026-03-14T04:33:12Z,checkout,ERROR,healthz timeout after 2000ms
2026-03-14T04:33:14Z,orders,INFO,order 90214 dispatched in 191ms
2026-03-14T04:33:15Z,postgres,INFO,"checkpoint complete, 87146 buffers written"
2026-03-14T04:33:16Z,payments,INFO,charge 8796 authorised in 143ms
2026-03-14T04:33:16Z,payments,INFO,charge 89532 authorised in 161ms
2026-03-14T04:33:18Z,checkout,ERROR,healthz timeout after 2000ms
2026-03-14T04:33:24Z,checkout,ERROR,healthz timeout after 2000ms
2026-03-14T04:33:30Z,checkout,ERROR,healthz timeout after 2000ms
2026-03-14T04:33:36Z,checkout,ERROR,healthz timeout after 2000ms
2026-03-14T04:33:42Z,checkout,ERROR,healthz timeout after 2000ms
2026-03-14T04:33:45Z,search,INFO,query 71607 served in 75ms
2026-03-14T04:33:48Z,checkout,ERROR,healthz timeout after 2000ms
2026-03-14T04:33:52Z,postgres,INFO,autovacuum finished on table 21848
2026-03-14T04:33:54Z,checkout,ERROR,healthz timeout after 2000ms
2026-03-14T04:34:00Z,checkout,ERROR,healthz timeout after 2000ms
2026-03-14T04:34:01Z,search,INFO,"suggest cache warm, 99291 entries"
2026-03-14T04:34:06Z,checkout,ERROR,healthz timeout after 2000ms
2026-03-14T04:34:11Z,auth,INFO,login succeeded in 272ms
2026-03-14T04:34:12Z,checkout,ERROR,healthz timeout after 2000ms
2026-03-14T04:34:18Z,checkout,ERROR,healthz timeout after 2000ms
2026-03-14T04:34:22Z,orders,INFO,order 15786 invoiced
2026-03-14T04:34:24Z,checkout,ERROR,healthz timeout after 2000ms
2026-03-14T04:34:29Z,deploy,INFO,canary 48999 healthy
2026-03-14T04:34:30Z,checkout,ERROR,healthz timeout after 2000ms
2026-03-14T04:34:32Z,auth,INFO,logout for session 66003
2026-03-14T04:34:32Z,postgres,INFO,connection 42834 authorised
2026-03-14T04:34:34Z,payments,INFO,charge 26283 authorised in 132ms
2026-03-14T04:34:36Z,checkout,ERROR,healthz timeout after 2000ms
2026-03-14T04:34:38Z,search,INFO,query 94314 served in 280ms
2026-03-14T04:34:41Z,orders,INFO,order 44036 dispatched in 81ms
2026-03-14T04:34:42Z,billing,INFO,dunning run 83925 complete
2026-03-14T04:34:54Z,checkout,INFO,session 76574 started
2026-03-14T04:34:56Z,billing,INFO,invoice 6096 rendered in 295ms
2026-03-14T04:34:57Z,payments,INFO,refund 36561 completed
2026-03-14T04:35:02Z,checkout,INFO,payment intent 77265 created
2026-03-14T04:35:02Z,deploy,INFO,artefact 63928 published
2026-03-14T04:35:12Z,search,INFO,"suggest cache warm, 17435 entries"
2026-03-14T04:35:13Z,postgres,INFO,connection 26368 authorised
2026-03-14T04:35:14Z,checkout,INFO,cart 57213 converted in 316ms
2026-03-14T04:35:25Z,orders,INFO,order 51958 invoiced
2026-03-14T04:35:28Z,search,INFO,query 97952 served in 104ms
2026-03-14T04:35:38Z,postgres,INFO,autovacuum finished on table 51165
2026-03-14T04:35:49Z,postgres,INFO,replication lag 99ms
2026-03-14T04:35:58Z,auth,INFO,token issued for session 19222
2026-03-14T04:36:03Z,payments,INFO,webhook 55031 acknowledged
2026-03-14T04:36:09Z,auth,INFO,token issued for session 61099
2026-03-14T04:36:12Z,search,INFO,index segment 94521 merged
2026-03-14T04:36:15Z,billing,INFO,subscription 8728 renewed
2026-03-14T04:36:33Z,checkout,INFO,cart 46979 converted in 244ms
2026-03-14T04:36:35Z,auth,INFO,session 50571 refreshed
2026-03-14T04:36:41Z,checkout,INFO,payment intent 20745 created
2026-03-14T04:37:06Z,payments,INFO,settlement batch 85102 queued
2026-03-14T04:37:31Z,billing,INFO,dunning run 76522 complete
2026-03-14T04:37:35Z,auth,INFO,session 53064 refreshed
2026-03-14T04:37:37Z,search,INFO,query 44877 served in 221ms
2026-03-14T04:37:45Z,billing,INFO,subscription 97433 renewed
2026-03-14T04:37:47Z,payments,INFO,settlement batch 27844 queued
2026-03-14T04:38:09Z,deploy,INFO,artefact 18296 published
2026-03-14T04:38:26Z,postgres,INFO,connection 55096 authorised
2026-03-14T04:38:31Z,payments,INFO,webhook 43540 acknowledged
2026-03-14T04:38:37Z,checkout,INFO,cart 75036 converted in 6ms
2026-03-14T04:38:38Z,orders,INFO,inventory check 43117 passed
2026-03-14T04:38:42Z,search,INFO,"suggest cache warm, 45246 entries"
2026-03-14T04:38:54Z,orders,INFO,order 57076 dispatched in 112ms
2026-03-14T04:38:57Z,checkout,INFO,cart 92859 abandoned after 110ms
2026-03-14T04:39:06Z,search,INFO,query 73334 served in 258ms
2026-03-14T04:39:12Z,auth,INFO,token issued for session 40870
2026-03-14T04:39:14Z,billing,INFO,subscription 70594 renewed
2026-03-14T04:39:24Z,payments,INFO,refund 74483 completed
2026-03-14T04:39:25Z,orders,INFO,order 23270 accepted
2026-03-14T04:39:25Z,postgres,INFO,connection 13323 authorised
2026-03-14T04:39:33Z,billing,INFO,dunning run 12125 complete
2026-03-14T04:39:47Z,orders,INFO,order 92018 dispatched in 10ms
2026-03-14T04:39:49Z,checkout,WARN,"slow downstream call to search, 481ms"
2026-03-14T04:39:55Z,search,INFO,query 68327 served in 287ms
2026-03-14T04:40:20Z,billing,INFO,credit note 68484 issued
2026-03-14T04:40:39Z,checkout,INFO,payment intent 58580 created
2026-03-14T04:40:51Z,search,INFO,"suggest cache warm, 91855 entries"
2026-03-14T04:40:52Z,orders,INFO,order 7949 accepted
2026-03-14T04:41:01Z,orders,INFO,order 90333 accepted
2026-03-14T04:41:07Z,billing,INFO,credit note 28970 issued
2026-03-14T04:41:08Z,search,INFO,"suggest cache warm, 2447 entries"
2026-03-14T04:41:12Z,search,INFO,index segment 5380 merged
2026-03-14T04:41:17Z,billing,INFO,credit note 48727 issued
2026-03-14T04:41:20Z,postgres,INFO,autovacuum finished on table 24471
2026-03-14T04:41:26Z,billing,INFO,invoice 40233 rendered in 175ms
2026-03-14T04:41:38Z,postgres,INFO,replication lag 132ms
2026-03-14T04:41:40Z,search,INFO,"suggest cache warm, 5521 entries"
2026-03-14T04:41:45Z,search,INFO,query 97230 served in 162ms
2026-03-14T04:41:47Z,orders,INFO,order 93625 dispatched in 257ms
2026-03-14T04:41:48Z,checkout,INFO,session 23137 started
2026-03-14T04:41:52Z,auth,INFO,login succeeded in 27ms
2026-03-14T04:41:54Z,billing,INFO,credit note 62654 issued
2026-03-14T04:42:24Z,checkout,INFO,cart 63006 abandoned after 114ms
2026-03-14T04:42:24Z,payments,INFO,refund 1197 completed
2026-03-14T04:42:26Z,payments,INFO,charge 67767 authorised in 145ms
2026-03-14T04:42:38Z,auth,INFO,session 40396 refreshed
2026-03-14T04:42:41Z,checkout,INFO,payment intent 57992 created
2026-03-14T04:42:45Z,billing,INFO,subscription 3467 renewed
2026-03-14T04:42:49Z,checkout,INFO,payment intent 8815 created
2026-03-14T04:43:03Z,billing,INFO,credit note 88629 issued
2026-03-14T04:43:22Z,postgres,INFO,"checkpoint complete, 64205 buffers written"
2026-03-14T04:43:23Z,payments,INFO,charge 90230 authorised in 263ms
2026-03-14T04:43:23Z,search,INFO,index segment 20806 merged
2026-03-14T04:43:24Z,payments,INFO,refund 11199 completed
2026-03-14T04:43:32Z,auth,INFO,session 65349 refreshed
2026-03-14T04:43:32Z,payments,INFO,settlement batch 89802 queued
2026-03-14T04:43:37Z,auth,INFO,login succeeded in 230ms
2026-03-14T04:43:37Z,checkout,INFO,cart 25976 converted in 40ms
2026-03-14T04:43:38Z,search,INFO,query 54728 served in 152ms
2026-03-14T04:43:43Z,deploy,INFO,pipeline 27583 green
2026-03-14T04:43:52Z,orders,INFO,order 43469 invoiced
2026-03-14T04:44:00Z,orders,INFO,inventory check 79805 passed
2026-03-14T04:44:03Z,orders,INFO,order 70634 dispatched in 286ms
2026-03-14T04:44:06Z,postgres,INFO,"checkpoint complete, 24614 buffers written"
2026-03-14T04:44:11Z,auth,INFO,login succeeded in 47ms
2026-03-14T04:44:20Z,postgres,INFO,replication lag 276ms
2026-03-14T04:44:33Z,payments,INFO,refund 32559 completed
2026-03-14T04:44:40Z,payments,INFO,refund 36773 completed
2026-03-14T04:44:44Z,payments,INFO,charge 5259 authorised in 270ms
2026-03-14T04:44:49Z,postgres,INFO,connection 64409 authorised
2026-03-14T04:45:00Z,checkout,ERROR,healthz timeout after 2000ms
2026-03-14T04:45:06Z,checkout,ERROR,healthz timeout after 2000ms
2026-03-14T04:45:08Z,billing,INFO,subscription 35906 renewed
2026-03-14T04:45:12Z,checkout,ERROR,healthz timeout after 2000ms
2026-03-14T04:45:15Z,payments,INFO,webhook 65822 acknowledged
2026-03-14T04:45:18Z,checkout,ERROR,healthz timeout after 2000ms
2026-03-14T04:45:23Z,orders,INFO,inventory check 25874 passed
2026-03-14T04:45:24Z,checkout,ERROR,healthz timeout after 2000ms
2026-03-14T04:45:30Z,checkout,ERROR,healthz timeout after 2000ms
2026-03-14T04:45:34Z,payments,INFO,refund 48362 completed
2026-03-14T04:45:36Z,checkout,ERROR,healthz timeout after 2000ms
2026-03-14T04:45:39Z,payments,INFO,charge 89168 authorised in 41ms
2026-03-14T04:45:42Z,checkout,ERROR,healthz timeout after 2000ms
2026-03-14T04:45:42Z,orders,INFO,inventory check 42146 passed
2026-03-14T04:45:48Z,checkout,ERROR,healthz timeout after 2000ms
2026-03-14T04:45:50Z,checkout,INFO,session 50630 started
2026-03-14T04:45:54Z,checkout,ERROR,healthz timeout after 2000ms
2026-03-14T04:45:55Z,billing,INFO,dunning run 26983 complete
2026-03-14T04:46:00Z,checkout,ERROR,healthz timeout after 2000ms
2026-03-14T04:46:06Z,checkout,ERROR,healthz timeout after 2000ms
2026-03-14T04:46:12Z,checkout,ERROR,healthz timeout after 2000ms
2026-03-14T04:46:14Z,checkout,INFO,cart 13033 abandoned after 281ms
2026-03-14T04:46:16Z,payments,INFO,settlement batch 4773 queued
2026-03-14T04:46:18Z,checkout,ERROR,healthz timeout after 2000ms
2026-03-14T04:46:19Z,orders,INFO,order 87763 dispatched in 156ms
2026-03-14T04:46:24Z,checkout,ERROR,healthz timeout after 2000ms
2026-03-14T04:46:25Z,postgres,INFO,connection 92130 authorised
2026-03-14T04:46:30Z,checkout,ERROR,healthz timeout after 2000ms
2026-03-14T04:46:34Z,checkout,INFO,cart 58765 converted in 310ms
2026-03-14T04:46:36Z,checkout,ERROR,healthz timeout after 2000ms
2026-03-14T04:46:42Z,checkout,ERROR,healthz timeout after 2000ms
2026-03-14T04:46:47Z,search,INFO,index segment 56378 merged
2026-03-14T04:46:48Z,checkout,ERROR,healthz timeout after 2000ms
2026-03-14T04:46:53Z,orders,INFO,order 73851 accepted
2026-03-14T04:46:54Z,checkout,ERROR,healthz timeout after 2000ms
2026-03-14T04:46:55Z,auth,INFO,session 14369 refreshed
2026-03-14T04:47:00Z,checkout,ERROR,healthz timeout after 2000ms
2026-03-14T04:47:02Z,orders,INFO,order 89223 invoiced
2026-03-14T04:47:02Z,search,INFO,query 66233 served in 168ms
2026-03-14T04:47:06Z,checkout,ERROR,healthz timeout after 2000ms
2026-03-14T04:47:07Z,search,INFO,query 26633 served in 195ms
2026-03-14T04:47:11Z,auth,INFO,login succeeded in 271ms
2026-03-14T04:47:12Z,checkout,ERROR,healthz timeout after 2000ms
2026-03-14T04:47:18Z,auth,INFO,token issued for session 15813
2026-03-14T04:47:18Z,checkout,ERROR,healthz timeout after 2000ms
2026-03-14T04:47:24Z,billing,INFO,credit note 59704 issued
2026-03-14T04:47:24Z,checkout,ERROR,healthz timeout after 2000ms
2026-03-14T04:47:30Z,checkout,ERROR,healthz timeout after 2000ms
2026-03-14T04:47:36Z,checkout,ERROR,healthz timeout after 2000ms
2026-03-14T04:47:36Z,search,INFO,index segment 41814 merged
2026-03-14T04:47:42Z,checkout,ERROR,healthz timeout after 2000ms
2026-03-14T04:47:46Z,auth,INFO,token issued for session 85149
2026-03-14T04:47:48Z,checkout,ERROR,healthz timeout after 2000ms
2026-03-14T04:47:51Z,payments,INFO,charge 75228 authorised in 256ms
2026-03-14T04:47:54Z,checkout,ERROR,healthz timeout after 2000ms
2026-03-14T04:48:00Z,checkout,ERROR,healthz timeout after 2000ms
2026-03-14T04:48:06Z,checkout,ERROR,healthz timeout after 2000ms
2026-03-14T04:48:12Z,checkout,ERROR,healthz timeout after 2000ms
2026-03-14T04:48:12Z,search,INFO,query 19969 served in 103ms
2026-03-14T04:48:13Z,postgres,INFO,"checkpoint complete, 73126 buffers written"
2026-03-14T04:48:14Z,postgres,INFO,connection 97054 authorised
2026-03-14T04:48:18Z,checkout,ERROR,healthz timeout after 2000ms
2026-03-14T04:48:18Z,orders,INFO,order 53546 invoiced
2026-03-14T04:48:21Z,payments,INFO,settlement batch 35404 queued
2026-03-14T04:48:24Z,checkout,ERROR,healthz timeout after 2000ms
2026-03-14T04:48:28Z,postgres,INFO,connection 86277 authorised
2026-03-14T04:48:29Z,billing,INFO,subscription 4092 renewed
2026-03-14T04:48:30Z,checkout,ERROR,healthz timeout after 2000ms
2026-03-14T04:48:36Z,checkout,ERROR,healthz timeout after 2000ms
2026-03-14T04:48:42Z,checkout,ERROR,healthz timeout after 2000ms
2026-03-14T04:48:43Z,auth,INFO,logout for session 93322
2026-03-14T04:48:48Z,checkout,ERROR,healthz timeout after 2000ms
2026-03-14T04:48:49Z,orders,INFO,inventory check 45679 passed
2026-03-14T04:48:50Z,checkout,INFO,payment intent 83208 created
2026-03-14T04:48:50Z,search,INFO,"suggest cache warm, 28327 entries"
2026-03-14T04:48:54Z,checkout,ERROR,healthz timeout after 2000ms
2026-03-14T04:48:56Z,auth,INFO,login succeeded in 272ms
2026-03-14T04:48:56Z,checkout,INFO,session 97144 started
2026-03-14T04:48:56Z,payments,INFO,webhook 71359 acknowledged
2026-03-14T04:48:56Z,postgres,INFO,replication lag 85ms
2026-03-14T04:49:00Z,checkout,ERROR,healthz timeout after 2000ms
2026-03-14T04:49:06Z,checkout,ERROR,healthz timeout after 2000ms
2026-03-14T04:49:07Z,billing,INFO,invoice 24420 rendered in 90ms
2026-03-14T04:49:07Z,payments,INFO,settlement batch 86815 queued
2026-03-14T04:49:12Z,checkout,ERROR,healthz timeout after 2000ms
2026-03-14T04:49:18Z,checkout,ERROR,healthz timeout after 2000ms
2026-03-14T04:49:22Z,postgres,INFO,autovacuum finished on table 71571
2026-03-14T04:49:24Z,checkout,ERROR,healthz timeout after 2000ms
2026-03-14T04:49:24Z,orders,INFO,order 53479 dispatched in 304ms
2026-03-14T04:49:27Z,billing,INFO,credit note 27336 issued
2026-03-14T04:49:27Z,billing,INFO,invoice 76497 rendered in 166ms
2026-03-14T04:49:28Z,billing,INFO,invoice 7760 rendered in 57ms
2026-03-14T04:49:30Z,checkout,ERROR,healthz timeout after 2000ms
2026-03-14T04:49:36Z,checkout,ERROR,healthz timeout after 2000ms
2026-03-14T04:49:38Z,orders,INFO,order 82532 dispatched in 179ms
2026-03-14T04:49:41Z,postgres,INFO,connection 41690 authorised
2026-03-14T04:49:49Z,search,INFO,query 14199 served in 91ms
2026-03-14T04:49:55Z,billing,INFO,invoice 66650 rendered in 308ms
2026-03-14T04:49:55Z,postgres,INFO,connection 89684 authorised
2026-03-14T04:50:18Z,search,INFO,index segment 34042 merged
2026-03-14T04:50:19Z,payments,INFO,settlement batch 25685 queued
2026-03-14T04:50:37Z,orders,INFO,order 70617 dispatched in 38ms
2026-03-14T04:50:38Z,search,INFO,query 54936 served in 96ms
2026-03-14T04:50:59Z,billing,INFO,dunning run 41526 complete
2026-03-14T04:51:01Z,billing,INFO,dunning run 58374 complete
2026-03-14T04:51:02Z,auth,INFO,token issued for session 61846
2026-03-14T04:51:04Z,orders,INFO,order 52765 dispatched in 162ms
2026-03-14T04:51:06Z,payments,INFO,webhook 89369 acknowledged
2026-03-14T04:51:06Z,search,INFO,"suggest cache warm, 99542 entries"
2026-03-14T04:51:07Z,auth,INFO,session 39321 refreshed
2026-03-14T04:51:12Z,auth,INFO,token issued for session 59213
2026-03-14T04:51:19Z,checkout,INFO,cart 11447 converted in 256ms
2026-03-14T04:51:23Z,billing,INFO,invoice 84848 rendered in 216ms
2026-03-14T04:51:25Z,payments,INFO,settlement batch 79870 queued
2026-03-14T04:51:27Z,orders,INFO,order 1141 accepted
2026-03-14T04:51:40Z,auth,INFO,session 78409 refreshed
2026-03-14T04:51:41Z,auth,INFO,login succeeded in 112ms
2026-03-14T04:51:41Z,auth,INFO,login succeeded in 181ms
2026-03-14T04:51:42Z,search,INFO,index segment 78697 merged
2026-03-14T04:51:54Z,auth,INFO,logout for session 6892
2026-03-14T04:52:03Z,auth,INFO,session 62520 refreshed
2026-03-14T04:52:17Z,postgres,INFO,replication lag 161ms
2026-03-14T04:52:38Z,auth,INFO,login succeeded in 18ms
2026-03-14T04:52:54Z,postgres,INFO,autovacuum finished on table 28206
2026-03-14T04:52:57Z,search,INFO,query 60299 served in 247ms
2026-03-14T04:53:03Z,checkout,INFO,cart 76643 converted in 83ms
2026-03-14T04:53:05Z,postgres,INFO,connection 5323 authorised
2026-03-14T04:53:12Z,orders,INFO,order 18571 accepted
2026-03-14T04:53:15Z,billing,INFO,invoice 26575 rendered in 250ms
2026-03-14T04:53:20Z,postgres,INFO,autovacuum finished on table 9399
2026-03-14T04:53:23Z,orders,INFO,order 88968 dispatched in 115ms
2026-03-14T04:53:46Z,search,INFO,"suggest cache warm, 55225 entries"
2026-03-14T04:54:02Z,billing,INFO,dunning run 16726 complete
2026-03-14T04:54:09Z,orders,INFO,order 96328 accepted
2026-03-14T04:54:10Z,payments,INFO,charge 22305 authorised in 93ms
2026-03-14T04:54:20Z,payments,INFO,refund 27447 completed
2026-03-14T04:54:20Z,payments,INFO,settlement batch 33940 queued
2026-03-14T04:54:20Z,postgres,INFO,connection 55660 authorised
2026-03-14T04:54:29Z,billing,INFO,subscription 78342 renewed
2026-03-14T04:54:33Z,search,INFO,"suggest cache warm, 41979 entries"
2026-03-14T04:54:47Z,checkout,INFO,cart 47782 abandoned after 234ms
2026-03-14T04:54:47Z,checkout,INFO,cart 6768 converted in 71ms
2026-03-14T04:54:47Z,orders,INFO,order 13028 dispatched in 39ms
2026-03-14T04:54:47Z,postgres,INFO,autovacuum finished on table 55283
2026-03-14T04:54:49Z,postgres,INFO,autovacuum finished on table 32553
2026-03-14T04:54:59Z,checkout,INFO,payment intent 25378 created
2026-03-14T04:55:00Z,deploy,INFO,pipeline 10299 green
2026-03-14T04:55:04Z,postgres,FATAL,the database system is shutting down
2026-03-14T04:55:05Z,postgres,FATAL,"could not write to WAL, device reports no space"
2026-03-14T04:55:06Z,orders,ERROR,could not connect to server: connection refused
2026-03-14T04:55:11Z,billing,ERROR,could not connect to server: connection refused
2026-03-14T04:55:15Z,checkout,INFO,cart 51243 converted in 29ms
2026-03-14T04:55:16Z,checkout,ERROR,could not connect to server: connection refused
2026-03-14T04:55:17Z,payments,INFO,settlement batch 69857 queued
2026-03-14T04:55:19Z,orders,INFO,order 22108 accepted
2026-03-14T04:55:21Z,payments,ERROR,could not connect to server: connection refused
2026-03-14T04:55:26Z,auth,INFO,token issued for session 57358
2026-03-14T04:55:26Z,orders,ERROR,could not connect to server: connection refused
2026-03-14T04:55:29Z,payments,INFO,refund 17584 completed
2026-03-14T04:55:31Z,billing,ERROR,could not connect to server: connection refused
2026-03-14T04:55:32Z,postgres,INFO,autovacuum finished on table 21230
2026-03-14T04:55:36Z,checkout,ERROR,could not connect to server: connection refused
2026-03-14T04:55:37Z,checkout,INFO,session 6839 started
2026-03-14T04:55:40Z,postgres,INFO,autovacuum finished on table 4354
2026-03-14T04:55:41Z,payments,ERROR,could not connect to server: connection refused
2026-03-14T04:55:41Z,search,INFO,query 45512 served in 146ms
2026-03-14T04:55:42Z,postgres,INFO,connection 70251 authorised
2026-03-14T04:55:45Z,auth,INFO,session 11495 refreshed
2026-03-14T04:55:46Z,billing,INFO,invoice 25912 rendered in 43ms
2026-03-14T04:55:46Z,orders,ERROR,could not connect to server: connection refused
2026-03-14T04:55:47Z,checkout,INFO,cart 65936 converted in 167ms
2026-03-14T04:55:51Z,billing,ERROR,could not connect to server: connection refused
2026-03-14T04:55:56Z,checkout,ERROR,could not connect to server: connection refused
2026-03-14T04:56:01Z,payments,ERROR,could not connect to server: connection refused
2026-03-14T04:56:06Z,orders,ERROR,could not connect to server: connection refused
2026-03-14T04:56:11Z,billing,ERROR,could not connect to server: connection refused
2026-03-14T04:56:13Z,billing,INFO,subscription 30837 renewed
2026-03-14T04:56:16Z,checkout,ERROR,could not connect to server: connection refused
2026-03-14T04:56:17Z,billing,INFO,credit note 77262 issued
2026-03-14T04:56:21Z,payments,ERROR,could not connect to server: connection refused
2026-03-14T04:56:24Z,payments,INFO,settlement batch 78265 queued
2026-03-14T04:56:26Z,orders,ERROR,could not connect to server: connection refused
2026-03-14T04:56:28Z,payments,INFO,charge 76377 authorised in 82ms
2026-03-14T04:56:31Z,billing,ERROR,could not connect to server: connection refused
2026-03-14T04:56:35Z,checkout,INFO,cart 7623 abandoned after 169ms
2026-03-14T04:56:36Z,checkout,ERROR,could not connect to server: connection refused
2026-03-14T04:56:40Z,orders,INFO,inventory check 47436 passed
2026-03-14T04:56:41Z,payments,ERROR,could not connect to server: connection refused
2026-03-14T04:56:43Z,postgres,INFO,"checkpoint complete, 6041 buffers written"
2026-03-14T04:56:46Z,orders,ERROR,could not connect to server: connection refused
2026-03-14T04:56:47Z,postgres,INFO,autovacuum finished on table 65061
2026-03-14T04:56:47Z,postgres,INFO,connection 87564 authorised
2026-03-14T04:56:50Z,payments,INFO,settlement batch 28900 queued
2026-03-14T04:56:51Z,billing,ERROR,could not connect to server: connection refused
2026-03-14T04:56:51Z,search,INFO,query 39932 served in 236ms
2026-03-14T04:56:56Z,checkout,ERROR,could not connect to server: connection refused
2026-03-14T04:57:01Z,payments,ERROR,could not connect to server: connection refused
2026-03-14T04:57:06Z,orders,ERROR,could not connect to server: connection refused
2026-03-14T04:57:07Z,payments,INFO,charge 8247 authorised in 272ms
2026-03-14T04:57:11Z,billing,ERROR,could not connect to server: connection refused
2026-03-14T04:57:16Z,checkout,ERROR,could not connect to server: connection refused
2026-03-14T04:57:21Z,payments,ERROR,could not connect to server: connection refused
2026-03-14T04:57:26Z,orders,ERROR,could not connect to server: connection refused
2026-03-14T04:57:31Z,billing,ERROR,could not connect to server: connection refused
2026-03-14T04:57:32Z,search,INFO,query 40884 served in 44ms
2026-03-14T04:57:36Z,checkout,ERROR,could not connect to server: connection refused
2026-03-14T04:57:36Z,search,INFO,query 1811 served in 72ms
2026-03-14T04:57:39Z,billing,INFO,invoice 50526 rendered in 9ms
2026-03-14T04:57:41Z,payments,ERROR,could not connect to server: connection refused
2026-03-14T04:57:43Z,orders,INFO,inventory check 14600 passed
2026-03-14T04:57:46Z,orders,ERROR,could not connect to server: connection refused
2026-03-14T04:57:50Z,payments,INFO,refund 68565 completed
2026-03-14T04:57:51Z,billing,ERROR,could not connect to server: connection refused
2026-03-14T04:57:52Z,deploy,INFO,pipeline 68326 green
2026-03-14T04:57:56Z,billing,INFO,subscription 93027 renewed
2026-03-14T04:57:56Z,checkout,ERROR,could not connect to server: connection refused
2026-03-14T04:57:57Z,orders,INFO,order 56474 invoiced
2026-03-14T04:58:01Z,payments,ERROR,could not connect to server: connection refused
2026-03-14T04:58:02Z,orders,INFO,inventory check 87040 passed
2026-03-14T04:58:04Z,auth,INFO,login succeeded in 165ms
2026-03-14T04:58:05Z,billing,INFO,invoice 13517 rendered in 289ms
2026-03-14T04:58:06Z,orders,ERROR,could not connect to server: connection refused
2026-03-14T04:58:08Z,auth,INFO,login succeeded in 18ms
2026-03-14T04:58:11Z,billing,ERROR,could not connect to server: connection refused
2026-03-14T04:58:12Z,checkout,INFO,cart 85172 converted in 176ms
2026-03-14T04:58:16Z,checkout,ERROR,could not connect to server: connection refused
2026-03-14T04:58:21Z,payments,ERROR,could not connect to server: connection refused
2026-03-14T04:58:26Z,orders,ERROR,could not connect to server: connection refused
2026-03-14T04:58:31Z,billing,ERROR,could not connect to server: connection refused
2026-03-14T04:58:36Z,checkout,ERROR,could not connect to server: connection refused
2026-03-14T04:58:41Z,payments,ERROR,could not connect to server: connection refused
2026-03-14T04:58:43Z,payments,INFO,settlement batch 93881 queued
2026-03-14T04:58:44Z,orders,INFO,order 44785 accepted
2026-03-14T04:58:46Z,orders,ERROR,could not connect to server: connection refused
2026-03-14T04:58:48Z,checkout,INFO,session 47172 started
2026-03-14T04:58:51Z,billing,ERROR,could not connect to server: connection refused
2026-03-14T04:58:56Z,checkout,ERROR,could not connect to server: connection refused
2026-03-14T04:58:57Z,postgres,INFO,autovacuum finished on table 62982
2026-03-14T04:59:01Z,auth,INFO,session 51734 refreshed
2026-03-14T04:59:01Z,billing,INFO,dunning run 18971 complete
2026-03-14T04:59:01Z,payments,ERROR,could not connect to server: connection refused
2026-03-14T04:59:06Z,orders,ERROR,could not connect to server: connection refused
2026-03-14T04:59:08Z,checkout,INFO,payment intent 69014 created
2026-03-14T04:59:11Z,billing,ERROR,could not connect to server: connection refused
2026-03-14T04:59:16Z,checkout,ERROR,could not connect to server: connection refused
2026-03-14T04:59:16Z,search,INFO,"suggest cache warm, 3145 entries"
2026-03-14T04:59:21Z,payments,ERROR,could not connect to server: connection refused
2026-03-14T04:59:22Z,payments,INFO,settlement batch 83231 queued
2026-03-14T04:59:26Z,postgres,INFO,autovacuum finished on table 95040
2026-03-14T04:59:27Z,auth,INFO,token issued for session 49186
2026-03-14T04:59:30Z,orders,INFO,order 88892 dispatched in 154ms
2026-03-14T04:59:40Z,auth,INFO,logout for session 46252
2026-03-14T04:59:51Z,auth,INFO,token issued for session 54305
2026-03-14T04:59:56Z,orders,INFO,order 7323 dispatched in 154ms
2026-03-14T05:00:06Z,orders,ERROR,could not connect to server: connection refused
2026-03-14T05:00:09Z,postgres,INFO,replication lag 118ms
2026-03-14T05:00:11Z,billing,ERROR,could not connect to server: connection refused
2026-03-14T05:00:12Z,auth,INFO,session 63659 refreshed
2026-03-14T05:00:16Z,billing,INFO,dunning run 36475 complete
2026-03-14T05:00:16Z,checkout,ERROR,could not connect to server: connection refused
2026-03-14T05:00:21Z,payments,ERROR,could not connect to server: connection refused
2026-03-14T05:00:26Z,orders,ERROR,could not connect to server: connection refused
2026-03-14T05:00:27Z,payments,INFO,charge 87183 authorised in 229ms
2026-03-14T05:00:31Z,billing,ERROR,could not connect to server: connection refused
2026-03-14T05:00:36Z,checkout,ERROR,could not connect to server: connection refused
2026-03-14T05:00:41Z,payments,ERROR,could not connect to server: connection refused
2026-03-14T05:00:46Z,orders,ERROR,could not connect to server: connection refused
2026-03-14T05:00:48Z,orders,INFO,order 91295 accepted
2026-03-14T05:00:48Z,postgres,INFO,replication lag 266ms
2026-03-14T05:00:50Z,postgres,INFO,connection 34493 authorised
2026-03-14T05:00:51Z,billing,ERROR,could not connect to server: connection refused
2026-03-14T05:00:51Z,payments,INFO,settlement batch 30977 queued
2026-03-14T05:00:56Z,checkout,ERROR,could not connect to server: connection refused
2026-03-14T05:01:01Z,payments,ERROR,could not connect to server: connection refused
2026-03-14T05:01:03Z,billing,INFO,invoice 13538 rendered in 250ms
2026-03-14T05:01:06Z,checkout,INFO,session 93146 started
2026-03-14T05:01:06Z,orders,ERROR,could not connect to server: connection refused
2026-03-14T05:01:08Z,deploy,INFO,pipeline 26842 green
2026-03-14T05:01:11Z,billing,ERROR,could not connect to server: connection refused
2026-03-14T05:01:14Z,orders,INFO,order 73184 accepted
2026-03-14T05:01:16Z,checkout,ERROR,could not connect to server: connection refused
2026-03-14T05:01:21Z,orders,INFO,order 61966 accepted
2026-03-14T05:01:21Z,payments,ERROR,could not connect to server: connection refused
2026-03-14T05:01:26Z,orders,ERROR,could not connect to server: connection refused
2026-03-14T05:01:31Z,billing,ERROR,could not connect to server: connection refused
2026-03-14T05:01:31Z,search,INFO,"suggest cache warm, 18198 entries"
2026-03-14T05:01:36Z,checkout,ERROR,could not connect to server: connection refused
2026-03-14T05:01:41Z,payments,ERROR,could not connect to server: connection refused
2026-03-14T05:01:46Z,orders,ERROR,could not connect to server: connection refused
2026-03-14T05:01:48Z,checkout,INFO,cart 73391 converted in 114ms
2026-03-14T05:01:49Z,postgres,INFO,autovacuum finished on table 52367
2026-03-14T05:01:49Z,postgres,INFO,connection 37771 authorised
2026-03-14T05:01:51Z,billing,ERROR,could not connect to server: connection refused
2026-03-14T05:01:54Z,postgres,INFO,replication lag 103ms
2026-03-14T05:01:55Z,auth,INFO,login succeeded in 168ms
2026-03-14T05:01:56Z,auth,INFO,token issued for session 84772
2026-03-14T05:01:56Z,checkout,ERROR,could not connect to server: connection refused
2026-03-14T05:01:58Z,checkout,INFO,session 10836 started
2026-03-14T05:02:01Z,payments,ERROR,could not connect to server: connection refused
2026-03-14T05:02:06Z,auth,INFO,login succeeded in 169ms
2026-03-14T05:02:06Z,orders,ERROR,could not connect to server: connection refused
2026-03-14T05:02:10Z,orders,INFO,inventory check 24419 passed
2026-03-14T05:02:11Z,billing,ERROR,could not connect to server: connection refused
2026-03-14T05:02:15Z,auth,INFO,session 9967 refreshed
2026-03-14T05:02:16Z,checkout,ERROR,could not connect to server: connection refused
2026-03-14T05:02:21Z,payments,ERROR,could not connect to server: connection refused
2026-03-14T05:02:23Z,billing,INFO,subscription 98134 renewed
2026-03-14T05:02:26Z,orders,ERROR,could not connect to server: connection refused
2026-03-14T05:02:26Z,payments,INFO,webhook 78155 acknowledged
2026-03-14T05:02:31Z,billing,ERROR,could not connect to server: connection refused
2026-03-14T05:02:36Z,checkout,ERROR,could not connect to server: connection refused
2026-03-14T05:02:41Z,payments,ERROR,could not connect to server: connection refused
2026-03-14T05:02:41Z,search,INFO,"suggest cache warm, 38682 entries"
2026-03-14T05:02:46Z,orders,ERROR,could not connect to server: connection refused
2026-03-14T05:02:51Z,billing,ERROR,could not connect to server: connection refused
2026-03-14T05:02:56Z,checkout,ERROR,could not connect to server: connection refused
2026-03-14T05:02:57Z,billing,INFO,subscription 84073 renewed
2026-03-14T05:03:01Z,payments,ERROR,could not connect to server: connection refused
2026-03-14T05:03:02Z,orders,INFO,order 4061 invoiced
2026-03-14T05:03:06Z,orders,ERROR,could not connect to server: connection refused
2026-03-14T05:03:07Z,payments,INFO,refund 52226 completed
2026-03-14T05:03:11Z,billing,ERROR,could not connect to server: connection refused
2026-03-14T05:03:12Z,search,INFO,index segment 30189 merged
2026-03-14T05:03:15Z,billing,INFO,credit note 42537 issued
2026-03-14T05:03:16Z,checkout,ERROR,could not connect to server: connection refused
2026-03-14T05:03:21Z,billing,INFO,subscription 35566 renewed
2026-03-14T05:03:21Z,payments,ERROR,could not connect to server: connection refused
2026-03-14T05:03:26Z,orders,ERROR,could not connect to server: connection refused
2026-03-14T05:03:28Z,search,INFO,query 65749 served in 14ms
2026-03-14T05:03:30Z,payments,INFO,settlement batch 13861 queued
2026-03-14T05:03:31Z,billing,ERROR,could not connect to server: connection refused
2026-03-14T05:03:36Z,checkout,ERROR,could not connect to server: connection refused
2026-03-14T05:03:39Z,checkout,INFO,session 71052 started
2026-03-14T05:03:41Z,payments,ERROR,could not connect to server: connection refused
2026-03-14T05:03:46Z,billing,INFO,credit note 8810 issued
2026-03-14T05:03:46Z,orders,ERROR,could not connect to server: connection refused
2026-03-14T05:03:50Z,postgres,INFO,"checkpoint complete, 82128 buffers written"
2026-03-14T05:03:51Z,billing,ERROR,could not connect to server: connection refused
2026-03-14T05:03:53Z,search,INFO,"suggest cache warm, 5383 entries"
2026-03-14T05:03:56Z,checkout,ERROR,could not connect to server: connection refused
2026-03-14T05:03:56Z,orders,INFO,inventory check 16936 passed
2026-03-14T05:03:59Z,checkout,INFO,cart 38888 abandoned after 275ms
2026-03-14T05:04:01Z,payments,ERROR,could not connect to server: connection refused
2026-03-14T05:04:06Z,orders,ERROR,could not connect to server: connection refused
2026-03-14T05:04:09Z,orders,INFO,inventory check 68773 passed
2026-03-14T05:04:11Z,billing,ERROR,could not connect to server: connection refused
2026-03-14T05:04:11Z,search,INFO,query 64214 served in 201ms
2026-03-14T05:04:12Z,billing,INFO,subscription 30221 renewed
2026-03-14T05:04:14Z,postgres,INFO,connection 45429 authorised
2026-03-14T05:04:16Z,checkout,ERROR,could not connect to server: connection refused
2026-03-14T05:04:21Z,payments,ERROR,could not connect to server: connection refused
2026-03-14T05:04:31Z,payments,INFO,settlement batch 91915 queued
2026-03-14T05:04:46Z,payments,INFO,charge 42246 authorised in 267ms
2026-03-14T05:04:47Z,orders,INFO,order 86156 invoiced
2026-03-14T05:04:49Z,deploy,INFO,canary 6949 healthy
2026-03-14T05:04:50Z,postgres,ERROR,"recovery in progress, 3 of 9 segments replayed"
2026-03-14T05:04:52Z,checkout,INFO,cart 5872 abandoned after 179ms
2026-03-14T05:05:02Z,billing,INFO,invoice 38371 rendered in 155ms
2026-03-14T05:05:22Z,billing,INFO,credit note 99924 issued
2026-03-14T05:05:24Z,billing,INFO,subscription 75670 renewed
2026-03-14T05:05:24Z,postgres,INFO,"checkpoint complete, 10005 buffers written"
2026-03-14T05:05:27Z,checkout,INFO,cart 53771 converted in 112ms
2026-03-14T05:05:29Z,search,INFO,index segment 83274 merged
2026-03-14T05:05:36Z,postgres,INFO,connection 85387 authorised
2026-03-14T05:05:39Z,checkout,INFO,cart 77447 converted in 193ms
2026-03-14T05:05:39Z,checkout,INFO,payment intent 27758 created
2026-03-14T05:05:39Z,postgres,INFO,autovacuum finished on table 87973
2026-03-14T05:05:46Z,payments,INFO,refund 6844 completed
2026-03-14T05:05:50Z,payments,INFO,charge 70402 authorised in 22ms
2026-03-14T05:05:53Z,billing,INFO,dunning run 62100 complete
2026-03-14T05:05:58Z,orders,INFO,order 50814 accepted
2026-03-14T05:06:07Z,auth,INFO,login succeeded in 125ms
2026-03-14T05:06:15Z,postgres,INFO,connection 19616 authorised
2026-03-14T05:06:27Z,orders,INFO,inventory check 8883 passed
2026-03-14T05:06:32Z,payments,INFO,charge 58324 authorised in 269ms
2026-03-14T05:06:56Z,orders,INFO,order 53980 dispatched in 52ms
2026-03-14T05:06:59Z,postgres,INFO,"checkpoint complete, 27523 buffers written"
2026-03-14T05:07:01Z,billing,INFO,invoice 26801 rendered in 40ms
2026-03-14T05:07:04Z,postgres,INFO,autovacuum finished on table 15148
2026-03-14T05:07:17Z,payments,INFO,charge 76965 authorised in 280ms
2026-03-14T05:07:26Z,billing,INFO,dunning run 41275 complete
2026-03-14T05:07:30Z,auth,INFO,logout for session 5687
2026-03-14T05:07:30Z,payments,INFO,charge 51572 authorised in 146ms
2026-03-14T05:07:31Z,search,INFO,index segment 39271 merged
2026-03-14T05:07:43Z,orders,INFO,inventory check 37010 passed
2026-03-14T05:07:52Z,deploy,INFO,pipeline 5902 green
2026-03-14T05:07:53Z,auth,INFO,logout for session 36055
2026-03-14T05:08:03Z,billing,INFO,invoice 57110 rendered in 287ms
2026-03-14T05:08:08Z,checkout,INFO,session 41269 started
2026-03-14T05:08:18Z,checkout,INFO,cart 7839 abandoned after 201ms
2026-03-14T05:08:18Z,search,INFO,query 51579 served in 46ms
2026-03-14T05:08:21Z,payments,INFO,refund 37021 completed
2026-03-14T05:08:39Z,orders,INFO,inventory check 49573 passed
2026-03-14T05:08:40Z,search,INFO,"suggest cache warm, 20680 entries"
2026-03-14T05:08:46Z,checkout,INFO,cart 19925 abandoned after 234ms
2026-03-14T05:08:48Z,orders,INFO,order 94678 dispatched in 213ms
2026-03-14T05:08:58Z,deploy,INFO,artefact 10309 published
2026-03-14T05:09:01Z,orders,INFO,inventory check 44745 passed
2026-03-14T05:09:02Z,auth,INFO,session 18444 refreshed
2026-03-14T05:09:05Z,postgres,INFO,autovacuum finished on table 40695
2026-03-14T05:09:09Z,checkout,INFO,cart 84480 abandoned after 103ms
2026-03-14T05:09:10Z,checkout,INFO,payment intent 6320 created
2026-03-14T05:09:14Z,payments,INFO,charge 59099 authorised in 50ms
2026-03-14T05:09:19Z,search,INFO,index segment 1447 merged
2026-03-14T05:09:21Z,payments,INFO,webhook 82345 acknowledged
2026-03-14T05:09:27Z,auth,INFO,login succeeded in 243ms
2026-03-14T05:09:45Z,auth,INFO,token issued for session 24021
2026-03-14T05:09:49Z,search,INFO,index segment 12837 merged
2026-03-14T05:10:04Z,checkout,INFO,cart 37918 abandoned after 73ms
2026-03-14T05:10:13Z,checkout,INFO,payment intent 22662 created
2026-03-14T05:10:23Z,postgres,INFO,"checkpoint complete, 6276 buffers written"
2026-03-14T05:10:26Z,billing,INFO,dunning run 95362 complete
2026-03-14T05:10:28Z,auth,INFO,login succeeded in 282ms
2026-03-14T05:10:37Z,search,INFO,query 71211 served in 153ms
2026-03-14T05:10:38Z,search,INFO,query 55933 served in 144ms
2026-03-14T05:10:53Z,postgres,INFO,"checkpoint complete, 69185 buffers written"
2026-03-14T05:10:55Z,billing,INFO,subscription 91309 renewed
2026-03-14T05:11:00Z,search,INFO,index segment 12244 merged
2026-03-14T05:11:02Z,deploy,WARN,canary 14182 restarted once before becoming healthy
2026-03-14T05:11:03Z,payments,INFO,refund 84106 completed
2026-03-14T05:11:10Z,billing,INFO,subscription 12246 renewed
2026-03-14T05:11:22Z,deploy,INFO,pipeline 15095 green
2026-03-14T05:11:22Z,orders,INFO,order 23840 accepted
2026-03-14T05:11:22Z,orders,INFO,order 78466 dispatched in 210ms
2026-03-14T05:11:26Z,search,INFO,"suggest cache warm, 36380 entries"
2026-03-14T05:11:40Z,orders,INFO,inventory check 16888 passed
2026-03-14T05:11:55Z,search,INFO,"suggest cache warm, 54655 entries"
2026-03-14T05:12:12Z,billing,INFO,dunning run 98923 complete
2026-03-14T05:12:14Z,auth,INFO,logout for session 94222
2026-03-14T05:12:19Z,billing,INFO,dunning run 24355 complete
2026-03-14T05:12:19Z,search,INFO,index segment 86711 merged
2026-03-14T05:12:27Z,orders,INFO,order 11255 invoiced
2026-03-14T05:12:32Z,auth,INFO,token issued for session 43727
2026-03-14T05:12:40Z,payments,INFO,charge 81964 authorised in 294ms
2026-03-14T05:12:47Z,auth,INFO,logout for session 94594
2026-03-14T05:12:52Z,payments,INFO,settlement batch 63717 queued
2026-03-14T05:13:00Z,billing,INFO,subscription 98411 renewed
2026-03-14T05:13:04Z,billing,INFO,invoice 49256 rendered in 72ms
2026-03-14T05:13:21Z,orders,INFO,order 29915 accepted
2026-03-14T05:13:22Z,auth,INFO,login succeeded in 131ms
2026-03-14T05:13:28Z,checkout,INFO,cart 99127 converted in 85ms
2026-03-14T05:13:43Z,postgres,INFO,"checkpoint complete, 38643 buffers written"
2026-03-14T05:13:44Z,auth,INFO,logout for session 5221
2026-03-14T05:13:51Z,checkout,INFO,session 55813 started
2026-03-14T05:13:57Z,search,INFO,index segment 65872 merged
2026-03-14T05:14:05Z,payments,INFO,charge 36106 authorised in 112ms
2026-03-14T05:14:07Z,orders,INFO,order 23716 accepted
2026-03-14T05:14:17Z,orders,INFO,order 69101 accepted
2026-03-14T05:14:29Z,postgres,INFO,replication lag 278ms
2026-03-14T05:14:38Z,payments,INFO,settlement batch 84653 queued
2026-03-14T05:14:41Z,billing,INFO,subscription 67806 renewed
2026-03-14T05:14:44Z,billing,INFO,dunning run 4053 complete
2026-03-14T05:14:49Z,search,INFO,query 46250 served in 69ms
2026-03-14T05:14:58Z,postgres,INFO,replication lag 270ms
2026-03-14T05:14:59Z,checkout,INFO,cart 87636 abandoned after 312ms
2026-03-14T05:15:03Z,orders,INFO,order 51235 dispatched in 269ms
2026-03-14T05:15:09Z,auth,INFO,session 84468 refreshed
2026-03-14T05:15:13Z,search,INFO,query 65333 served in 139ms
2026-03-14T05:15:21Z,orders,INFO,order 47344 dispatched in 39ms
2026-03-14T05:15:33Z,auth,INFO,session 29415 refreshed
2026-03-14T05:15:42Z,billing,INFO,subscription 54938 renewed
2026-03-14T05:15:49Z,checkout,INFO,payment intent 88880 created
2026-03-14T05:15:58Z,search,INFO,"suggest cache warm, 39404 entries"
2026-03-14T05:16:02Z,payments,WARN,settlement file for 62 not acknowledged by the bank
2026-03-14T05:16:03Z,payments,INFO,acknowledgement usually arrives within 30 minutes
2026-03-14T05:16:05Z,search,INFO,index segment 28499 merged
2026-03-14T05:16:12Z,billing,INFO,credit note 25514 issued
2026-03-14T05:16:13Z,checkout,INFO,cart 48429 abandoned after 122ms
2026-03-14T05:16:15Z,checkout,INFO,cart 97541 converted in 144ms
2026-03-14T05:16:16Z,payments,INFO,settlement batch 12756 queued
2026-03-14T05:16:22Z,checkout,INFO,payment intent 13855 created
2026-03-14T05:16:22Z,search,INFO,query 60954 served in 203ms
2026-03-14T05:16:25Z,auth,INFO,session 83304 refreshed
2026-03-14T05:16:32Z,postgres,INFO,autovacuum finished on table 99205
2026-03-14T05:16:50Z,auth,INFO,token issued for session 91766
2026-03-14T05:16:50Z,payments,INFO,settlement batch 21601 queued
2026-03-14T05:17:00Z,auth,INFO,token issued for session 47643
2026-03-14T05:17:07Z,payments,INFO,webhook 84730 acknowledged
2026-03-14T05:17:17Z,postgres,INFO,connection 93921 authorised
2026-03-14T05:17:21Z,postgres,INFO,replication lag 302ms
2026-03-14T05:17:22Z,checkout,INFO,cart 49228 abandoned after 131ms
2026-03-14T05:17:25Z,auth,INFO,logout for session 81447
2026-03-14T05:17:27Z,auth,INFO,token issued for session 15093
2026-03-14T05:17:27Z,billing,INFO,invoice 25746 rendered in 156ms
2026-03-14T05:17:32Z,auth,INFO,session 61358 refreshed
2026-03-14T05:17:32Z,auth,INFO,token issued for session 28617
2026-03-14T05:17:34Z,postgres,INFO,connection 10884 authorised
2026-03-14T05:17:38Z,checkout,INFO,cart 88817 converted in 40ms
2026-03-14T05:17:39Z,checkout,INFO,cart 68163 converted in 162ms
2026-03-14T05:17:42Z,orders,INFO,order 65394 dispatched in 60ms
2026-03-14T05:17:44Z,payments,INFO,charge 59139 authorised in 6ms
2026-03-14T05:18:15Z,postgres,INFO,"checkpoint complete, 82424 buffers written"
2026-03-14T05:18:20Z,deploy,INFO,pipeline 72985 green
2026-03-14T05:18:44Z,search,INFO,"suggest cache warm, 6399 entries"
2026-03-14T05:18:58Z,search,INFO,index segment 76646 merged
2026-03-14T05:19:07Z,checkout,INFO,payment intent 26950 created
2026-03-14T05:19:08Z,payments,INFO,webhook 23416 acknowledged
2026-03-14T05:19:13Z,billing,INFO,invoice 29223 rendered in 216ms
2026-03-14T05:19:13Z,postgres,INFO,connection 30846 authorised
2026-03-14T05:19:14Z,billing,INFO,dunning run 40910 complete
2026-03-14T05:19:14Z,search,INFO,query 19669 served in 136ms
2026-03-14T05:19:15Z,orders,INFO,inventory check 1354 passed
2026-03-14T05:19:23Z,checkout,INFO,cart 13935 abandoned after 285ms
2026-03-14T05:19:26Z,payments,INFO,charge 88622 authorised in 247ms
2026-03-14T05:19:26Z,payments,INFO,settlement batch 63107 queued
2026-03-14T05:19:30Z,payments,INFO,webhook 8146 acknowledged
2026-03-14T05:19:30Z,search,INFO,index segment 6162 merged
2026-03-14T05:19:34Z,billing,INFO,credit note 68319 issued
2026-03-14T05:19:41Z,orders,INFO,inventory check 17507 passed
2026-03-14T05:19:58Z,billing,INFO,credit note 19409 issued
2026-03-14T05:20:00Z,postgres,INFO,replication lag 98ms
2026-03-14T05:20:01Z,orders,INFO,inventory check 87267 passed
2026-03-14T05:20:05Z,checkout,INFO,payment intent 90419 created
2026-03-14T05:20:09Z,deploy,INFO,artefact 14739 published
2026-03-14T05:20:10Z,auth,INFO,login succeeded in 129ms
2026-03-14T05:20:21Z,payments,INFO,webhook 20940 acknowledged
2026-03-14T05:20:28Z,search,INFO,"suggest cache warm, 57092 entries"
2026-03-14T05:20:29Z,checkout,INFO,cart 83719 converted in 198ms
2026-03-14T05:20:30Z,postgres,INFO,replication lag 201ms
2026-03-14T05:20:32Z,search,INFO,query 12146 served in 57ms
2026-03-14T05:20:36Z,payments,INFO,charge 72485 authorised in 279ms
2026-03-14T05:20:46Z,checkout,INFO,payment intent 28223 created
2026-03-14T05:20:46Z,postgres,INFO,connection 42021 authorised
2026-03-14T05:20:46Z,search,INFO,"suggest cache warm, 67694 entries"
2026-03-14T05:20:57Z,search,INFO,query 36538 served in 121ms
2026-03-14T05:21:02Z,payments,WARN,settlement file for 63 not acknowledged by the bank
2026-03-14T05:21:03Z,payments,INFO,acknowledgement usually arrives within 30 minutes
2026-03-14T05:21:12Z,auth,INFO,login succeeded in 66ms
2026-03-14T05:21:15Z,billing,INFO,dunning run 63403 complete
2026-03-14T05:21:17Z,orders,INFO,inventory check 12908 passed
2026-03-14T05:21:19Z,payments,INFO,charge 66703 authorised in 112ms
2026-03-14T05:21:21Z,checkout,INFO,cart 71142 abandoned after 80ms
2026-03-14T05:21:33Z,payments,INFO,webhook 60263 acknowledged
2026-03-14T05:21:35Z,orders,INFO,inventory check 24387 passed
2026-03-14T05:21:44Z,deploy,INFO,pipeline 63613 green
2026-03-14T05:21:49Z,billing,INFO,subscription 38088 renewed
2026-03-14T05:21:53Z,postgres,INFO,connection 90507 authorised
2026-03-14T05:22:09Z,billing,INFO,invoice 20610 rendered in 125ms
2026-03-14T05:22:12Z,auth,INFO,token issued for session 48474
2026-03-14T05:22:14Z,orders,WARN,inventory check 34102 took 1006ms
2026-03-14T05:22:23Z,checkout,INFO,session 37568 started
2026-03-14T05:22:27Z,search,INFO,query 19881 served in 69ms
2026-03-14T05:22:36Z,postgres,INFO,replication lag 76ms
2026-03-14T05:22:48Z,auth,INFO,login succeeded in 18ms
2026-03-14T05:22:50Z,checkout,INFO,cart 80586 abandoned after 98ms
2026-03-14T05:22:58Z,orders,INFO,order 68457 invoiced
2026-03-14T05:23:07Z,auth,INFO,logout for session 25966
2026-03-14T05:23:09Z,payments,INFO,charge 75373 authorised in 266ms
2026-03-14T05:23:22Z,auth,INFO,token issued for session 21097
2026-03-14T05:23:23Z,search,INFO,"suggest cache warm, 60025 entries"
2026-03-14T05:23:26Z,checkout,INFO,cart 77786 converted in 21ms
2026-03-14T05:23:31Z,billing,INFO,subscription 41189 renewed
2026-03-14T05:23:46Z,auth,INFO,login succeeded in 109ms
2026-03-14T05:23:54Z,billing,INFO,dunning run 41558 complete
2026-03-14T05:23:56Z,billing,INFO,subscription 57338 renewed
2026-03-14T05:24:09Z,search,INFO,query 76052 served in 170ms
2026-03-14T05:24:13Z,payments,INFO,charge 45820 authorised in 232ms
2026-03-14T05:24:28Z,auth,INFO,logout for session 47592
2026-03-14T05:24:28Z,billing,INFO,dunning run 51296 complete
2026-03-14T05:24:39Z,checkout,INFO,cart 36114 abandoned after 268ms
2026-03-14T05:24:55Z,postgres,INFO,connection 58511 authorised
2026-03-14T05:24:55Z,search,INFO,"suggest cache warm, 63166 entries"
2026-03-14T05:24:57Z,orders,INFO,order 31852 invoiced
2026-03-14T05:25:00Z,postgres,INFO,connection 37048 authorised
2026-03-14T05:25:13Z,billing,INFO,subscription 25837 renewed
2026-03-14T05:25:13Z,checkout,INFO,cart 96817 abandoned after 213ms
2026-03-14T05:25:22Z,auth,INFO,session 15074 refreshed
2026-03-14T05:25:24Z,checkout,INFO,cart 83134 converted in 175ms
2026-03-14T05:25:27Z,billing,INFO,invoice 46447 rendered in 139ms
2026-03-14T05:25:30Z,billing,INFO,credit note 98608 issued
2026-03-14T05:25:35Z,orders,INFO,order 90799 accepted
2026-03-14T05:25:35Z,payments,INFO,charge 15439 authorised in 310ms
2026-03-14T05:25:35Z,postgres,INFO,"checkpoint complete, 28016 buffers written"
2026-03-14T05:25:38Z,checkout,INFO,payment intent 4029 created
2026-03-14T05:25:39Z,payments,INFO,charge 37137 authorised in 264ms
2026-03-14T05:25:43Z,auth,INFO,login succeeded in 305ms
2026-03-14T05:25:51Z,payments,INFO,charge 75193 authorised in 49ms
2026-03-14T05:26:03Z,search,INFO,query 60447 served in 50ms
2026-03-14T05:26:15Z,auth,INFO,logout for session 9868
2026-03-14T05:26:22Z,orders,INFO,inventory check 77123 passed
2026-03-14T05:26:37Z,billing,INFO,credit note 38208 issued
2026-03-14T05:26:37Z,checkout,INFO,cart 82170 converted in 167ms
2026-03-14T05:26:38Z,checkout,INFO,payment intent 17416 created
2026-03-14T05:26:51Z,payments,INFO,refund 79478 completed
2026-03-14T05:26:51Z,postgres,INFO,replication lag 105ms
2026-03-14T05:26:57Z,billing,INFO,credit note 39214 issued
2026-03-14T05:27:04Z,checkout,INFO,cart 20339 converted in 318ms
2026-03-14T05:27:24Z,search,INFO,"suggest cache warm, 81579 entries"
2026-03-14T05:27:27Z,search,INFO,"suggest cache warm, 80799 entries"
2026-03-14T05:27:30Z,checkout,INFO,cart 7378 abandoned after 102ms
2026-03-14T05:27:31Z,orders,INFO,order 86345 dispatched in 284ms
2026-03-14T05:27:37Z,search,INFO,index segment 58093 merged
2026-03-14T05:27:39Z,search,INFO,query 27930 served in 49ms
2026-03-14T05:27:40Z,payments,INFO,webhook 29296 acknowledged
2026-03-14T05:28:00Z,auth,INFO,logout for session 7546
2026-03-14T05:28:15Z,checkout,INFO,payment intent 96730 created
2026-03-14T05:28:19Z,payments,INFO,settlement batch 71923 queued
2026-03-14T05:28:20Z,billing,INFO,dunning run 73010 complete
2026-03-14T05:28:30Z,auth,INFO,token issued for session 93957
2026-03-14T05:28:43Z,billing,INFO,credit note 5047 issued
2026-03-14T05:28:45Z,orders,INFO,order 59799 accepted
2026-03-14T05:28:46Z,postgres,INFO,connection 29482 authorised
2026-03-14T05:28:57Z,auth,INFO,login succeeded in 76ms
2026-03-14T05:28:57Z,search,INFO,query 19122 served in 209ms
2026-03-14T05:29:10Z,auth,INFO,login succeeded in 150ms
2026-03-14T05:29:21Z,orders,INFO,order 89944 accepted
2026-03-14T05:29:28Z,billing,INFO,dunning run 53012 complete
2026-03-14T05:29:29Z,checkout,INFO,cart 83665 abandoned after 151ms
2026-03-14T05:29:39Z,postgres,INFO,connection 54356 authorised
2026-03-14T05:29:43Z,postgres,INFO,autovacuum finished on table 41208
2026-03-14T05:29:46Z,search,INFO,query 44544 served in 155ms
2026-03-14T05:30:00Z,checkout,ERROR,healthz timeout after 2000ms
2026-03-14T05:30:04Z,billing,INFO,invoice 80284 rendered in 184ms
2026-03-14T05:30:06Z,checkout,ERROR,healthz timeout after 2000ms
2026-03-14T05:30:07Z,deploy,INFO,artefact 33764 published
2026-03-14T05:30:08Z,postgres,INFO,autovacuum finished on table 12394
2026-03-14T05:30:12Z,checkout,ERROR,healthz timeout after 2000ms
2026-03-14T05:30:18Z,billing,INFO,subscription 38758 renewed
2026-03-14T05:30:18Z,checkout,ERROR,healthz timeout after 2000ms
2026-03-14T05:30:24Z,checkout,ERROR,healthz timeout after 2000ms
2026-03-14T05:30:30Z,checkout,ERROR,healthz timeout after 2000ms
2026-03-14T05:30:36Z,checkout,ERROR,healthz timeout after 2000ms
2026-03-14T05:30:42Z,checkout,ERROR,healthz timeout after 2000ms
2026-03-14T05:30:48Z,checkout,ERROR,healthz timeout after 2000ms
2026-03-14T05:30:54Z,checkout,ERROR,healthz timeout after 2000ms
2026-03-14T05:30:55Z,checkout,INFO,payment intent 22871 created
2026-03-14T05:31:00Z,checkout,ERROR,healthz timeout after 2000ms
2026-03-14T05:31:04Z,payments,INFO,webhook 65872 acknowledged
2026-03-14T05:31:06Z,checkout,ERROR,healthz timeout after 2000ms
2026-03-14T05:31:06Z,payments,INFO,refund 34002 completed
2026-03-14T05:31:12Z,checkout,ERROR,healthz timeout after 2000ms
2026-03-14T05:31:13Z,postgres,INFO,replication lag 36ms
2026-03-14T05:31:17Z,payments,INFO,charge 98360 authorised in 22ms
2026-03-14T05:31:18Z,checkout,ERROR,healthz timeout after 2000ms
2026-03-14T05:31:21Z,billing,INFO,dunning run 24512 complete
2026-03-14T05:31:22Z,search,INFO,query 23974 served in 80ms
2026-03-14T05:31:24Z,checkout,ERROR,healthz timeout after 2000ms
2026-03-14T05:31:24Z,checkout,INFO,payment intent 49739 created
2026-03-14T05:31:29Z,auth,INFO,token issued for session 52217
2026-03-14T05:31:30Z,checkout,ERROR,healthz timeout after 2000ms
2026-03-14T05:31:31Z,checkout,INFO,cart 40721 abandoned after 67ms
2026-03-14T05:31:32Z,postgres,INFO,autovacuum finished on table 10757
2026-03-14T05:31:36Z,auth,INFO,login succeeded in 142ms
2026-03-14T05:31:36Z,checkout,ERROR,healthz timeout after 2000ms
2026-03-14T05:31:37Z,postgres,INFO,replication lag 129ms
2026-03-14T05:31:39Z,orders,INFO,order 62231 dispatched in 100ms
2026-03-14T05:31:42Z,checkout,ERROR,healthz timeout after 2000ms
2026-03-14T05:31:43Z,billing,INFO,subscription 32042 renewed
2026-03-14T05:31:48Z,checkout,ERROR,healthz timeout after 2000ms
2026-03-14T05:31:51Z,search,INFO,query 48529 served in 140ms
2026-03-14T05:31:52Z,orders,INFO,order 13051 accepted
2026-03-14T05:31:54Z,checkout,ERROR,healthz timeout after 2000ms
2026-03-14T05:32:00Z,checkout,ERROR,healthz timeout after 2000ms
2026-03-14T05:32:00Z,postgres,INFO,autovacuum finished on table 22436
2026-03-14T05:32:06Z,checkout,ERROR,healthz timeout after 2000ms
2026-03-14T05:32:12Z,checkout,ERROR,healthz timeout after 2000ms
2026-03-14T05:32:12Z,search,INFO,"suggest cache warm, 5406 entries"
2026-03-14T05:32:15Z,payments,INFO,webhook 12020 acknowledged
2026-03-14T05:32:18Z,checkout,ERROR,healthz timeout after 2000ms
2026-03-14T05:32:19Z,auth,INFO,session 37081 refreshed
2026-03-14T05:32:24Z,checkout,ERROR,healthz timeout after 2000ms
2026-03-14T05:32:24Z,orders,INFO,inventory check 39702 passed
2026-03-14T05:32:25Z,search,INFO,index segment 57146 merged
2026-03-14T05:32:30Z,checkout,ERROR,healthz timeout after 2000ms
2026-03-14T05:32:36Z,checkout,ERROR,healthz timeout after 2000ms
2026-03-14T05:32:42Z,checkout,ERROR,healthz timeout after 2000ms
2026-03-14T05:32:48Z,checkout,ERROR,healthz timeout after 2000ms
2026-03-14T05:32:51Z,auth,INFO,token issued for session 28004
2026-03-14T05:32:52Z,postgres,INFO,autovacuum finished on table 7614
2026-03-14T05:32:54Z,checkout,ERROR,healthz timeout after 2000ms
2026-03-14T05:33:00Z,checkout,ERROR,healthz timeout after 2000ms
2026-03-14T05:33:00Z,checkout,INFO,payment intent 37807 created
2026-03-14T05:33:00Z,checkout,INFO,payment intent 58135 created
2026-03-14T05:33:06Z,checkout,ERROR,healthz timeout after 2000ms
2026-03-14T05:33:10Z,orders,INFO,inventory check 38684 passed
2026-03-14T05:33:11Z,orders,INFO,order 17450 invoiced
2026-03-14T05:33:12Z,checkout,ERROR,healthz timeout after 2000ms
2026-03-14T05:33:18Z,checkout,ERROR,healthz timeout after 2000ms
2026-03-14T05:33:24Z,checkout,ERROR,healthz timeout after 2000ms
2026-03-14T05:33:30Z,checkout,ERROR,healthz timeout after 2000ms
2026-03-14T05:33:34Z,search,INFO,query 95039 served in 275ms
2026-03-14T05:33:36Z,checkout,ERROR,healthz timeout after 2000ms
2026-03-14T05:33:38Z,billing,INFO,subscription 50734 renewed
2026-03-14T05:33:38Z,payments,INFO,settlement batch 90219 queued
2026-03-14T05:33:42Z,checkout,ERROR,healthz timeout after 2000ms
2026-03-14T05:33:48Z,checkout,ERROR,healthz timeout after 2000ms
2026-03-14T05:33:53Z,auth,INFO,session 1528 refreshed
2026-03-14T05:33:54Z,checkout,ERROR,healthz timeout after 2000ms
2026-03-14T05:34:00Z,checkout,ERROR,healthz timeout after 2000ms
2026-03-14T05:34:03Z,billing,INFO,dunning run 74295 complete
2026-03-14T05:34:06Z,checkout,ERROR,healthz timeout after 2000ms
2026-03-14T05:34:12Z,checkout,ERROR,healthz timeout after 2000ms
2026-03-14T05:34:18Z,checkout,ERROR,healthz timeout after 2000ms
2026-03-14T05:34:24Z,checkout,ERROR,healthz timeout after 2000ms
2026-03-14T05:34:30Z,checkout,ERROR,healthz timeout after 2000ms
2026-03-14T05:34:36Z,checkout,ERROR,healthz timeout after 2000ms
2026-03-14T05:34:36Z,deploy,INFO,pipeline 5899 green
2026-03-14T05:34:36Z,postgres,INFO,connection 88376 authorised
2026-03-14T05:34:38Z,billing,INFO,subscription 30814 renewed
2026-03-14T05:34:47Z,auth,INFO,login succeeded in 128ms
2026-03-14T05:35:03Z,search,INFO,index segment 17250 merged
2026-03-14T05:35:10Z,billing,INFO,subscription 81142 renewed
2026-03-14T05:35:14Z,payments,INFO,charge 91060 authorised in 203ms
2026-03-14T05:35:16Z,orders,INFO,order 20989 accepted
2026-03-14T05:35:21Z,orders,INFO,order 14062 accepted
2026-03-14T05:35:35Z,checkout,INFO,cart 37481 abandoned after 30ms
2026-03-14T05:35:41Z,billing,INFO,subscription 50547 renewed
2026-03-14T05:35:43Z,billing,INFO,dunning run 93870 complete
2026-03-14T05:35:45Z,auth,INFO,session 45186 refreshed
2026-03-14T05:35:45Z,checkout,INFO,cart 82936 converted in 178ms
2026-03-14T05:35:53Z,checkout,INFO,session 5493 started
2026-03-14T05:36:05Z,payments,INFO,refund 41325 completed
2026-03-14T05:36:05Z,postgres,INFO,replication lag 226ms
2026-03-14T05:36:13Z,auth,INFO,login succeeded in 22ms
2026-03-14T05:36:13Z,auth,INFO,login succeeded in 301ms
2026-03-14T05:36:13Z,payments,INFO,refund 4605 completed
2026-03-14T05:36:15Z,orders,INFO,order 39784 accepted
2026-03-14T05:36:22Z,search,INFO,index segment 80969 merged
2026-03-14T05:36:28Z,postgres,INFO,replication lag 175ms
2026-03-14T05:36:30Z,billing,INFO,invoice 63367 rendered in 24ms
2026-03-14T05:36:30Z,search,INFO,query 20482 served in 172ms
2026-03-14T05:36:34Z,payments,INFO,refund 74111 completed
2026-03-14T05:36:42Z,auth,INFO,login succeeded in 135ms
2026-03-14T05:36:47Z,checkout,INFO,cart 87600 converted in 233ms
2026-03-14T05:36:51Z,postgres,INFO,connection 3114 authorised
2026-03-14T05:36:55Z,postgres,INFO,"checkpoint complete, 74440 buffers written"
2026-03-14T05:36:58Z,checkout,INFO,payment intent 78614 created
2026-03-14T05:37:00Z,search,INFO,query 5075 served in 183ms
2026-03-14T05:37:06Z,orders,INFO,order 18162 accepted
2026-03-14T05:37:09Z,postgres,INFO,replication lag 90ms
2026-03-14T05:37:10Z,billing,INFO,dunning run 29830 complete
2026-03-14T05:37:11Z,orders,INFO,order 46124 invoiced
2026-03-14T05:37:17Z,search,INFO,query 64699 served in 119ms
2026-03-14T05:37:18Z,payments,INFO,settlement batch 38932 queued
2026-03-14T05:37:20Z,checkout,INFO,cart 85474 abandoned after 311ms
2026-03-14T05:37:39Z,auth,INFO,token issued for session 94339
2026-03-14T05:37:55Z,checkout,INFO,payment intent 6798 created
2026-03-14T05:38:02Z,auth,INFO,session 57389 refreshed
2026-03-14T05:38:06Z,checkout,INFO,session 14274 started
2026-03-14T05:38:15Z,orders,INFO,order 72143 dispatched in 192ms
2026-03-14T05:38:21Z,payments,INFO,settlement batch 47896 queued
2026-03-14T05:38:26Z,auth,INFO,session 43927 refreshed
2026-03-14T05:38:30Z,orders,INFO,order 12400 invoiced
2026-03-14T05:38:36Z,orders,INFO,order 18114 invoiced
2026-03-14T05:38:51Z,orders,INFO,order 21346 accepted
2026-03-14T05:38:53Z,postgres,INFO,replication lag 316ms
2026-03-14T05:39:01Z,billing,INFO,subscription 49309 renewed
2026-03-14T05:39:12Z,checkout,INFO,session 23974 started
2026-03-14T05:39:27Z,billing,INFO,dunning run 90787 complete
2026-03-14T05:39:41Z,billing,INFO,invoice 54149 rendered in 115ms
2026-03-14T05:40:01Z,orders,INFO,order 98539 dispatched in 114ms
2026-03-14T05:40:03Z,postgres,INFO,replication lag 238ms
2026-03-14T05:40:20Z,auth,INFO,token issued for session 59704
2026-03-14T05:40:23Z,search,INFO,query 77651 served in 275ms
2026-03-14T05:40:48Z,search,INFO,"suggest cache warm, 2298 entries"
2026-03-14T05:40:56Z,orders,INFO,order 31446 dispatched in 304ms
2026-03-14T05:40:56Z,postgres,INFO,"checkpoint complete, 1923 buffers written"
2026-03-14T05:41:01Z,checkout,INFO,payment intent 70532 created
2026-03-14T05:41:11Z,auth,INFO,logout for session 80701
2026-03-14T05:41:14Z,postgres,INFO,autovacuum finished on table 60082
2026-03-14T05:41:29Z,search,INFO,index segment 8742 merged
2026-03-14T05:41:37Z,checkout,INFO,payment intent 85462 created
2026-03-14T05:41:40Z,checkout,INFO,cart 12259 converted in 132ms
2026-03-14T05:41:42Z,payments,INFO,webhook 83427 acknowledged
2026-03-14T05:41:43Z,auth,INFO,session 64873 refreshed
2026-03-14T05:42:00Z,billing,INFO,invoice 46033 rendered in 69ms
2026-03-14T05:42:00Z,payments,INFO,charge 65241 authorised in 139ms
2026-03-14T05:42:03Z,search,INFO,query 16981 served in 57ms
2026-03-14T05:42:13Z,checkout,INFO,cart 40712 converted in 24ms
2026-03-14T05:42:21Z,payments,INFO,charge 48513 authorised in 241ms
2026-03-14T05:42:26Z,orders,INFO,order 91180 invoiced
2026-03-14T05:42:26Z,postgres,INFO,"checkpoint complete, 4853 buffers written"
2026-03-14T05:42:27Z,deploy,INFO,pipeline 8087 green
2026-03-14T05:42:29Z,checkout,INFO,session 18393 started
2026-03-14T05:42:37Z,checkout,INFO,cart 6431 converted in 144ms
2026-03-14T05:42:37Z,checkout,INFO,cart 72173 converted in 194ms
2026-03-14T05:42:40Z,postgres,INFO,replication lag 102ms
2026-03-14T05:42:46Z,billing,INFO,dunning run 34547 complete
2026-03-14T05:42:52Z,search,INFO,index segment 24278 merged
2026-03-14T05:42:59Z,billing,INFO,subscription 18584 renewed
2026-03-14T05:43:11Z,postgres,INFO,"checkpoint complete, 5888 buffers written"
2026-03-14T05:43:12Z,auth,INFO,login succeeded in 75ms
2026-03-14T05:43:13Z,billing,INFO,invoice 82441 rendered in 85ms
2026-03-14T05:43:13Z,orders,INFO,inventory check 88361 passed
2026-03-14T05:43:20Z,checkout,INFO,cart 52980 abandoned after 135ms
2026-03-14T05:43:20Z,payments,INFO,refund 49474 completed
2026-03-14T05:43:22Z,orders,INFO,order 30648 accepted
2026-03-14T05:43:24Z,billing,INFO,invoice 62267 rendered in 103ms
2026-03-14T05:43:35Z,billing,INFO,subscription 8656 renewed
2026-03-14T05:43:47Z,payments,INFO,refund 54022 completed
2026-03-14T05:43:50Z,payments,INFO,refund 84263 completed
2026-03-14T05:43:52Z,search,INFO,index segment 11090 merged
2026-03-14T05:43:56Z,checkout,INFO,cart 93062 abandoned after 243ms
2026-03-14T05:44:07Z,billing,INFO,subscription 72088 renewed
2026-03-14T05:44:19Z,search,INFO,index segment 17883 merged
2026-03-14T05:44:32Z,payments,INFO,charge 34628 authorised in 218ms
2026-03-14T05:44:36Z,billing,INFO,dunning run 2666 complete
2026-03-14T05:44:39Z,auth,INFO,token issued for session 93018
2026-03-14T05:44:42Z,search,INFO,query 70820 served in 5ms
2026-03-14T05:44:43Z,orders,INFO,order 4952 invoiced
2026-03-14T05:44:51Z,orders,INFO,order 3662 dispatched in 307ms
2026-03-14T05:44:57Z,auth,INFO,login succeeded in 27ms
2026-03-14T05:45:23Z,billing,INFO,subscription 58383 renewed
2026-03-14T05:45:23Z,search,INFO,index segment 21831 merged
2026-03-14T05:45:28Z,auth,INFO,logout for session 62044
2026-03-14T05:45:29Z,auth,INFO,token issued for session 97732
2026-03-14T05:45:47Z,orders,INFO,inventory check 45564 passed
2026-03-14T05:45:56Z,payments,INFO,refund 73770 completed
2026-03-14T05:46:00Z,billing,INFO,subscription 92438 renewed
2026-03-14T05:46:16Z,auth,INFO,token issued for session 92280
2026-03-14T05:46:21Z,search,INFO,query 41424 served in 203ms
2026-03-14T05:46:49Z,checkout,INFO,cart 42891 converted in 262ms
2026-03-14T05:46:52Z,auth,INFO,login succeeded in 112ms
2026-03-14T05:46:56Z,billing,INFO,credit note 40504 issued
2026-03-14T05:46:56Z,payments,INFO,refund 85814 completed
2026-03-14T05:46:59Z,checkout,INFO,payment intent 88466 created
2026-03-14T05:47:02Z,auth,INFO,token issued for session 45201
2026-03-14T05:47:09Z,billing,INFO,subscription 77314 renewed
2026-03-14T05:47:38Z,billing,INFO,subscription 44663 renewed
2026-03-14T05:47:49Z,postgres,INFO,autovacuum finished on table 32620
2026-03-14T05:47:50Z,orders,INFO,order 15885 accepted
2026-03-14T05:47:51Z,checkout,INFO,session 22901 started
2026-03-14T05:47:56Z,postgres,INFO,connection 23624 authorised
2026-03-14T05:48:02Z,billing,INFO,credit note 47416 issued
2026-03-14T05:48:04Z,postgres,INFO,replication lag 22ms
2026-03-14T05:48:10Z,postgres,INFO,replication lag 188ms
2026-03-14T05:48:12Z,payments,INFO,charge 23042 authorised in 287ms
2026-03-14T05:48:22Z,auth,INFO,session 16712 refreshed
2026-03-14T05:48:35Z,search,INFO,query 81579 served in 239ms
2026-03-14T05:48:37Z,search,INFO,index segment 66234 merged
2026-03-14T05:48:39Z,billing,INFO,credit note 17580 issued
2026-03-14T05:48:39Z,checkout,INFO,cart 9579 converted in 143ms
2026-03-14T05:48:54Z,postgres,INFO,replication lag 265ms
2026-03-14T05:48:55Z,orders,INFO,order 56413 invoiced
2026-03-14T05:48:56Z,search,INFO,"suggest cache warm, 50147 entries"
2026-03-14T05:48:58Z,payments,INFO,settlement batch 19351 queued
2026-03-14T05:48:58Z,postgres,INFO,replication lag 131ms
2026-03-14T05:48:58Z,postgres,INFO,replication lag 27ms
2026-03-14T05:49:04Z,orders,INFO,order 18558 accepted
2026-03-14T05:49:06Z,checkout,INFO,cart 63215 abandoned after 252ms
2026-03-14T05:49:06Z,search,INFO,"suggest cache warm, 21160 entries"
2026-03-14T05:49:12Z,search,INFO,query 54403 served in 40ms
2026-03-14T05:49:19Z,billing,INFO,credit note 34113 issued
2026-03-14T05:49:20Z,checkout,INFO,session 46290 started
2026-03-14T05:49:29Z,payments,INFO,charge 12560 authorised in 219ms
2026-03-14T05:49:32Z,postgres,INFO,connection 14296 authorised
2026-03-14T05:49:34Z,payments,INFO,settlement batch 1636 queued
2026-03-14T05:49:38Z,orders,INFO,inventory check 20096 passed
2026-03-14T05:49:40Z,search,INFO,"suggest cache warm, 41752 entries"
2026-03-14T05:49:46Z,auth,INFO,logout for session 49182
2026-03-14T05:49:46Z,checkout,INFO,cart 71102 converted in 187ms
2026-03-14T05:49:51Z,billing,INFO,invoice 71076 rendered in 11ms
2026-03-14T05:50:00Z,search,ERROR,"upstream 429, backing off 1s"
2026-03-14T05:50:03Z,billing,INFO,invoice 47340 rendered in 132ms
2026-03-14T05:50:03Z,orders,INFO,order 81549 invoiced
2026-03-14T05:50:04Z,payments,INFO,settlement batch 68230 queued
2026-03-14T05:50:06Z,search,ERROR,"upstream 429, backing off 2s"
2026-03-14T05:50:12Z,search,ERROR,"upstream 429, backing off 4s"
2026-03-14T05:50:18Z,search,ERROR,"upstream 429, backing off 8s"
2026-03-14T05:50:19Z,postgres,INFO,connection 68887 authorised
2026-03-14T05:50:24Z,search,ERROR,"upstream 429, backing off 16s"
2026-03-14T05:50:30Z,auth,INFO,logout for session 18532
2026-03-14T05:50:30Z,search,ERROR,"upstream 429, backing off 32s"
2026-03-14T05:50:34Z,checkout,INFO,cart 89070 converted in 38ms
2026-03-14T05:50:36Z,search,ERROR,"upstream 429, backing off 32s"
2026-03-14T05:50:40Z,search,INFO,query 44648 served in 83ms
2026-03-14T05:50:42Z,search,ERROR,"upstream 429, backing off 32s"
2026-03-14T05:50:48Z,search,ERROR,"upstream 429, backing off 32s"
2026-03-14T05:50:54Z,search,ERROR,"upstream 429, backing off 32s"
2026-03-14T05:50:59Z,orders,INFO,order 63741 invoiced
2026-03-14T05:51:00Z,postgres,INFO,"checkpoint complete, 35593 buffers written"
2026-03-14T05:51:00Z,search,ERROR,"upstream 429, backing off 32s"
2026-03-14T05:51:01Z,payments,INFO,webhook 24161 acknowledged
2026-03-14T05:51:06Z,search,ERROR,"upstream 429, backing off 32s"
2026-03-14T05:51:07Z,billing,INFO,subscription 74258 renewed
2026-03-14T05:51:12Z,search,ERROR,"upstream 429, backing off 32s"
2026-03-14T05:51:16Z,search,INFO,query 95010 served in 234ms
2026-03-14T05:51:18Z,search,ERROR,"upstream 429, backing off 32s"
2026-03-14T05:51:24Z,search,ERROR,"upstream 429, backing off 32s"
2026-03-14T05:51:26Z,checkout,INFO,cart 72328 converted in 75ms
2026-03-14T05:51:30Z,search,ERROR,"upstream 429, backing off 32s"
2026-03-14T05:51:31Z,search,INFO,query 52189 served in 109ms
2026-03-14T05:51:36Z,search,ERROR,"upstream 429, backing off 32s"
2026-03-14T05:51:42Z,search,ERROR,"upstream 429, backing off 32s"
2026-03-14T05:51:48Z,checkout,INFO,cart 95294 converted in 237ms
2026-03-14T05:51:48Z,search,ERROR,"upstream 429, backing off 32s"
2026-03-14T05:51:54Z,search,ERROR,"upstream 429, backing off 32s"
2026-03-14T05:51:56Z,orders,INFO,order 68259 accepted
2026-03-14T05:52:00Z,search,ERROR,"upstream 429, backing off 32s"
2026-03-14T05:52:06Z,auth,INFO,logout for session 16817
2026-03-14T05:52:06Z,search,ERROR,"upstream 429, backing off 32s"
2026-03-14T05:52:12Z,search,ERROR,"upstream 429, backing off 32s"
2026-03-14T05:52:14Z,orders,INFO,order 57487 dispatched in 108ms
2026-03-14T05:52:18Z,search,ERROR,"upstream 429, backing off 32s"
2026-03-14T05:52:24Z,search,ERROR,"upstream 429, backing off 32s"
2026-03-14T05:52:25Z,orders,INFO,order 45522 invoiced
2026-03-14T05:52:29Z,auth,INFO,login succeeded in 87ms
2026-03-14T05:52:30Z,search,ERROR,"upstream 429, backing off 32s"
2026-03-14T05:52:32Z,search,INFO,"suggest cache warm, 55457 entries"
2026-03-14T05:52:34Z,billing,INFO,subscription 81630 renewed
2026-03-14T05:52:36Z,search,ERROR,"upstream 429, backing off 32s"
2026-03-14T05:52:38Z,billing,INFO,credit note 62469 issued
2026-03-14T05:52:42Z,search,ERROR,"upstream 429, backing off 32s"
2026-03-14T05:52:47Z,billing,INFO,credit note 91570 issued
2026-03-14T05:52:47Z,checkout,INFO,payment intent 9750 created
2026-03-14T05:52:48Z,search,ERROR,"upstream 429, backing off 32s"
2026-03-14T05:52:49Z,checkout,INFO,cart 78368 abandoned after 293ms
2026-03-14T05:52:54Z,search,ERROR,"upstream 429, backing off 32s"
2026-03-14T05:52:59Z,auth,INFO,session 48960 refreshed
2026-03-14T05:53:00Z,deploy,INFO,canary 38889 healthy
2026-03-14T05:53:00Z,search,ERROR,"upstream 429, backing off 32s"
2026-03-14T05:53:01Z,postgres,INFO,connection 38795 authorised
2026-03-14T05:53:04Z,payments,INFO,webhook 93818 acknowledged
2026-03-14T05:53:05Z,search,INFO,query 16785 served in 287ms
2026-03-14T05:53:06Z,search,ERROR,"upstream 429, backing off 32s"
2026-03-14T05:53:10Z,billing,INFO,credit note 75729 issued
2026-03-14T05:53:12Z,auth,INFO,token issued for session 63205
2026-03-14T05:53:12Z,search,ERROR,"upstream 429, backing off 32s"
2026-03-14T05:53:16Z,payments,INFO,webhook 96872 acknowledged
2026-03-14T05:53:18Z,search,ERROR,"upstream 429, backing off 32s"
2026-03-14T05:53:24Z,payments,INFO,charge 11794 authorised in 47ms
2026-03-14T05:53:24Z,search,ERROR,"upstream 429, backing off 32s"
2026-03-14T05:53:30Z,search,ERROR,"upstream 429, backing off 32s"
2026-03-14T05:53:36Z,search,INFO,"suggest cache warm, 75676 entries"
2026-03-14T05:53:36Z,search,ERROR,"upstream 429, backing off 32s"
2026-03-14T05:53:37Z,search,INFO,query 14358 served in 126ms
2026-03-14T05:53:38Z,orders,INFO,order 39937 dispatched in 114ms
2026-03-14T05:53:38Z,search,INFO,query 59672 served in 61ms
2026-03-14T05:53:39Z,auth,INFO,login succeeded in 111ms
2026-03-14T05:53:39Z,auth,INFO,login succeeded in 58ms
2026-03-14T05:53:42Z,search,ERROR,"upstream 429, backing off 32s"
2026-03-14T05:53:43Z,search,INFO,"suggest cache warm, 84080 entries"
2026-03-14T05:53:48Z,search,ERROR,"upstream 429, backing off 32s"
2026-03-14T05:53:54Z,checkout,INFO,cart 48473 abandoned after 52ms
2026-03-14T05:53:54Z,search,ERROR,"upstream 429, backing off 32s"
2026-03-14T05:53:55Z,auth,INFO,logout for session 16913
2026-03-14T05:53:58Z,deploy,INFO,canary 36211 healthy
2026-03-14T05:53:58Z,orders,INFO,order 87138 dispatched in 241ms
2026-03-14T05:54:00Z,search,ERROR,"upstream 429, backing off 32s"
2026-03-14T05:54:06Z,payments,INFO,webhook 6568 acknowledged
2026-03-14T05:54:06Z,search,ERROR,"upstream 429, backing off 32s"
2026-03-14T05:54:07Z,postgres,INFO,replication lag 243ms
2026-03-14T05:54:12Z,search,ERROR,"upstream 429, backing off 32s"
2026-03-14T05:54:18Z,billing,INFO,dunning run 59775 complete
2026-03-14T05:54:18Z,search,ERROR,"upstream 429, backing off 32s"
2026-03-14T05:54:23Z,checkout,INFO,payment intent 26790 created
2026-03-14T05:54:24Z,search,ERROR,"upstream 429, backing off 32s"
2026-03-14T05:54:30Z,search,ERROR,"upstream 429, backing off 32s"
2026-03-14T05:54:32Z,checkout,INFO,cart 76612 converted in 311ms
2026-03-14T05:54:32Z,postgres,INFO,replication lag 5ms
2026-03-14T05:54:35Z,postgres,INFO,connection 44235 authorised
2026-03-14T05:54:36Z,search,ERROR,"upstream 429, backing off 32s"
2026-03-14T05:54:38Z,billing,INFO,dunning run 51364 complete
2026-03-14T05:54:41Z,checkout,INFO,session 46096 started
2026-03-14T05:54:42Z,search,ERROR,"upstream 429, backing off 32s"
2026-03-14T05:54:45Z,payments,INFO,settlement batch 10577 queued
2026-03-14T05:54:47Z,auth,INFO,session 98806 refreshed
2026-03-14T05:55:00Z,search,ERROR,"upstream 429, backing off 1s"
2026-03-14T05:55:01Z,checkout,INFO,payment intent 76742 created
2026-03-14T05:55:06Z,search,ERROR,"upstream 429, backing off 2s"
2026-03-14T05:55:08Z,search,INFO,query 2062 served in 184ms
2026-03-14T05:55:11Z,orders,INFO,order 89264 invoiced
2026-03-14T05:55:12Z,search,ERROR,"upstream 429, backing off 4s"
2026-03-14T05:55:13Z,checkout,INFO,cart 77833 converted in 93ms
2026-03-14T05:55:18Z,search,ERROR,"upstream 429, backing off 8s"
2026-03-14T05:55:24Z,search,ERROR,"upstream 429, backing off 16s"
2026-03-14T05:55:30Z,search,ERROR,"upstream 429, backing off 32s"
2026-03-14T05:55:36Z,search,ERROR,"upstream 429, backing off 32s"
2026-03-14T05:55:42Z,search,ERROR,"upstream 429, backing off 32s"
2026-03-14T05:55:47Z,payments,INFO,charge 3609 authorised in 216ms
2026-03-14T05:55:48Z,payments,INFO,refund 86396 completed
2026-03-14T05:55:48Z,search,ERROR,"upstream 429, backing off 32s"
2026-03-14T05:55:54Z,search,ERROR,"upstream 429, backing off 32s"
2026-03-14T05:55:56Z,postgres,INFO,connection 98299 authorised
2026-03-14T05:55:58Z,auth,INFO,login succeeded in 255ms
2026-03-14T05:56:00Z,postgres,INFO,replication lag 291ms
2026-03-14T05:56:00Z,search,ERROR,"upstream 429, backing off 32s"
2026-03-14T05:56:03Z,checkout,INFO,cart 22572 abandoned after 255ms
2026-03-14T05:56:06Z,search,ERROR,"upstream 429, backing off 32s"
2026-03-14T05:56:08Z,payments,INFO,webhook 76344 acknowledged
2026-03-14T05:56:10Z,postgres,INFO,connection 95668 authorised
2026-03-14T05:56:11Z,orders,INFO,order 33884 invoiced
2026-03-14T05:56:12Z,search,ERROR,"upstream 429, backing off 32s"
2026-03-14T05:56:13Z,search,INFO,index segment 62694 merged
2026-03-14T05:56:18Z,search,ERROR,"upstream 429, backing off 32s"
2026-03-14T05:56:22Z,billing,INFO,subscription 31172 renewed
2026-03-14T05:56:24Z,search,ERROR,"upstream 429, backing off 32s"
2026-03-14T05:56:26Z,auth,INFO,login succeeded in 189ms
2026-03-14T05:56:26Z,orders,INFO,order 18394 accepted
2026-03-14T05:56:28Z,orders,INFO,order 79193 accepted
2026-03-14T05:56:28Z,search,INFO,"suggest cache warm, 23856 entries"
2026-03-14T05:56:30Z,search,ERROR,"upstream 429, backing off 32s"
2026-03-14T05:56:36Z,search,ERROR,"upstream 429, backing off 32s"
2026-03-14T05:56:39Z,auth,INFO,logout for session 4848
2026-03-14T05:56:42Z,search,ERROR,"upstream 429, backing off 32s"
2026-03-14T05:56:44Z,billing,INFO,dunning run 21546 complete
2026-03-14T05:56:47Z,checkout,INFO,cart 92345 converted in 65ms
2026-03-14T05:56:48Z,search,ERROR,"upstream 429, backing off 32s"
2026-03-14T05:56:54Z,search,ERROR,"upstream 429, backing off 32s"
2026-03-14T05:56:56Z,billing,INFO,dunning run 86720 complete
2026-03-14T05:56:56Z,payments,INFO,charge 88266 authorised in 264ms
2026-03-14T05:57:00Z,search,ERROR,"upstream 429, backing off 32s"
2026-03-14T05:57:04Z,checkout,INFO,payment intent 44962 created
2026-03-14T05:57:06Z,search,ERROR,"upstream 429, backing off 32s"
2026-03-14T05:57:11Z,billing,INFO,credit note 90638 issued
2026-03-14T05:57:12Z,search,ERROR,"upstream 429, backing off 32s"
2026-03-14T05:57:14Z,orders,INFO,order 59257 dispatched in 196ms
2026-03-14T05:57:15Z,auth,INFO,login succeeded in 98ms
2026-03-14T05:57:17Z,payments,INFO,settlement batch 44742 queued
2026-03-14T05:57:18Z,search,ERROR,"upstream 429, backing off 32s"
2026-03-14T05:57:20Z,checkout,INFO,cart 61103 abandoned after 229ms
2026-03-14T05:57:24Z,billing,INFO,invoice 10210 rendered in 107ms
2026-03-14T05:57:24Z,search,ERROR,"upstream 429, backing off 32s"
2026-03-14T05:57:30Z,search,ERROR,"upstream 429, backing off 32s"
2026-03-14T05:57:36Z,search,ERROR,"upstream 429, backing off 32s"
2026-03-14T05:57:42Z,search,ERROR,"upstream 429, backing off 32s"
2026-03-14T05:57:48Z,search,ERROR,"upstream 429, backing off 32s"
2026-03-14T05:57:49Z,payments,INFO,webhook 13244 acknowledged
2026-03-14T05:57:52Z,search,INFO,index segment 28353 merged
2026-03-14T05:57:54Z,search,ERROR,"upstream 429, backing off 32s"
2026-03-14T05:57:56Z,search,INFO,index segment 34898 merged
2026-03-14T05:57:57Z,postgres,INFO,connection 1263 authorised
2026-03-14T05:58:00Z,search,ERROR,"upstream 429, backing off 32s"
2026-03-14T05:58:06Z,search,ERROR,"upstream 429, backing off 32s"
2026-03-14T05:58:12Z,search,ERROR,"upstream 429, backing off 32s"
2026-03-14T05:58:18Z,search,ERROR,"upstream 429, backing off 32s"
2026-03-14T05:58:20Z,checkout,INFO,cart 56485 converted in 194ms
2026-03-14T05:58:23Z,postgres,INFO,replication lag 320ms
2026-03-14T05:58:24Z,search,ERROR,"upstream 429, backing off 32s"
2026-03-14T05:58:26Z,orders,INFO,order 23452 invoiced
2026-03-14T05:58:29Z,checkout,INFO,payment intent 72673 created
2026-03-14T05:58:30Z,search,ERROR,"upstream 429, backing off 32s"
2026-03-14T05:58:36Z,search,ERROR,"upstream 429, backing off 32s"
2026-03-14T05:58:42Z,search,ERROR,"upstream 429, backing off 32s"
2026-03-14T05:58:45Z,orders,INFO,order 24994 invoiced
2026-03-14T05:58:48Z,search,INFO,query 82494 served in 105ms
2026-03-14T05:58:48Z,search,ERROR,"upstream 429, backing off 32s"
2026-03-14T05:58:49Z,orders,INFO,inventory check 93884 passed
2026-03-14T05:58:50Z,auth,INFO,token issued for session 50384
2026-03-14T05:58:54Z,search,ERROR,"upstream 429, backing off 32s"
2026-03-14T05:58:56Z,checkout,INFO,cart 23314 converted in 94ms
2026-03-14T05:58:58Z,billing,INFO,credit note 31033 issued
2026-03-14T05:59:00Z,search,INFO,"recovered after 96 attempts, upstream healthy"
2026-03-14T05:59:00Z,search,ERROR,"upstream 429, backing off 32s"
2026-03-14T05:59:06Z,search,ERROR,"upstream 429, backing off 32s"
2026-03-14T05:59:12Z,search,ERROR,"upstream 429, backing off 32s"
2026-03-14T05:59:16Z,search,INFO,"suggest cache warm, 99459 entries"
2026-03-14T05:59:17Z,postgres,INFO,replication lag 266ms
2026-03-14T05:59:18Z,search,ERROR,"upstream 429, backing off 32s"
2026-03-14T05:59:24Z,search,ERROR,"upstream 429, backing off 32s"
2026-03-14T05:59:25Z,payments,INFO,charge 72732 authorised in 240ms
2026-03-14T05:59:30Z,postgres,INFO,autovacuum finished on table 23854
2026-03-14T05:59:30Z,search,INFO,query 55978 served in 173ms
2026-03-14T05:59:30Z,search,ERROR,"upstream 429, backing off 32s"
2026-03-14T05:59:36Z,search,ERROR,"upstream 429, backing off 32s"
2026-03-14T05:59:42Z,search,ERROR,"upstream 429, backing off 32s"
2026-03-14T05:59:49Z,search,INFO,index segment 39239 merged
2026-03-14T05:59:59Z,postgres,INFO,autovacuum finished on table 30790
2026-03-14T05:59:59Z,postgres,INFO,"checkpoint complete, 29247 buffers written"
2026-03-14T06:00:05Z,payments,INFO,webhook 89090 acknowledged
2026-03-14T06:00:06Z,deploy,INFO,canary 14934 healthy
2026-03-14T06:00:23Z,postgres,INFO,replication lag 250ms
2026-03-14T06:00:26Z,search,INFO,query 38909 served in 115ms
2026-03-14T06:00:33Z,auth,INFO,logout for session 76718
2026-03-14T06:00:33Z,postgres,INFO,"checkpoint complete, 55213 buffers written"
2026-03-14T06:00:34Z,auth,INFO,logout for session 69129
2026-03-14T06:00:35Z,search,INFO,query 96581 served in 71ms
2026-03-14T06:00:46Z,auth,INFO,login succeeded in 104ms
2026-03-14T06:00:46Z,checkout,INFO,cart 49068 abandoned after 208ms
2026-03-14T06:00:49Z,orders,INFO,order 98547 dispatched in 47ms
2026-03-14T06:00:59Z,search,INFO,"suggest cache warm, 17838 entries"
2026-03-14T06:01:03Z,auth,INFO,login succeeded in 97ms
2026-03-14T06:01:03Z,search,INFO,index segment 1264 merged
2026-03-14T06:01:06Z,billing,INFO,subscription 60973 renewed
2026-03-14T06:01:30Z,payments,INFO,webhook 88592 acknowledged
2026-03-14T06:01:45Z,auth,INFO,logout for session 52674
2026-03-14T06:01:48Z,billing,INFO,invoice 18925 rendered in 56ms
2026-03-14T06:01:50Z,orders,INFO,order 15240 invoiced
2026-03-14T06:02:07Z,payments,INFO,charge 84144 authorised in 134ms
2026-03-14T06:02:08Z,postgres,INFO,connection 6592 authorised
2026-03-14T06:02:17Z,payments,INFO,refund 58965 completed
2026-03-14T06:02:18Z,checkout,INFO,payment intent 33020 created
2026-03-14T06:02:23Z,search,INFO,index segment 93891 merged
2026-03-14T06:02:27Z,orders,INFO,inventory check 31706 passed
2026-03-14T06:02:28Z,payments,INFO,refund 94180 completed
2026-03-14T06:02:28Z,search,INFO,index segment 74115 merged
2026-03-14T06:02:39Z,billing,INFO,credit note 18172 issued
2026-03-14T06:02:42Z,billing,INFO,invoice 63036 rendered in 319ms
2026-03-14T06:02:45Z,checkout,INFO,cart 34364 abandoned after 224ms
2026-03-14T06:02:46Z,checkout,INFO,cart 68871 abandoned after 172ms
2026-03-14T06:02:51Z,checkout,INFO,session 17889 started
2026-03-14T06:02:51Z,orders,INFO,order 48257 accepted
2026-03-14T06:02:58Z,auth,INFO,login succeeded in 150ms
2026-03-14T06:02:58Z,checkout,INFO,cart 15387 converted in 218ms
2026-03-14T06:03:14Z,postgres,INFO,replication lag 147ms
2026-03-14T06:03:17Z,billing,INFO,dunning run 57233 complete
2026-03-14T06:03:31Z,postgres,INFO,replication lag 314ms
2026-03-14T06:03:51Z,billing,INFO,credit note 23929 issued
2026-03-14T06:03:55Z,search,INFO,"suggest cache warm, 68515 entries"
2026-03-14T06:04:10Z,payments,INFO,webhook 3980 acknowledged
2026-03-14T06:04:12Z,payments,INFO,settlement batch 42573 queued
2026-03-14T06:04:13Z,orders,INFO,inventory check 99207 passed
2026-03-14T06:04:17Z,postgres,INFO,replication lag 180ms
2026-03-14T06:04:21Z,postgres,INFO,autovacuum finished on table 15101
2026-03-14T06:04:25Z,billing,INFO,subscription 37933 renewed
2026-03-14T06:04:38Z,auth,INFO,token issued for session 43900
2026-03-14T06:04:58Z,postgres,INFO,replication lag 311ms
2026-03-14T06:05:11Z,auth,INFO,login succeeded in 305ms
2026-03-14T06:05:27Z,auth,INFO,login succeeded in 205ms
2026-03-14T06:05:32Z,postgres,INFO,"checkpoint complete, 94821 buffers written"
2026-03-14T06:05:35Z,billing,INFO,dunning run 63486 complete
2026-03-14T06:05:35Z,billing,INFO,subscription 50484 renewed
2026-03-14T06:05:47Z,search,INFO,index segment 99575 merged
2026-03-14T06:05:48Z,billing,INFO,invoice 68136 rendered in 138ms
2026-03-14T06:06:04Z,search,INFO,query 31585 served in 248ms
2026-03-14T06:06:10Z,auth,INFO,login succeeded in 232ms
2026-03-14T06:06:12Z,search,INFO,"suggest cache warm, 43417 entries"
2026-03-14T06:06:13Z,orders,INFO,order 72761 invoiced
2026-03-14T06:06:20Z,search,INFO,index segment 38683 merged
2026-03-14T06:06:24Z,payments,INFO,refund 71808 completed
2026-03-14T06:06:35Z,billing,INFO,subscription 98826 renewed
2026-03-14T06:06:38Z,payments,INFO,settlement batch 92086 queued
2026-03-14T06:06:45Z,auth,INFO,logout for session 2846
2026-03-14T06:06:51Z,search,INFO,query 38337 served in 186ms
2026-03-14T06:07:10Z,postgres,INFO,autovacuum finished on table 16549
2026-03-14T06:07:14Z,checkout,INFO,cart 48833 abandoned after 288ms
2026-03-14T06:07:16Z,auth,INFO,session 2257 refreshed
2026-03-14T06:07:18Z,search,INFO,"suggest cache warm, 64607 entries"
2026-03-14T06:07:21Z,billing,INFO,credit note 79552 issued
2026-03-14T06:07:24Z,billing,INFO,subscription 29098 renewed
2026-03-14T06:07:32Z,auth,INFO,logout for session 62585
2026-03-14T06:07:35Z,postgres,INFO,autovacuum finished on table 38747
2026-03-14T06:07:36Z,orders,INFO,order 48083 dispatched in 269ms
2026-03-14T06:07:45Z,orders,INFO,order 35584 dispatched in 149ms
2026-03-14T06:07:59Z,auth,INFO,login succeeded in 141ms
2026-03-14T06:08:04Z,payments,INFO,refund 4572 completed
2026-03-14T06:08:05Z,billing,INFO,credit note 30568 issued
2026-03-14T06:08:11Z,postgres,INFO,autovacuum finished on table 82568
2026-03-14T06:08:25Z,checkout,INFO,cart 15099 converted in 202ms
2026-03-14T06:08:27Z,orders,INFO,order 38788 dispatched in 119ms
2026-03-14T06:08:34Z,checkout,INFO,session 15848 started
2026-03-14T06:08:42Z,search,INFO,index segment 16095 merged
2026-03-14T06:08:57Z,orders,INFO,order 97733 accepted
2026-03-14T06:08:57Z,payments,INFO,settlement batch 32921 queued
2026-03-14T06:08:59Z,payments,INFO,charge 99568 authorised in 136ms
2026-03-14T06:09:02Z,postgres,INFO,replication lag 130ms
2026-03-14T06:09:04Z,orders,INFO,order 19438 invoiced
2026-03-14T06:09:04Z,payments,INFO,refund 67776 completed
2026-03-14T06:09:06Z,orders,INFO,inventory check 76904 passed
2026-03-14T06:09:08Z,search,INFO,"suggest cache warm, 73656 entries"
2026-03-14T06:09:12Z,billing,INFO,credit note 39474 issued
2026-03-14T06:09:23Z,postgres,INFO,replication lag 66ms
2026-03-14T06:09:28Z,checkout,INFO,payment intent 25922 created
2026-03-14T06:09:30Z,checkout,INFO,cart 80400 abandoned after 231ms
2026-03-14T06:09:34Z,checkout,INFO,cart 83359 abandoned after 125ms
2026-03-14T06:09:35Z,payments,INFO,settlement batch 28551 queued
2026-03-14T06:09:40Z,billing,INFO,dunning run 88047 complete
2026-03-14T06:09:40Z,checkout,INFO,cart 29005 abandoned after 246ms
2026-03-14T06:09:42Z,orders,INFO,order 78869 invoiced
2026-03-14T06:09:52Z,postgres,INFO,replication lag 235ms
2026-03-14T06:09:58Z,auth,INFO,token issued for session 36388
2026-03-14T06:10:00Z,search,ERROR,"upstream 429, backing off 1s"
2026-03-14T06:10:02Z,payments,INFO,refund 51398 completed
2026-03-14T06:10:06Z,billing,INFO,subscription 47919 renewed
2026-03-14T06:10:06Z,search,ERROR,"upstream 429, backing off 2s"
2026-03-14T06:10:07Z,search,INFO,"suggest cache warm, 19584 entries"
2026-03-14T06:10:12Z,search,ERROR,"upstream 429, backing off 4s"
2026-03-14T06:10:13Z,payments,INFO,charge 87152 authorised in 153ms
2026-03-14T06:10:13Z,payments,INFO,webhook 16190 acknowledged
2026-03-14T06:10:18Z,search,ERROR,"upstream 429, backing off 8s"
2026-03-14T06:10:19Z,search,INFO,query 51155 served in 87ms
2026-03-14T06:10:24Z,search,ERROR,"upstream 429, backing off 16s"
2026-03-14T06:10:25Z,auth,INFO,logout for session 55385
2026-03-14T06:10:30Z,search,ERROR,"upstream 429, backing off 32s"
2026-03-14T06:10:33Z,auth,INFO,logout for session 51136
2026-03-14T06:10:36Z,search,ERROR,"upstream 429, backing off 32s"
2026-03-14T06:10:37Z,auth,INFO,session 60197 refreshed
2026-03-14T06:10:39Z,checkout,INFO,cart 30028 abandoned after 297ms
2026-03-14T06:10:42Z,search,ERROR,"upstream 429, backing off 32s"
2026-03-14T06:10:44Z,billing,INFO,credit note 16626 issued
2026-03-14T06:10:45Z,payments,INFO,webhook 50065 acknowledged
2026-03-14T06:10:48Z,orders,INFO,inventory check 46043 passed
2026-03-14T06:10:48Z,search,ERROR,"upstream 429, backing off 32s"
2026-03-14T06:10:54Z,postgres,INFO,replication lag 279ms
2026-03-14T06:10:54Z,search,ERROR,"upstream 429, backing off 32s"
2026-03-14T06:10:59Z,search,INFO,index segment 37197 merged
2026-03-14T06:11:00Z,search,ERROR,"upstream 429, backing off 32s"
2026-03-14T06:11:06Z,search,ERROR,"upstream 429, backing off 32s"
2026-03-14T06:11:07Z,checkout,INFO,cart 61095 converted in 287ms
2026-03-14T06:11:12Z,search,ERROR,"upstream 429, backing off 32s"
2026-03-14T06:11:13Z,postgres,INFO,replication lag 41ms
2026-03-14T06:11:14Z,orders,INFO,order 45648 dispatched in 82ms
2026-03-14T06:11:18Z,search,ERROR,"upstream 429, backing off 32s"
2026-03-14T06:11:21Z,payments,INFO,charge 93910 authorised in 89ms
2026-03-14T06:11:22Z,billing,INFO,credit note 52057 issued
2026-03-14T06:11:24Z,search,ERROR,"upstream 429, backing off 32s"
2026-03-14T06:11:28Z,search,INFO,query 30399 served in 79ms
2026-03-14T06:11:30Z,search,ERROR,"upstream 429, backing off 32s"
2026-03-14T06:11:36Z,search,ERROR,"upstream 429, backing off 32s"
2026-03-14T06:11:41Z,search,INFO,index segment 71519 merged
2026-03-14T06:11:42Z,checkout,INFO,cart 24177 abandoned after 204ms
2026-03-14T06:11:42Z,search,ERROR,"upstream 429, backing off 32s"
2026-03-14T06:11:44Z,postgres,INFO,"checkpoint complete, 22391 buffers written"
2026-03-14T06:11:47Z,orders,INFO,order 7468 accepted
2026-03-14T06:11:48Z,search,ERROR,"upstream 429, backing off 32s"
2026-03-14T06:11:54Z,search,ERROR,"upstream 429, backing off 32s"
2026-03-14T06:12:00Z,search,ERROR,"upstream 429, backing off 32s"
2026-03-14T06:12:05Z,payments,INFO,settlement batch 81753 queued
2026-03-14T06:12:06Z,search,ERROR,"upstream 429, backing off 32s"
2026-03-14T06:12:09Z,auth,INFO,token issued for session 82581
2026-03-14T06:12:12Z,auth,INFO,token issued for session 67063
2026-03-14T06:12:12Z,checkout,INFO,cart 69935 abandoned after 246ms
2026-03-14T06:12:12Z,orders,INFO,order 94807 accepted
2026-03-14T06:12:12Z,search,ERROR,"upstream 429, backing off 32s"
2026-03-14T06:12:18Z,search,ERROR,"upstream 429, backing off 32s"
2026-03-14T06:12:22Z,postgres,INFO,"checkpoint complete, 35379 buffers written"
2026-03-14T06:12:24Z,checkout,INFO,session 21191 started
2026-03-14T06:12:24Z,search,ERROR,"upstream 429, backing off 32s"
2026-03-14T06:12:28Z,billing,INFO,invoice 18105 rendered in 178ms
2026-03-14T06:12:30Z,search,ERROR,"upstream 429, backing off 32s"
2026-03-14T06:12:32Z,auth,INFO,session 17122 refreshed
2026-03-14T06:12:32Z,postgres,INFO,connection 39047 authorised
2026-03-14T06:12:36Z,search,ERROR,"upstream 429, backing off 32s"
2026-03-14T06:12:40Z,auth,INFO,login succeeded in 101ms
2026-03-14T06:12:42Z,search,ERROR,"upstream 429, backing off 32s"
2026-03-14T06:12:48Z,search,ERROR,"upstream 429, backing off 32s"
2026-03-14T06:12:52Z,billing,INFO,dunning run 9803 complete
2026-03-14T06:12:54Z,auth,INFO,session 99970 refreshed
2026-03-14T06:12:54Z,search,ERROR,"upstream 429, backing off 32s"
2026-03-14T06:13:00Z,postgres,INFO,autovacuum finished on table 75381
2026-03-14T06:13:00Z,search,ERROR,"upstream 429, backing off 32s"
2026-03-14T06:13:05Z,checkout,INFO,cart 27434 abandoned after 86ms
2026-03-14T06:13:06Z,search,INFO,index segment 38813 merged
2026-03-14T06:13:06Z,search,ERROR,"upstream 429, backing off 32s"
2026-03-14T06:13:12Z,search,ERROR,"upstream 429, backing off 32s"
2026-03-14T06:13:14Z,search,INFO,index segment 19419 merged
2026-03-14T06:13:18Z,search,ERROR,"upstream 429, backing off 32s"
2026-03-14T06:13:21Z,postgres,INFO,autovacuum finished on table 35583
2026-03-14T06:13:22Z,checkout,INFO,cart 50255 abandoned after 210ms
2026-03-14T06:13:24Z,search,ERROR,"upstream 429, backing off 32s"
2026-03-14T06:13:26Z,billing,INFO,dunning run 10872 complete
2026-03-14T06:13:30Z,search,ERROR,"upstream 429, backing off 32s"
2026-03-14T06:13:34Z,orders,INFO,order 35903 invoiced
2026-03-14T06:13:36Z,search,ERROR,"upstream 429, backing off 32s"
2026-03-14T06:13:39Z,billing,INFO,subscription 51223 renewed
2026-03-14T06:13:42Z,search,ERROR,"upstream 429, backing off 32s"
2026-03-14T06:13:47Z,deploy,INFO,canary 86895 healthy
2026-03-14T06:13:48Z,search,ERROR,"upstream 429, backing off 32s"
2026-03-14T06:13:52Z,postgres,INFO,"checkpoint complete, 28383 buffers written"
2026-03-14T06:13:53Z,checkout,INFO,cart 99014 abandoned after 271ms
2026-03-14T06:13:54Z,search,INFO,"suggest cache warm, 80869 entries"
2026-03-14T06:13:54Z,search,ERROR,"upstream 429, backing off 32s"
2026-03-14T06:14:00Z,search,ERROR,"upstream 429, backing off 32s"
2026-03-14T06:14:06Z,search,ERROR,"upstream 429, backing off 32s"
2026-03-14T06:14:12Z,search,ERROR,"upstream 429, backing off 32s"
2026-03-14T06:14:18Z,search,ERROR,"upstream 429, backing off 32s"
2026-03-14T06:14:24Z,search,ERROR,"upstream 429, backing off 32s"
2026-03-14T06:14:28Z,auth,INFO,session 52905 refreshed
2026-03-14T06:14:30Z,search,ERROR,"upstream 429, backing off 32s"
2026-03-14T06:14:31Z,billing,INFO,invoice 8785 rendered in 202ms
2026-03-14T06:14:36Z,search,ERROR,"upstream 429, backing off 32s"
2026-03-14T06:14:42Z,search,ERROR,"upstream 429, backing off 32s"
2026-03-14T06:14:57Z,billing,INFO,invoice 9615 rendered in 57ms
2026-03-14T06:15:00Z,search,ERROR,"upstream 429, backing off 1s"
2026-03-14T06:15:03Z,orders,INFO,inventory check 86585 passed
2026-03-14T06:15:06Z,search,ERROR,"upstream 429, backing off 2s"
2026-03-14T06:15:07Z,billing,INFO,dunning run 32739 complete
2026-03-14T06:15:11Z,billing,INFO,dunning run 45233 complete
2026-03-14T06:15:12Z,search,ERROR,"upstream 429, backing off 4s"
2026-03-14T06:15:16Z,payments,INFO,webhook 9180 acknowledged
2026-03-14T06:15:17Z,billing,INFO,credit note 5086 issued
2026-03-14T06:15:18Z,search,ERROR,"upstream 429, backing off 8s"
2026-03-14T06:15:24Z,search,ERROR,"upstream 429, backing off 16s"
2026-03-14T06:15:26Z,payments,INFO,webhook 74964 acknowledged
2026-03-14T06:15:30Z,search,ERROR,"upstream 429, backing off 32s"
2026-03-14T06:15:34Z,billing,INFO,invoice 35274 rendered in 319ms
2026-03-14T06:15:36Z,search,ERROR,"upstream 429, backing off 32s"
2026-03-14T06:15:42Z,search,ERROR,"upstream 429, backing off 32s"
2026-03-14T06:15:48Z,search,ERROR,"upstream 429, backing off 32s"
2026-03-14T06:15:54Z,search,ERROR,"upstream 429, backing off 32s"
2026-03-14T06:15:56Z,search,INFO,"suggest cache warm, 2579 entries"
2026-03-14T06:16:00Z,search,ERROR,"upstream 429, backing off 32s"
2026-03-14T06:16:02Z,search,INFO,index segment 71542 merged
2026-03-14T06:16:06Z,search,ERROR,"upstream 429, backing off 32s"
2026-03-14T06:16:12Z,search,ERROR,"upstream 429, backing off 32s"
2026-03-14T06:16:18Z,search,ERROR,"upstream 429, backing off 32s"
2026-03-14T06:16:24Z,search,ERROR,"upstream 429, backing off 32s"
2026-03-14T06:16:28Z,payments,INFO,webhook 34068 acknowledged
2026-03-14T06:16:30Z,search,ERROR,"upstream 429, backing off 32s"
2026-03-14T06:16:33Z,auth,INFO,login succeeded in 81ms
2026-03-14T06:16:36Z,search,ERROR,"upstream 429, backing off 32s"
2026-03-14T06:16:42Z,checkout,INFO,cart 17089 converted in 216ms
2026-03-14T06:16:42Z,search,ERROR,"upstream 429, backing off 32s"
2026-03-14T06:16:45Z,payments,INFO,charge 39347 authorised in 310ms
2026-03-14T06:16:46Z,orders,INFO,order 65870 accepted
2026-03-14T06:16:48Z,search,ERROR,"upstream 429, backing off 32s"
2026-03-14T06:16:54Z,search,ERROR,"upstream 429, backing off 32s"
2026-03-14T06:16:55Z,search,INFO,query 23009 served in 285ms
2026-03-14T06:17:00Z,search,ERROR,"upstream 429, backing off 32s"
2026-03-14T06:17:01Z,payments,INFO,settlement batch 70007 queued
2026-03-14T06:17:06Z,search,ERROR,"upstream 429, backing off 32s"
2026-03-14T06:17:12Z,search,ERROR,"upstream 429, backing off 32s"
2026-03-14T06:17:16Z,postgres,INFO,connection 86239 authorised
2026-03-14T06:17:18Z,search,ERROR,"upstream 429, backing off 32s"
2026-03-14T06:17:24Z,search,ERROR,"upstream 429, backing off 32s"
2026-03-14T06:17:25Z,checkout,INFO,cart 81881 abandoned after 199ms
2026-03-14T06:17:27Z,search,INFO,query 82829 served in 33ms
2026-03-14T06:17:28Z,search,INFO,index segment 5352 merged
2026-03-14T06:17:30Z,auth,INFO,token issued for session 72694
2026-03-14T06:17:30Z,search,ERROR,"upstream 429, backing off 32s"
2026-03-14T06:17:32Z,search,INFO,query 40182 served in 66ms
2026-03-14T06:17:36Z,search,ERROR,"upstream 429, backing off 32s"
2026-03-14T06:17:38Z,billing,INFO,subscription 39187 renewed
2026-03-14T06:17:40Z,auth,INFO,session 81491 refreshed
2026-03-14T06:17:41Z,billing,INFO,credit note 38318 issued
2026-03-14T06:17:42Z,search,ERROR,"upstream 429, backing off 32s"
2026-03-14T06:17:43Z,payments,INFO,webhook 96966 acknowledged
2026-03-14T06:17:48Z,search,ERROR,"upstream 429, backing off 32s"
2026-03-14T06:17:54Z,auth,INFO,logout for session 76227
2026-03-14T06:17:54Z,search,ERROR,"upstream 429, backing off 32s"
2026-03-14T06:18:00Z,postgres,INFO,replication lag 136ms
2026-03-14T06:18:00Z,search,ERROR,"upstream 429, backing off 32s"
2026-03-14T06:18:05Z,billing,INFO,credit note 79322 issued
2026-03-14T06:18:06Z,search,ERROR,"upstream 429, backing off 32s"
2026-03-14T06:18:12Z,search,ERROR,"upstream 429, backing off 32s"
2026-03-14T06:18:13Z,postgres,INFO,autovacuum finished on table 74873
2026-03-14T06:18:14Z,postgres,INFO,"checkpoint complete, 56419 buffers written"
2026-03-14T06:18:18Z,payments,INFO,charge 63777 authorised in 279ms
2026-03-14T06:18:18Z,search,ERROR,"upstream 429, backing off 32s"
2026-03-14T06:18:19Z,postgres,INFO,replication lag 103ms
2026-03-14T06:18:20Z,auth,INFO,token issued for session 73084
2026-03-14T06:18:23Z,checkout,INFO,cart 44383 abandoned after 187ms
2026-03-14T06:18:24Z,search,ERROR,"upstream 429, backing off 32s"
2026-03-14T06:18:25Z,postgres,INFO,"checkpoint complete, 26194 buffers written"
2026-03-14T06:18:29Z,auth,INFO,token issued for session 44633
2026-03-14T06:18:30Z,payments,INFO,charge 37986 authorised in 45ms
2026-03-14T06:18:30Z,search,ERROR,"upstream 429, backing off 32s"
2026-03-14T06:18:36Z,search,ERROR,"upstream 429, backing off 32s"
2026-03-14T06:18:39Z,checkout,INFO,session 22254 started
2026-03-14T06:18:39Z,orders,INFO,order 43316 invoiced
2026-03-14T06:18:40Z,postgres,INFO,"checkpoint complete, 58563 buffers written"
2026-03-14T06:18:41Z,checkout,INFO,payment intent 44932 created
2026-03-14T06:18:42Z,search,ERROR,"upstream 429, backing off 32s"
2026-03-14T06:18:44Z,auth,INFO,login succeeded in 140ms
2026-03-14T06:18:46Z,search,INFO,query 90493 served in 272ms
2026-03-14T06:18:48Z,search,ERROR,"upstream 429, backing off 32s"
2026-03-14T06:18:51Z,payments,INFO,webhook 96602 acknowledged
2026-03-14T06:18:54Z,search,ERROR,"upstream 429, backing off 32s"
2026-03-14T06:19:00Z,search,INFO,"recovered after 96 attempts, upstream healthy"
2026-03-14T06:19:00Z,search,INFO,"suggest cache warm, 84743 entries"
2026-03-14T06:19:00Z,search,ERROR,"upstream 429, backing off 32s"
2026-03-14T06:19:05Z,orders,INFO,order 44610 dispatched in 19ms
2026-03-14T06:19:06Z,search,ERROR,"upstream 429, backing off 32s"
2026-03-14T06:19:12Z,search,ERROR,"upstream 429, backing off 32s"
2026-03-14T06:19:18Z,search,ERROR,"upstream 429, backing off 32s"
2026-03-14T06:19:24Z,search,ERROR,"upstream 429, backing off 32s"
2026-03-14T06:19:30Z,search,ERROR,"upstream 429, backing off 32s"
2026-03-14T06:19:36Z,search,ERROR,"upstream 429, backing off 32s"
2026-03-14T06:19:42Z,search,ERROR,"upstream 429, backing off 32s"
2026-03-14T06:19:46Z,checkout,INFO,cart 72947 converted in 104ms
2026-03-14T06:19:46Z,checkout,INFO,session 82428 started
2026-03-14T06:19:47Z,orders,INFO,inventory check 28579 passed
2026-03-14T06:19:47Z,postgres,INFO,connection 38679 authorised
2026-03-14T06:19:48Z,orders,INFO,order 16298 accepted
2026-03-14T06:19:53Z,search,INFO,query 17743 served in 276ms
2026-03-14T06:20:09Z,auth,INFO,login succeeded in 231ms
2026-03-14T06:20:09Z,postgres,INFO,autovacuum finished on table 40318
2026-03-14T06:20:11Z,search,INFO,"suggest cache warm, 34525 entries"
2026-03-14T06:20:13Z,search,INFO,query 4701 served in 178ms
2026-03-14T06:20:14Z,checkout,INFO,cart 25080 abandoned after 257ms
2026-03-14T06:20:14Z,deploy,INFO,canary 46881 healthy
2026-03-14T06:20:23Z,orders,INFO,order 99818 dispatched in 105ms
2026-03-14T06:20:26Z,orders,INFO,order 55387 dispatched in 52ms
2026-03-14T06:20:27Z,search,INFO,"suggest cache warm, 35081 entries"
2026-03-14T06:20:29Z,search,INFO,query 11870 served in 242ms
2026-03-14T06:20:31Z,postgres,INFO,connection 44283 authorised
2026-03-14T06:20:33Z,payments,INFO,webhook 61859 acknowledged
2026-03-14T06:20:43Z,postgres,INFO,connection 83394 authorised
2026-03-14T06:20:50Z,postgres,INFO,replication lag 171ms
2026-03-14T06:20:52Z,payments,INFO,settlement batch 84281 queued
2026-03-14T06:20:53Z,payments,INFO,charge 13895 authorised in 222ms
2026-03-14T06:21:14Z,orders,INFO,order 21917 dispatched in 215ms
2026-03-14T06:21:20Z,billing,INFO,subscription 54406 renewed
2026-03-14T06:21:22Z,checkout,INFO,cart 78208 converted in 122ms
2026-03-14T06:21:30Z,postgres,INFO,replication lag 61ms
2026-03-14T06:21:33Z,postgres,INFO,replication lag 263ms
2026-03-14T06:21:42Z,postgres,INFO,connection 3657 authorised
2026-03-14T06:21:48Z,payments,INFO,webhook 34888 acknowledged
2026-03-14T06:22:04Z,postgres,INFO,"checkpoint complete, 61355 buffers written"
2026-03-14T06:22:18Z,auth,INFO,logout for session 55204
2026-03-14T06:22:21Z,search,INFO,query 8111 served in 108ms
2026-03-14T06:22:25Z,search,INFO,"suggest cache warm, 17655 entries"
2026-03-14T06:22:38Z,billing,INFO,invoice 34120 rendered in 74ms
2026-03-14T06:22:40Z,auth,INFO,token issued for session 78415
2026-03-14T06:22:40Z,search,INFO,query 65050 served in 129ms
2026-03-14T06:22:42Z,billing,INFO,dunning run 91962 complete
2026-03-14T06:22:53Z,billing,INFO,subscription 78237 renewed
2026-03-14T06:22:55Z,payments,INFO,charge 35328 authorised in 168ms
2026-03-14T06:23:06Z,checkout,INFO,cart 21928 converted in 137ms
2026-03-14T06:23:12Z,payments,INFO,charge 73090 authorised in 128ms
2026-03-14T06:23:16Z,billing,INFO,invoice 62985 rendered in 268ms
2026-03-14T06:23:17Z,payments,INFO,webhook 56807 acknowledged
2026-03-14T06:23:52Z,checkout,INFO,cart 80966 converted in 248ms
2026-03-14T06:23:59Z,auth,INFO,login succeeded in 81ms
2026-03-14T06:24:01Z,checkout,INFO,cart 67593 abandoned after 113ms
2026-03-14T06:24:04Z,checkout,INFO,cart 38387 abandoned after 150ms
2026-03-14T06:24:07Z,postgres,INFO,"checkpoint complete, 74315 buffers written"
2026-03-14T06:24:19Z,checkout,INFO,payment intent 46092 created
2026-03-14T06:24:21Z,payments,INFO,refund 55912 completed
2026-03-14T06:24:25Z,auth,INFO,token issued for session 45795
2026-03-14T06:24:41Z,orders,INFO,order 10824 accepted
2026-03-14T06:24:43Z,orders,INFO,order 9022 dispatched in 46ms
2026-03-14T06:24:53Z,billing,INFO,invoice 12061 rendered in 135ms
2026-03-14T06:25:01Z,deploy,INFO,artefact 90724 published
2026-03-14T06:25:05Z,auth,INFO,logout for session 19641
2026-03-14T06:25:08Z,billing,INFO,credit note 59472 issued
2026-03-14T06:25:13Z,postgres,INFO,autovacuum finished on table 92876
2026-03-14T06:25:22Z,orders,INFO,inventory check 1016 passed
2026-03-14T06:25:25Z,postgres,INFO,replication lag 278ms
2026-03-14T06:25:28Z,auth,INFO,login succeeded in 285ms
2026-03-14T06:25:39Z,orders,INFO,order 93045 accepted
2026-03-14T06:25:41Z,checkout,INFO,cart 77028 converted in 128ms
2026-03-14T06:25:42Z,postgres,INFO,replication lag 118ms
2026-03-14T06:25:57Z,orders,INFO,order 20406 accepted
2026-03-14T06:25:59Z,auth,INFO,token issued for session 75913
2026-03-14T06:25:59Z,orders,INFO,order 3459 accepted
2026-03-14T06:26:00Z,search,INFO,index segment 6809 merged
2026-03-14T06:26:20Z,checkout,INFO,cart 97490 converted in 222ms
2026-03-14T06:26:33Z,search,INFO,query 71133 served in 250ms
2026-03-14T06:27:06Z,payments,INFO,settlement batch 46022 queued
2026-03-14T06:27:11Z,postgres,INFO,"checkpoint complete, 69143 buffers written"
2026-03-14T06:27:17Z,checkout,INFO,payment intent 70293 created
2026-03-14T06:27:18Z,postgres,INFO,"checkpoint complete, 60325 buffers written"
2026-03-14T06:27:20Z,payments,INFO,refund 41902 completed
2026-03-14T06:27:23Z,orders,INFO,order 71504 accepted
2026-03-14T06:27:23Z,search,INFO,"suggest cache warm, 13708 entries"
2026-03-14T06:27:30Z,auth,INFO,logout for session 76892
2026-03-14T06:27:39Z,checkout,INFO,cart 75944 converted in 248ms
2026-03-14T06:27:39Z,orders,INFO,inventory check 59937 passed
2026-03-14T06:27:53Z,payments,INFO,charge 58800 authorised in 305ms
2026-03-14T06:27:58Z,auth,INFO,login succeeded in 220ms
2026-03-14T06:28:07Z,checkout,INFO,payment intent 13567 created
2026-03-14T06:28:15Z,search,INFO,"suggest cache warm, 8624 entries"
2026-03-14T06:28:31Z,billing,INFO,invoice 16691 rendered in 126ms
2026-03-14T06:28:38Z,orders,INFO,order 26840 invoiced
2026-03-14T06:28:38Z,orders,INFO,order 56933 accepted
2026-03-14T06:28:38Z,payments,INFO,refund 44899 completed
2026-03-14T06:28:39Z,auth,INFO,token issued for session 30276
2026-03-14T06:28:50Z,payments,INFO,charge 21527 authorised in 233ms
2026-03-14T06:28:51Z,auth,INFO,login succeeded in 301ms
2026-03-14T06:28:52Z,search,INFO,query 86627 served in 74ms
2026-03-14T06:28:53Z,billing,INFO,invoice 14569 rendered in 14ms
2026-03-14T06:28:56Z,billing,INFO,invoice 30029 rendered in 263ms
2026-03-14T06:28:56Z,search,INFO,"suggest cache warm, 53381 entries"
2026-03-14T06:28:59Z,postgres,INFO,"checkpoint complete, 20126 buffers written"
2026-03-14T06:29:02Z,auth,INFO,logout for session 21009
2026-03-14T06:29:14Z,postgres,INFO,connection 41552 authorised
2026-03-14T06:29:26Z,search,INFO,query 60790 served in 27ms
2026-03-14T06:29:27Z,billing,INFO,dunning run 78569 complete
2026-03-14T06:29:29Z,payments,INFO,webhook 4176 acknowledged
2026-03-14T06:29:29Z,search,INFO,query 14823 served in 161ms
2026-03-14T06:29:31Z,checkout,INFO,session 21330 started
2026-03-14T06:29:32Z,payments,INFO,webhook 12960 acknowledged
2026-03-14T06:29:39Z,search,INFO,query 91909 served in 202ms
2026-03-14T06:29:40Z,orders,INFO,order 77194 invoiced
2026-03-14T06:29:40Z,postgres,INFO,connection 89691 authorised
2026-03-14T06:29:44Z,checkout,INFO,payment intent 23092 created
2026-03-14T06:29:53Z,postgres,INFO,autovacuum finished on table 23776
2026-03-14T06:29:57Z,payments,INFO,refund 36383 completed
2026-03-14T06:30:00Z,search,INFO,"suggest cache warm, 99611 entries"
2026-03-14T06:30:16Z,postgres,INFO,"checkpoint complete, 24182 buffers written"
2026-03-14T06:30:18Z,auth,INFO,token issued for session 19930
2026-03-14T06:30:29Z,payments,INFO,charge 36700 authorised in 200ms
2026-03-14T06:30:30Z,auth,INFO,logout for session 84679
2026-03-14T06:30:35Z,postgres,INFO,autovacuum finished on table 31831
2026-03-14T06:30:51Z,billing,INFO,credit note 61805 issued
2026-03-14T06:30:52Z,orders,INFO,order 15889 accepted
2026-03-14T06:30:53Z,auth,INFO,logout for session 97981
2026-03-14T06:31:06Z,auth,INFO,session 76722 refreshed
2026-03-14T06:31:10Z,orders,INFO,order 83703 accepted
2026-03-14T06:31:11Z,checkout,INFO,cart 77010 abandoned after 214ms
2026-03-14T06:31:11Z,payments,INFO,webhook 61697 acknowledged
2026-03-14T06:31:23Z,postgres,INFO,connection 99530 authorised
2026-03-14T06:31:27Z,orders,INFO,order 17316 invoiced
2026-03-14T06:31:28Z,search,INFO,query 2749 served in 10ms
2026-03-14T06:31:46Z,search,INFO,"suggest cache warm, 21692 entries"
2026-03-14T06:31:54Z,search,INFO,"suggest cache warm, 54792 entries"
2026-03-14T06:31:59Z,payments,INFO,charge 79559 authorised in 134ms
2026-03-14T06:32:02Z,billing,INFO,subscription 21291 renewed
2026-03-14T06:32:15Z,payments,INFO,refund 74800 completed
2026-03-14T06:32:16Z,auth,INFO,login succeeded in 245ms
2026-03-14T06:32:32Z,auth,INFO,logout for session 44670
2026-03-14T06:32:32Z,deploy,INFO,artefact 98976 published
2026-03-14T06:32:36Z,auth,INFO,login succeeded in 101ms
2026-03-14T06:32:38Z,billing,INFO,dunning run 60579 complete
2026-03-14T06:32:51Z,payments,INFO,refund 75427 completed
2026-03-14T06:32:56Z,search,INFO,query 36328 served in 62ms
2026-03-14T06:32:57Z,orders,INFO,inventory check 30321 passed
2026-03-14T06:32:59Z,postgres,INFO,"checkpoint complete, 29743 buffers written"
2026-03-14T06:33:08Z,auth,INFO,session 58231 refreshed
2026-03-14T06:33:09Z,orders,INFO,order 29459 invoiced
2026-03-14T06:33:17Z,search,INFO,query 97683 served in 251ms
2026-03-14T06:33:19Z,search,INFO,query 92046 served in 244ms
2026-03-14T06:33:36Z,postgres,INFO,connection 62874 authorised
2026-03-14T06:33:44Z,checkout,INFO,cart 51454 abandoned after 69ms
2026-03-14T06:33:50Z,checkout,INFO,payment intent 49219 created
2026-03-14T06:33:58Z,payments,INFO,refund 39475 completed
2026-03-14T06:33:59Z,orders,INFO,order 17572 accepted
2026-03-14T06:34:01Z,postgres,INFO,"checkpoint complete, 24157 buffers written"
2026-03-14T06:34:05Z,search,INFO,query 16366 served in 44ms
2026-03-14T06:34:11Z,postgres,INFO,"checkpoint complete, 37400 buffers written"
2026-03-14T06:34:12Z,auth,INFO,logout for session 79446
2026-03-14T06:34:15Z,orders,INFO,order 71154 accepted
2026-03-14T06:34:17Z,billing,INFO,invoice 36300 rendered in 189ms
2026-03-14T06:34:23Z,checkout,INFO,cart 74388 abandoned after 32ms
2026-03-14T06:34:26Z,checkout,INFO,cart 53582 abandoned after 264ms
2026-03-14T06:34:27Z,billing,INFO,invoice 45410 rendered in 211ms
2026-03-14T06:34:29Z,postgres,INFO,autovacuum finished on table 99350
2026-03-14T06:34:30Z,billing,INFO,credit note 69538 issued
2026-03-14T06:34:48Z,search,INFO,query 39169 served in 195ms
2026-03-14T06:34:51Z,checkout,INFO,cart 43334 converted in 49ms
2026-03-14T06:34:54Z,payments,INFO,settlement batch 79819 queued
2026-03-14T06:35:00Z,checkout,ERROR,healthz timeout after 2000ms
2026-03-14T06:35:06Z,checkout,ERROR,healthz timeout after 2000ms
2026-03-14T06:35:12Z,checkout,ERROR,healthz timeout after 2000ms
2026-03-14T06:35:18Z,checkout,ERROR,healthz timeout after 2000ms
2026-03-14T06:35:20Z,orders,INFO,order 45243 dispatched in 256ms
2026-03-14T06:35:24Z,checkout,ERROR,healthz timeout after 2000ms
2026-03-14T06:35:26Z,postgres,INFO,connection 83177 authorised
2026-03-14T06:35:30Z,checkout,ERROR,healthz timeout after 2000ms
2026-03-14T06:35:36Z,checkout,ERROR,healthz timeout after 2000ms
2026-03-14T06:35:42Z,checkout,ERROR,healthz timeout after 2000ms
2026-03-14T06:35:43Z,auth,INFO,token issued for session 14010
2026-03-14T06:35:48Z,checkout,ERROR,healthz timeout after 2000ms
2026-03-14T06:35:54Z,checkout,ERROR,healthz timeout after 2000ms
2026-03-14T06:35:55Z,orders,INFO,order 19532 dispatched in 249ms
2026-03-14T06:36:00Z,checkout,ERROR,healthz timeout after 2000ms
2026-03-14T06:36:05Z,billing,INFO,invoice 30464 rendered in 319ms
2026-03-14T06:36:06Z,checkout,ERROR,healthz timeout after 2000ms
2026-03-14T06:36:10Z,payments,INFO,refund 35786 completed
2026-03-14T06:36:12Z,checkout,ERROR,healthz timeout after 2000ms
2026-03-14T06:36:15Z,payments,INFO,webhook 90468 acknowledged
2026-03-14T06:36:18Z,checkout,ERROR,healthz timeout after 2000ms
2026-03-14T06:36:22Z,postgres,INFO,replication lag 269ms
2026-03-14T06:36:24Z,checkout,ERROR,healthz timeout after 2000ms
2026-03-14T06:36:30Z,checkout,ERROR,healthz timeout after 2000ms
2026-03-14T06:36:34Z,payments,INFO,charge 74460 authorised in 86ms
2026-03-14T06:36:36Z,checkout,ERROR,healthz timeout after 2000ms
2026-03-14T06:36:37Z,orders,INFO,order 95887 dispatched in 145ms
2026-03-14T06:36:42Z,checkout,ERROR,healthz timeout after 2000ms
2026-03-14T06:36:46Z,orders,INFO,inventory check 38304 passed
2026-03-14T06:36:47Z,postgres,INFO,replication lag 276ms
2026-03-14T06:36:48Z,checkout,ERROR,healthz timeout after 2000ms
2026-03-14T06:36:51Z,auth,INFO,logout for session 45049
2026-03-14T06:36:54Z,checkout,ERROR,healthz timeout after 2000ms
2026-03-14T06:37:00Z,checkout,ERROR,healthz timeout after 2000ms
2026-03-14T06:37:00Z,payments,INFO,charge 38693 authorised in 244ms
2026-03-14T06:37:03Z,checkout,INFO,cart 39532 abandoned after 23ms
2026-03-14T06:37:06Z,checkout,ERROR,healthz timeout after 2000ms
2026-03-14T06:37:09Z,auth,INFO,logout for session 31266
2026-03-14T06:37:12Z,checkout,ERROR,healthz timeout after 2000ms
2026-03-14T06:37:15Z,auth,INFO,token issued for session 13219
2026-03-14T06:37:17Z,postgres,INFO,replication lag 46ms
2026-03-14T06:37:18Z,checkout,ERROR,healthz timeout after 2000ms
2026-03-14T06:37:19Z,search,INFO,query 69251 served in 147ms
2026-03-14T06:37:23Z,checkout,INFO,session 2104 started
2026-03-14T06:37:24Z,checkout,ERROR,healthz timeout after 2000ms
2026-03-14T06:37:30Z,checkout,ERROR,healthz timeout after 2000ms
2026-03-14T06:37:31Z,orders,INFO,inventory check 67755 passed
2026-03-14T06:37:33Z,checkout,INFO,cart 73774 abandoned after 165ms
2026-03-14T06:37:36Z,checkout,ERROR,healthz timeout after 2000ms
2026-03-14T06:37:40Z,billing,INFO,subscription 22636 renewed
2026-03-14T06:37:42Z,checkout,ERROR,healthz timeout after 2000ms
2026-03-14T06:37:45Z,payments,INFO,charge 49251 authorised in 200ms
2026-03-14T06:37:48Z,checkout,ERROR,healthz timeout after 2000ms
2026-03-14T06:37:50Z,checkout,INFO,session 49948 started
2026-03-14T06:37:54Z,checkout,ERROR,healthz timeout after 2000ms
2026-03-14T06:37:59Z,checkout,INFO,payment intent 25898 created
2026-03-14T06:37:59Z,payments,INFO,webhook 71149 acknowledged
2026-03-14T06:38:00Z,checkout,ERROR,healthz timeout after 2000ms
2026-03-14T06:38:03Z,payments,INFO,refund 7769 completed
2026-03-14T06:38:06Z,checkout,ERROR,healthz timeout after 2000ms
2026-03-14T06:38:09Z,checkout,INFO,cart 58355 abandoned after 291ms
2026-03-14T06:38:11Z,postgres,INFO,autovacuum finished on table 55240
2026-03-14T06:38:12Z,checkout,ERROR,healthz timeout after 2000ms
2026-03-14T06:38:17Z,checkout,INFO,payment intent 32354 created
2026-03-14T06:38:18Z,checkout,ERROR,healthz timeout after 2000ms
2026-03-14T06:38:24Z,checkout,ERROR,healthz timeout after 2000ms
2026-03-14T06:38:26Z,billing,INFO,invoice 19774 rendered in 210ms
2026-03-14T06:38:27Z,checkout,INFO,payment intent 88826 created
2026-03-14T06:38:29Z,deploy,INFO,artefact 25673 published
2026-03-14T06:38:30Z,checkout,ERROR,healthz timeout after 2000ms
2026-03-14T06:38:35Z,payments,INFO,refund 61980 completed
2026-03-14T06:38:36Z,checkout,ERROR,healthz timeout after 2000ms
2026-03-14T06:38:38Z,search,INFO,query 78030 served in 13ms
2026-03-14T06:38:42Z,checkout,ERROR,healthz timeout after 2000ms
2026-03-14T06:38:48Z,checkout,ERROR,healthz timeout after 2000ms
2026-03-14T06:38:53Z,billing,INFO,subscription 28400 renewed
2026-03-14T06:38:54Z,checkout,ERROR,healthz timeout after 2000ms
2026-03-14T06:38:54Z,postgres,INFO,replication lag 232ms
2026-03-14T06:38:57Z,orders,INFO,order 40861 dispatched in 304ms
2026-03-14T06:39:00Z,checkout,ERROR,healthz timeout after 2000ms
2026-03-14T06:39:06Z,checkout,ERROR,healthz timeout after 2000ms
2026-03-14T06:39:08Z,search,INFO,query 55917 served in 88ms
2026-03-14T06:39:12Z,checkout,ERROR,healthz timeout after 2000ms
2026-03-14T06:39:18Z,checkout,ERROR,healthz timeout after 2000ms
2026-03-14T06:39:24Z,checkout,ERROR,healthz timeout after 2000ms
2026-03-14T06:39:26Z,billing,INFO,invoice 18417 rendered in 5ms
2026-03-14T06:39:26Z,billing,INFO,subscription 96862 renewed
2026-03-14T06:39:30Z,checkout,ERROR,healthz timeout after 2000ms
2026-03-14T06:39:34Z,billing,INFO,dunning run 17271 complete
2026-03-14T06:39:34Z,postgres,INFO,replication lag 318ms
2026-03-14T06:39:36Z,checkout,ERROR,healthz timeout after 2000ms
2026-03-14T06:39:36Z,payments,INFO,refund 96413 completed
2026-03-14T06:39:42Z,deploy,INFO,canary 99821 healthy
2026-03-14T06:39:43Z,search,INFO,query 15022 served in 254ms
2026-03-14T06:39:45Z,billing,INFO,subscription 79224 renewed
2026-03-14T06:39:46Z,postgres,INFO,autovacuum finished on table 67374
2026-03-14T06:39:49Z,auth,INFO,logout for session 77869
2026-03-14T06:39:54Z,postgres,INFO,"checkpoint complete, 11682 buffers written"
2026-03-14T06:39:55Z,search,INFO,query 54827 served in 217ms
2026-03-14T06:40:08Z,payments,INFO,refund 6153 completed
2026-03-14T06:40:16Z,billing,INFO,dunning run 20027 complete
2026-03-14T06:40:20Z,checkout,INFO,cart 80167 converted in 63ms
2026-03-14T06:40:22Z,billing,INFO,credit note 2837 issued
2026-03-14T06:40:24Z,orders,INFO,order 69258 invoiced
2026-03-14T06:40:50Z,billing,INFO,dunning run 98935 complete
2026-03-14T06:40:52Z,auth,INFO,session 31191 refreshed
2026-03-14T06:40:56Z,search,INFO,"suggest cache warm, 68658 entries"
2026-03-14T06:41:01Z,search,INFO,query 58695 served in 259ms
2026-03-14T06:41:05Z,billing,INFO,subscription 30304 renewed
2026-03-14T06:41:07Z,auth,INFO,login succeeded in 49ms
2026-03-14T06:41:18Z,checkout,INFO,cart 9886 converted in 255ms
2026-03-14T06:41:20Z,auth,INFO,login succeeded in 241ms
2026-03-14T06:41:26Z,orders,INFO,order 97178 dispatched in 143ms
2026-03-14T06:41:34Z,billing,INFO,invoice 6041 rendered in 121ms
2026-03-14T06:41:35Z,payments,INFO,settlement batch 13179 queued
2026-03-14T06:41:36Z,checkout,INFO,cart 25310 converted in 16ms
2026-03-14T06:41:36Z,payments,INFO,settlement batch 33028 queued
2026-03-14T06:41:37Z,orders,INFO,order 5396 accepted
2026-03-14T06:41:49Z,search,INFO,query 12759 served in 250ms
2026-03-14T06:41:51Z,search,INFO,query 56818 served in 230ms
2026-03-14T06:41:57Z,orders,INFO,order 36844 invoiced
2026-03-14T06:42:08Z,auth,INFO,token issued for session 23224
2026-03-14T06:42:19Z,auth,INFO,login succeeded in 257ms
2026-03-14T06:42:24Z,checkout,INFO,cart 17788 converted in 215ms
2026-03-14T06:42:24Z,payments,INFO,webhook 69698 acknowledged
2026-03-14T06:42:28Z,payments,INFO,refund 62351 completed
2026-03-14T06:42:42Z,postgres,INFO,connection 17015 authorised
2026-03-14T06:42:46Z,search,INFO,query 94193 served in 283ms
2026-03-14T06:42:49Z,postgres,INFO,autovacuum finished on table 70838
2026-03-14T06:42:59Z,orders,INFO,order 74891 dispatched in 132ms
2026-03-14T06:43:02Z,payments,INFO,settlement batch 18471 queued
2026-03-14T06:43:05Z,orders,INFO,order 76835 accepted
2026-03-14T06:43:05Z,orders,INFO,order 78122 accepted
2026-03-14T06:43:10Z,postgres,INFO,connection 89222 authorised
2026-03-14T06:43:26Z,postgres,INFO,"checkpoint complete, 82204 buffers written"
2026-03-14T06:43:37Z,orders,INFO,order 5986 dispatched in 177ms
2026-03-14T06:43:37Z,postgres,INFO,"checkpoint complete, 27595 buffers written"
2026-03-14T06:43:42Z,checkout,INFO,cart 10592 converted in 24ms
2026-03-14T06:43:51Z,auth,INFO,login succeeded in 131ms
2026-03-14T06:43:56Z,postgres,INFO,"checkpoint complete, 59423 buffers written"
2026-03-14T06:44:05Z,postgres,INFO,autovacuum finished on table 70916
2026-03-14T06:44:19Z,billing,INFO,dunning run 49981 complete
2026-03-14T06:44:26Z,checkout,INFO,cart 77447 converted in 6ms
2026-03-14T06:44:44Z,orders,INFO,order 75581 dispatched in 166ms
2026-03-14T06:44:53Z,billing,INFO,dunning run 9555 complete
2026-03-14T06:44:56Z,postgres,INFO,replication lag 251ms
2026-03-14T06:44:57Z,search,INFO,query 97791 served in 280ms
2026-03-14T06:44:58Z,payments,INFO,refund 87931 completed
2026-03-14T06:45:07Z,payments,INFO,charge 93241 authorised in 111ms
2026-03-14T06:45:45Z,checkout,INFO,cart 88688 converted in 296ms
2026-03-14T06:45:53Z,billing,INFO,invoice 36926 rendered in 145ms
2026-03-14T06:45:54Z,orders,INFO,inventory check 51942 passed
2026-03-14T06:46:04Z,postgres,INFO,"checkpoint complete, 30644 buffers written"
2026-03-14T06:46:06Z,postgres,INFO,autovacuum finished on table 74128
2026-03-14T06:46:08Z,search,INFO,query 6018 served in 30ms
2026-03-14T06:46:28Z,auth,INFO,login succeeded in 142ms
2026-03-14T06:46:31Z,checkout,INFO,payment intent 49197 created
2026-03-14T06:46:32Z,auth,INFO,token issued for session 28097
2026-03-14T06:46:35Z,orders,INFO,order 16683 invoiced
2026-03-14T06:46:45Z,postgres,INFO,connection 83256 authorised
2026-03-14T06:46:46Z,billing,INFO,invoice 97344 rendered in 264ms
2026-03-14T06:46:47Z,orders,INFO,inventory check 10834 passed
2026-03-14T06:46:52Z,auth,INFO,session 98668 refreshed
2026-03-14T06:47:14Z,search,INFO,query 31060 served in 309ms
2026-03-14T06:47:26Z,billing,INFO,credit note 56046 issued
2026-03-14T06:47:33Z,payments,INFO,charge 83064 authorised in 124ms
2026-03-14T06:47:42Z,checkout,INFO,payment intent 55113 created
2026-03-14T06:47:43Z,auth,INFO,session 79419 refreshed
2026-03-14T06:47:48Z,postgres,INFO,replication lag 240ms
2026-03-14T06:47:48Z,search,INFO,"suggest cache warm, 10206 entries"
2026-03-14T06:47:50Z,checkout,INFO,session 72724 started
2026-03-14T06:47:55Z,checkout,INFO,cart 99896 converted in 15ms
2026-03-14T06:48:05Z,orders,INFO,order 3880 invoiced
2026-03-14T06:48:07Z,auth,INFO,session 45214 refreshed
2026-03-14T06:48:09Z,billing,INFO,invoice 91337 rendered in 277ms
2026-03-14T06:48:12Z,payments,INFO,charge 27432 authorised in 42ms
2026-03-14T06:48:13Z,orders,INFO,order 25202 dispatched in 286ms
2026-03-14T06:48:14Z,billing,INFO,credit note 54164 issued
2026-03-14T06:48:15Z,billing,INFO,dunning run 65044 complete
2026-03-14T06:48:16Z,billing,INFO,dunning run 8491 complete
2026-03-14T06:48:40Z,billing,INFO,subscription 74731 renewed
2026-03-14T06:48:40Z,checkout,INFO,payment intent 87494 created
2026-03-14T06:48:48Z,payments,INFO,webhook 81606 acknowledged
2026-03-14T06:48:56Z,payments,INFO,settlement batch 15681 queued
2026-03-14T06:48:57Z,payments,INFO,settlement batch 84816 queued
2026-03-14T06:49:05Z,auth,INFO,login succeeded in 299ms
2026-03-14T06:49:08Z,search,INFO,query 38001 served in 95ms
2026-03-14T06:49:11Z,billing,INFO,credit note 35670 issued
2026-03-14T06:49:13Z,orders,INFO,inventory check 82981 passed
2026-03-14T06:49:19Z,orders,INFO,order 62098 invoiced
2026-03-14T06:49:20Z,payments,INFO,settlement batch 28731 queued
2026-03-14T06:49:27Z,postgres,INFO,replication lag 132ms
2026-03-14T06:49:31Z,orders,INFO,order 65270 invoiced
2026-03-14T06:49:35Z,payments,INFO,refund 66338 completed
2026-03-14T06:49:40Z,search,INFO,"suggest cache warm, 56529 entries"
2026-03-14T06:49:40Z,search,INFO,"suggest cache warm, 97322 entries"
2026-03-14T06:49:55Z,search,INFO,index segment 90495 merged
2026-03-14T06:50:00Z,postgres,INFO,"checkpoint complete, 59451 buffers written"
2026-03-14T06:50:04Z,auth,INFO,login succeeded in 8ms
2026-03-14T06:50:13Z,checkout,INFO,session 65605 started
2026-03-14T06:50:15Z,checkout,INFO,cart 22462 converted in 60ms
2026-03-14T06:50:23Z,auth,INFO,session 5110 refreshed
2026-03-14T06:50:37Z,checkout,INFO,payment intent 15416 created
2026-03-14T06:50:37Z,payments,INFO,settlement batch 31770 queued
2026-03-14T06:50:48Z,checkout,INFO,cart 56361 abandoned after 312ms
2026-03-14T06:50:54Z,postgres,INFO,connection 91330 authorised
2026-03-14T06:51:19Z,auth,INFO,session 34345 refreshed
2026-03-14T06:51:20Z,search,INFO,query 94927 served in 230ms
2026-03-14T06:51:22Z,billing,INFO,credit note 5024 issued
2026-03-14T06:51:30Z,orders,INFO,order 88470 accepted
2026-03-14T06:51:32Z,search,INFO,query 81905 served in 130ms
2026-03-14T06:51:45Z,auth,INFO,token issued for session 21600
2026-03-14T06:51:45Z,search,INFO,index segment 70567 merged
2026-03-14T06:51:50Z,search,INFO,query 44009 served in 205ms
2026-03-14T06:51:52Z,auth,INFO,session 64748 refreshed
2026-03-14T06:52:04Z,payments,INFO,settlement batch 1065 queued
2026-03-14T06:52:19Z,postgres,INFO,replication lag 21ms
2026-03-14T06:52:21Z,billing,INFO,credit note 69630 issued
2026-03-14T06:52:29Z,billing,INFO,credit note 98100 issued
2026-03-14T06:52:30Z,search,INFO,"suggest cache warm, 97022 entries"
2026-03-14T06:52:32Z,payments,INFO,settlement batch 69272 queued
2026-03-14T06:52:40Z,postgres,INFO,replication lag 18ms
2026-03-14T06:52:49Z,orders,INFO,order 86311 dispatched in 110ms
2026-03-14T06:52:57Z,orders,INFO,inventory check 18094 passed
2026-03-14T06:52:57Z,search,INFO,index segment 11185 merged
2026-03-14T06:53:06Z,checkout,INFO,payment intent 33442 created
2026-03-14T06:53:26Z,search,INFO,query 38466 served in 26ms
2026-03-14T06:53:27Z,orders,INFO,order 16055 invoiced
2026-03-14T06:53:30Z,billing,INFO,dunning run 33527 complete
2026-03-14T06:53:48Z,postgres,INFO,replication lag 309ms
2026-03-14T06:53:52Z,billing,INFO,dunning run 83370 complete
2026-03-14T06:53:55Z,payments,INFO,webhook 82670 acknowledged
2026-03-14T06:54:01Z,checkout,INFO,cart 22496 abandoned after 104ms
2026-03-14T06:54:11Z,auth,INFO,session 51596 refreshed
2026-03-14T06:54:16Z,orders,INFO,order 33863 accepted
2026-03-14T06:54:19Z,postgres,INFO,replication lag 116ms
2026-03-14T06:54:20Z,checkout,INFO,session 22755 started
2026-03-14T06:54:21Z,checkout,INFO,payment intent 2944 created
2026-03-14T06:54:25Z,payments,INFO,charge 17433 authorised in 50ms
2026-03-14T06:54:45Z,postgres,INFO,"checkpoint complete, 74296 buffers written"
2026-03-14T06:54:52Z,checkout,INFO,session 65032 started
2026-03-14T06:54:58Z,billing,INFO,dunning run 55156 complete
2026-03-14T06:54:58Z,payments,INFO,refund 70607 completed
2026-03-14T06:55:04Z,checkout,INFO,payment intent 75907 created
2026-03-14T06:55:04Z,postgres,FATAL,the database system is shutting down
2026-03-14T06:55:05Z,postgres,FATAL,"could not write to WAL, device reports no space"
2026-03-14T06:55:06Z,orders,ERROR,could not connect to server: connection refused
2026-03-14T06:55:11Z,billing,ERROR,could not connect to server: connection refused
2026-03-14T06:55:16Z,checkout,ERROR,could not connect to server: connection refused
2026-03-14T06:55:21Z,payments,ERROR,could not connect to server: connection refused
2026-03-14T06:55:25Z,payments,INFO,webhook 24637 acknowledged
2026-03-14T06:55:26Z,orders,ERROR,could not connect to server: connection refused
2026-03-14T06:55:27Z,search,INFO,query 53890 served in 242ms
2026-03-14T06:55:31Z,billing,ERROR,could not connect to server: connection refused
2026-03-14T06:55:36Z,checkout,ERROR,could not connect to server: connection refused
2026-03-14T06:55:41Z,payments,ERROR,could not connect to server: connection refused
2026-03-14T06:55:41Z,postgres,INFO,autovacuum finished on table 45874
2026-03-14T06:55:46Z,orders,ERROR,could not connect to server: connection refused
2026-03-14T06:55:51Z,billing,ERROR,could not connect to server: connection refused
2026-03-14T06:55:56Z,checkout,ERROR,could not connect to server: connection refused
2026-03-14T06:56:01Z,payments,ERROR,could not connect to server: connection refused
2026-03-14T06:56:06Z,orders,ERROR,could not connect to server: connection refused
2026-03-14T06:56:06Z,payments,INFO,refund 35349 completed
2026-03-14T06:56:08Z,auth,INFO,session 3344 refreshed
2026-03-14T06:56:09Z,billing,INFO,credit note 81312 issued
2026-03-14T06:56:10Z,search,INFO,"suggest cache warm, 58529 entries"
2026-03-14T06:56:11Z,billing,ERROR,could not connect to server: connection refused
2026-03-14T06:56:12Z,postgres,INFO,replication lag 293ms
2026-03-14T06:56:12Z,search,INFO,index segment 49309 merged
2026-03-14T06:56:16Z,checkout,ERROR,could not connect to server: connection refused
2026-03-14T06:56:17Z,auth,INFO,session 28113 refreshed
2026-03-14T06:56:21Z,payments,ERROR,could not connect to server: connection refused
2026-03-14T06:56:24Z,search,INFO,index segment 22947 merged
2026-03-14T06:56:25Z,postgres,INFO,"checkpoint complete, 70279 buffers written"
2026-03-14T06:56:26Z,orders,ERROR,could not connect to server: connection refused
2026-03-14T06:56:31Z,billing,ERROR,could not connect to server: connection refused
2026-03-14T06:56:36Z,checkout,ERROR,could not connect to server: connection refused
2026-03-14T06:56:37Z,checkout,INFO,cart 30638 converted in 45ms
2026-03-14T06:56:37Z,postgres,INFO,"checkpoint complete, 88982 buffers written"
2026-03-14T06:56:41Z,payments,ERROR,could not connect to server: connection refused
2026-03-14T06:56:46Z,orders,ERROR,could not connect to server: connection refused
2026-03-14T06:56:46Z,payments,INFO,charge 64467 authorised in 283ms
2026-03-14T06:56:47Z,postgres,INFO,replication lag 70ms
2026-03-14T06:56:51Z,billing,ERROR,could not connect to server: connection refused
2026-03-14T06:56:53Z,orders,INFO,inventory check 3514 passed
2026-03-14T06:56:56Z,checkout,ERROR,could not connect to server: connection refused
2026-03-14T06:57:01Z,payments,ERROR,could not connect to server: connection refused
2026-03-14T06:57:05Z,payments,INFO,settlement batch 64510 queued
2026-03-14T06:57:06Z,orders,ERROR,could not connect to server: connection refused
2026-03-14T06:57:11Z,billing,ERROR,could not connect to server: connection refused
2026-03-14T06:57:16Z,checkout,ERROR,could not connect to server: connection refused
2026-03-14T06:57:17Z,billing,INFO,invoice 16592 rendered in 252ms
2026-03-14T06:57:20Z,billing,INFO,credit note 59218 issued
2026-03-14T06:57:21Z,payments,ERROR,could not connect to server: connection refused
2026-03-14T06:57:22Z,checkout,INFO,cart 25847 abandoned after 144ms
2026-03-14T06:57:26Z,orders,ERROR,could not connect to server: connection refused
2026-03-14T06:57:27Z,checkout,INFO,session 6851 started
2026-03-14T06:57:31Z,billing,ERROR,could not connect to server: connection refused
2026-03-14T06:57:32Z,auth,INFO,token issued for session 1889
2026-03-14T06:57:36Z,checkout,ERROR,could not connect to server: connection refused
2026-03-14T06:57:41Z,orders,INFO,order 41905 invoiced
2026-03-14T06:57:41Z,payments,ERROR,could not connect to server: connection refused
2026-03-14T06:57:42Z,orders,INFO,order 64028 accepted
2026-03-14T06:57:46Z,orders,ERROR,could not connect to server: connection refused
2026-03-14T06:57:47Z,orders,INFO,order 21182 accepted
2026-03-14T06:57:49Z,auth,INFO,login succeeded in 130ms
2026-03-14T06:57:51Z,billing,ERROR,could not connect to server: connection refused
2026-03-14T06:57:56Z,checkout,ERROR,could not connect to server: connection refused
2026-03-14T06:58:01Z,payments,ERROR,could not connect to server: connection refused
2026-03-14T06:58:06Z,orders,ERROR,could not connect to server: connection refused
2026-03-14T06:58:11Z,billing,ERROR,could not connect to server: connection refused
2026-03-14T06:58:12Z,search,INFO,index segment 45927 merged
2026-03-14T06:58:14Z,payments,INFO,refund 41492 completed
2026-03-14T06:58:16Z,checkout,ERROR,could not connect to server: connection refused
2026-03-14T06:58:21Z,auth,INFO,token issued for session 30473
2026-03-14T06:58:21Z,payments,ERROR,could not connect to server: connection refused
2026-03-14T06:58:21Z,payments,INFO,settlement batch 71442 queued
2026-03-14T06:58:26Z,orders,ERROR,could not connect to server: connection refused
2026-03-14T06:58:31Z,billing,ERROR,could not connect to server: connection refused
2026-03-14T06:58:36Z,checkout,ERROR,could not connect to server: connection refused
2026-03-14T06:58:37Z,orders,INFO,order 11165 dispatched in 319ms
2026-03-14T06:58:40Z,checkout,INFO,session 66548 started
2026-03-14T06:58:41Z,auth,INFO,token issued for session 84325
2026-03-14T06:58:41Z,payments,ERROR,could not connect to server: connection refused
2026-03-14T06:58:45Z,payments,INFO,charge 9365 authorised in 161ms
2026-03-14T06:58:46Z,orders,ERROR,could not connect to server: connection refused
2026-03-14T06:58:48Z,billing,INFO,subscription 72352 renewed
2026-03-14T06:58:49Z,billing,INFO,credit note 16349 issued
2026-03-14T06:58:49Z,search,INFO,index segment 41431 merged
2026-03-14T06:58:49Z,search,INFO,index segment 70850 merged
2026-03-14T06:58:51Z,billing,ERROR,could not connect to server: connection refused
2026-03-14T06:58:56Z,checkout,ERROR,could not connect to server: connection refused
2026-03-14T06:59:01Z,orders,INFO,inventory check 31467 passed
2026-03-14T06:59:01Z,payments,ERROR,could not connect to server: connection refused
2026-03-14T06:59:05Z,payments,INFO,charge 6226 authorised in 242ms
2026-03-14T06:59:05Z,search,INFO,query 17020 served in 282ms
2026-03-14T06:59:06Z,orders,ERROR,could not connect to server: connection refused
2026-03-14T06:59:07Z,payments,INFO,settlement batch 18281 queued
2026-03-14T06:59:11Z,billing,ERROR,could not connect to server: connection refused
2026-03-14T06:59:15Z,orders,INFO,order 83099 invoiced
2026-03-14T06:59:16Z,checkout,ERROR,could not connect to server: connection refused
2026-03-14T06:59:21Z,billing,INFO,invoice 60076 rendered in 101ms
2026-03-14T06:59:21Z,payments,ERROR,could not connect to server: connection refused
2026-03-14T06:59:31Z,auth,INFO,logout for session 14719
2026-03-14T06:59:33Z,auth,INFO,logout for session 61071
2026-03-14T06:59:35Z,orders,INFO,order 19859 invoiced
2026-03-14T06:59:50Z,postgres,INFO,autovacuum finished on table 21215
2026-03-14T06:59:53Z,billing,INFO,dunning run 34595 complete
2026-03-14T06:59:58Z,orders,INFO,inventory check 40160 passed
2026-03-14T07:00:01Z,orders,INFO,order 20707 accepted
2026-03-14T07:00:06Z,orders,ERROR,could not connect to server: connection refused
2026-03-14T07:00:11Z,billing,ERROR,could not connect to server: connection refused
2026-03-14T07:00:13Z,billing,INFO,credit note 30674 issued
2026-03-14T07:00:16Z,checkout,ERROR,could not connect to server: connection refused
2026-03-14T07:00:21Z,checkout,INFO,payment intent 10402 created
2026-03-14T07:00:21Z,payments,ERROR,could not connect to server: connection refused
2026-03-14T07:00:26Z,orders,ERROR,could not connect to server: connection refused
2026-03-14T07:00:31Z,billing,ERROR,could not connect to server: connection refused
2026-03-14T07:00:36Z,checkout,ERROR,could not connect to server: connection refused
2026-03-14T07:00:41Z,payments,ERROR,could not connect to server: connection refused
2026-03-14T07:00:41Z,payments,INFO,webhook 54488 acknowledged
2026-03-14T07:00:46Z,orders,ERROR,could not connect to server: connection refused
2026-03-14T07:00:47Z,auth,INFO,token issued for session 80449
2026-03-14T07:00:47Z,payments,INFO,settlement batch 8541 queued
2026-03-14T07:00:51Z,billing,ERROR,could not connect to server: connection refused
2026-03-14T07:00:56Z,checkout,ERROR,could not connect to server: connection refused
2026-03-14T07:00:57Z,postgres,INFO,autovacuum finished on table 32616
2026-03-14T07:01:01Z,payments,ERROR,could not connect to server: connection refused
2026-03-14T07:01:05Z,billing,INFO,subscription 92544 renewed
2026-03-14T07:01:06Z,orders,ERROR,could not connect to server: connection refused
2026-03-14T07:01:11Z,billing,ERROR,could not connect to server: connection refused
2026-03-14T07:01:14Z,postgres,INFO,connection 77514 authorised
2026-03-14T07:01:14Z,search,INFO,query 49152 served in 176ms
2026-03-14T07:01:16Z,checkout,ERROR,could not connect to server: connection refused
2026-03-14T07:01:20Z,postgres,INFO,autovacuum finished on table 99693
2026-03-14T07:01:21Z,payments,ERROR,could not connect to server: connection refused
2026-03-14T07:01:26Z,orders,ERROR,could not connect to server: connection refused
2026-03-14T07:01:31Z,billing,ERROR,could not connect to server: connection refused
2026-03-14T07:01:33Z,billing,INFO,invoice 65784 rendered in 69ms
2026-03-14T07:01:36Z,checkout,ERROR,could not connect to server: connection refused
2026-03-14T07:01:36Z,payments,INFO,charge 95093 authorised in 29ms
2026-03-14T07:01:38Z,billing,INFO,dunning run 42852 complete
2026-03-14T07:01:41Z,orders,INFO,order 1934 invoiced
2026-03-14T07:01:41Z,orders,INFO,order 84005 invoiced
2026-03-14T07:01:41Z,payments,ERROR,could not connect to server: connection refused
2026-03-14T07:01:46Z,orders,ERROR,could not connect to server: connection refused
2026-03-14T07:01:51Z,billing,ERROR,could not connect to server: connection refused
2026-03-14T07:01:53Z,deploy,INFO,pipeline 13673 green
2026-03-14T07:01:55Z,search,INFO,"suggest cache warm, 9171 entries"
2026-03-14T07:01:56Z,checkout,ERROR,could not connect to server: connection refused
2026-03-14T07:02:01Z,payments,ERROR,could not connect to server: connection refused
2026-03-14T07:02:06Z,orders,ERROR,could not connect to server: connection refused
2026-03-14T07:02:11Z,billing,ERROR,could not connect to server: connection refused
2026-03-14T07:02:16Z,checkout,ERROR,could not connect to server: connection refused
2026-03-14T07:02:18Z,payments,INFO,refund 30258 completed
2026-03-14T07:02:21Z,payments,ERROR,could not connect to server: connection refused
2026-03-14T07:02:21Z,postgres,INFO,autovacuum finished on table 9314
2026-03-14T07:02:26Z,orders,ERROR,could not connect to server: connection refused
2026-03-14T07:02:26Z,search,INFO,query 53949 served in 5ms
2026-03-14T07:02:31Z,auth,INFO,token issued for session 86326
2026-03-14T07:02:31Z,billing,ERROR,could not connect to server: connection refused
2026-03-14T07:02:31Z,billing,INFO,dunning run 64368 complete
2026-03-14T07:02:36Z,auth,INFO,token issued for session 57674
2026-03-14T07:02:36Z,checkout,ERROR,could not connect to server: connection refused
2026-03-14T07:02:41Z,payments,ERROR,could not connect to server: connection refused
2026-03-14T07:02:44Z,orders,INFO,order 71946 accepted
2026-03-14T07:02:45Z,deploy,INFO,pipeline 98326 green
2026-03-14T07:02:46Z,orders,ERROR,could not connect to server: connection refused
2026-03-14T07:02:51Z,billing,ERROR,could not connect to server: connection refused
2026-03-14T07:02:54Z,search,INFO,"suggest cache warm, 27196 entries"
2026-03-14T07:02:56Z,checkout,ERROR,could not connect to server: connection refused
2026-03-14T07:03:01Z,payments,ERROR,could not connect to server: connection refused
2026-03-14T07:03:01Z,payments,INFO,refund 12175 completed
2026-03-14T07:03:04Z,payments,INFO,refund 35653 completed
2026-03-14T07:03:05Z,orders,INFO,order 70082 invoiced
2026-03-14T07:03:06Z,orders,ERROR,could not connect to server: connection refused
2026-03-14T07:03:11Z,billing,ERROR,could not connect to server: connection refused
2026-03-14T07:03:16Z,checkout,ERROR,could not connect to server: connection refused
2026-03-14T07:03:19Z,postgres,INFO,connection 19692 authorised
2026-03-14T07:03:21Z,payments,ERROR,could not connect to server: connection refused
2026-03-14T07:03:26Z,orders,ERROR,could not connect to server: connection refused
2026-03-14T07:03:31Z,billing,ERROR,could not connect to server: connection refused
2026-03-14T07:03:31Z,postgres,INFO,replication lag 92ms
2026-03-14T07:03:36Z,checkout,ERROR,could not connect to server: connection refused
2026-03-14T07:03:41Z,payments,ERROR,could not connect to server: connection refused
2026-03-14T07:03:45Z,auth,INFO,logout for session 82050
2026-03-14T07:03:46Z,billing,INFO,credit note 3886 issued
2026-03-14T07:03:46Z,orders,ERROR,could not connect to server: connection refused
2026-03-14T07:03:46Z,postgres,INFO,replication lag 152ms
2026-03-14T07:03:47Z,checkout,INFO,cart 44981 converted in 48ms
2026-03-14T07:03:51Z,billing,ERROR,could not connect to server: connection refused
2026-03-14T07:03:56Z,checkout,ERROR,could not connect to server: connection refused
2026-03-14T07:03:57Z,orders,INFO,inventory check 12555 passed
2026-03-14T07:03:59Z,payments,INFO,refund 88646 completed
2026-03-14T07:04:01Z,payments,ERROR,could not connect to server: connection refused
2026-03-14T07:04:05Z,checkout,INFO,cart 36730 abandoned after 178ms
2026-03-14T07:04:06Z,orders,ERROR,could not connect to server: connection refused
2026-03-14T07:04:07Z,search,INFO,query 63144 served in 175ms
2026-03-14T07:04:11Z,billing,ERROR,could not connect to server: connection refused
2026-03-14T07:04:15Z,orders,INFO,order 12502 accepted
2026-03-14T07:04:16Z,checkout,ERROR,could not connect to server: connection refused
2026-03-14T07:04:21Z,payments,ERROR,could not connect to server: connection refused
2026-03-14T07:04:22Z,postgres,INFO,"checkpoint complete, 11251 buffers written"
2026-03-14T07:04:29Z,checkout,INFO,payment intent 74611 created
2026-03-14T07:04:34Z,orders,INFO,order 3486 accepted
2026-03-14T07:04:38Z,postgres,INFO,"checkpoint complete, 64774 buffers written"
2026-03-14T07:04:40Z,checkout,INFO,session 91798 started
2026-03-14T07:04:50Z,postgres,ERROR,"recovery in progress, 3 of 9 segments replayed"
2026-03-14T07:04:56Z,search,INFO,query 4298 served in 166ms
2026-03-14T07:04:58Z,auth,INFO,session 5157 refreshed
2026-03-14T07:04:58Z,checkout,INFO,payment intent 3312 created
2026-03-14T07:05:00Z,payments,INFO,charge 89800 authorised in 159ms
2026-03-14T07:05:08Z,billing,INFO,invoice 42108 rendered in 205ms
2026-03-14T07:05:19Z,checkout,INFO,payment intent 86616 created
2026-03-14T07:05:20Z,payments,INFO,refund 80130 completed
2026-03-14T07:05:27Z,search,INFO,query 80389 served in 22ms
2026-03-14T07:05:33Z,payments,INFO,charge 85177 authorised in 283ms
2026-03-14T07:05:39Z,search,INFO,"suggest cache warm, 3561 entries"
2026-03-14T07:05:41Z,search,INFO,query 15544 served in 4ms
2026-03-14T07:05:43Z,auth,INFO,login succeeded in 269ms
2026-03-14T07:05:44Z,billing,INFO,dunning run 91956 complete
2026-03-14T07:05:45Z,auth,INFO,token issued for session 93129
2026-03-14T07:05:46Z,orders,INFO,inventory check 72974 passed
2026-03-14T07:05:56Z,checkout,INFO,cart 90008 abandoned after 120ms
2026-03-14T07:05:58Z,billing,INFO,dunning run 22823 complete
2026-03-14T07:06:06Z,auth,INFO,logout for session 29816
2026-03-14T07:06:13Z,search,INFO,index segment 55968 merged
2026-03-14T07:06:20Z,orders,INFO,inventory check 37908 passed
2026-03-14T07:06:25Z,search,INFO,index segment 2598 merged
2026-03-14T07:07:01Z,checkout,INFO,cart 93687 abandoned after 315ms
2026-03-14T07:07:05Z,orders,INFO,inventory check 61301 passed
2026-03-14T07:07:11Z,postgres,INFO,autovacuum finished on table 38225
2026-03-14T07:07:12Z,search,INFO,index segment 40920 merged
2026-03-14T07:07:15Z,auth,INFO,token issued for session 36639
2026-03-14T07:07:21Z,auth,INFO,token issued for session 3736
2026-03-14T07:07:21Z,billing,INFO,subscription 70090 renewed
2026-03-14T07:07:27Z,postgres,INFO,autovacuum finished on table 18596
2026-03-14T07:07:33Z,postgres,INFO,replication lag 162ms
2026-03-14T07:07:34Z,auth,INFO,token issued for session 97735
2026-03-14T07:07:37Z,search,INFO,query 54538 served in 227ms
2026-03-14T07:07:41Z,billing,INFO,dunning run 32173 complete
2026-03-14T07:07:42Z,auth,INFO,logout for session 21545
2026-03-14T07:07:46Z,orders,INFO,inventory check 56394 passed
2026-03-14T07:07:52Z,postgres,INFO,connection 70450 authorised
2026-03-14T07:08:18Z,billing,INFO,invoice 12169 rendered in 220ms
2026-03-14T07:08:31Z,checkout,INFO,cart 26942 abandoned after 90ms
2026-03-14T07:08:31Z,checkout,INFO,cart 41948 converted in 161ms
2026-03-14T07:08:31Z,postgres,INFO,replication lag 156ms
2026-03-14T07:08:32Z,search,INFO,index segment 46896 merged
2026-03-14T07:08:38Z,payments,INFO,refund 94318 completed
2026-03-14T07:08:44Z,auth,INFO,session 77618 refreshed
2026-03-14T07:08:44Z,billing,INFO,dunning run 80085 complete
2026-03-14T07:08:45Z,checkout,INFO,session 27838 started
2026-03-14T07:08:45Z,orders,INFO,order 46460 dispatched in 54ms
2026-03-14T07:08:48Z,postgres,INFO,"checkpoint complete, 30778 buffers written"
2026-03-14T07:09:07Z,payments,INFO,webhook 47649 acknowledged
2026-03-14T07:09:07Z,search,INFO,query 69363 served in 225ms
2026-03-14T07:09:22Z,billing,INFO,dunning run 11986 complete
2026-03-14T07:09:41Z,checkout,INFO,payment intent 43261 created
2026-03-14T07:10:00Z,billing,INFO,subscription 29256 renewed
2026-03-14T07:10:16Z,orders,INFO,inventory check 88747 passed
2026-03-14T07:10:32Z,checkout,INFO,cart 96265 abandoned after 246ms
2026-03-14T07:10:34Z,postgres,INFO,autovacuum finished on table 19080
2026-03-14T07:10:39Z,search,INFO,query 25880 served in 196ms
2026-03-14T07:10:41Z,deploy,INFO,artefact 79310 published
2026-03-14T07:10:43Z,auth,INFO,token issued for session 8452
2026-03-14T07:10:46Z,deploy,INFO,artefact 35997 published
2026-03-14T07:10:58Z,checkout,INFO,payment intent 8479 created
2026-03-14T07:10:59Z,payments,INFO,settlement batch 23117 queued
2026-03-14T07:10:59Z,postgres,INFO,autovacuum finished on table 26285
2026-03-14T07:11:05Z,auth,INFO,session 36836 refreshed
2026-03-14T07:11:13Z,checkout,INFO,cart 28182 abandoned after 233ms
2026-03-14T07:11:17Z,orders,INFO,inventory check 34753 passed
2026-03-14T07:11:35Z,billing,INFO,subscription 6155 renewed
2026-03-14T07:11:40Z,auth,INFO,session 45060 refreshed
2026-03-14T07:11:41Z,payments,INFO,webhook 94020 acknowledged
2026-03-14T07:11:41Z,postgres,INFO,connection 10920 authorised
2026-03-14T07:11:44Z,auth,INFO,login succeeded in 191ms
2026-03-14T07:11:50Z,postgres,INFO,"checkpoint complete, 48075 buffers written"
2026-03-14T07:11:55Z,orders,INFO,order 70233 accepted
2026-03-14T07:12:03Z,billing,INFO,invoice 47017 rendered in 162ms
2026-03-14T07:12:05Z,checkout,INFO,session 63640 started
2026-03-14T07:12:09Z,orders,INFO,order 37531 accepted
2026-03-14T07:12:13Z,payments,INFO,settlement batch 78086 queued
2026-03-14T07:12:38Z,billing,INFO,credit note 8600 issued
2026-03-14T07:12:48Z,search,INFO,index segment 86913 merged
2026-03-14T07:12:55Z,checkout,INFO,session 66459 started
2026-03-14T07:13:04Z,search,INFO,query 88327 served in 286ms
2026-03-14T07:13:05Z,search,INFO,index segment 39480 merged
2026-03-14T07:13:08Z,payments,INFO,charge 60286 authorised in 83ms
2026-03-14T07:13:17Z,checkout,INFO,payment intent 72845 created
2026-03-14T07:13:21Z,auth,INFO,session 91606 refreshed
2026-03-14T07:13:21Z,search,INFO,query 89923 served in 89ms
2026-03-14T07:13:23Z,postgres,INFO,autovacuum finished on table 50362
2026-03-14T07:13:36Z,orders,INFO,order 53997 invoiced
2026-03-14T07:13:45Z,search,INFO,query 19054 served in 262ms
2026-03-14T07:13:58Z,orders,INFO,order 26961 invoiced
2026-03-14T07:14:02Z,payments,INFO,charge 49505 authorised in 232ms
2026-03-14T07:14:05Z,postgres,INFO,"checkpoint complete, 62596 buffers written"
2026-03-14T07:14:09Z,orders,INFO,inventory check 28698 passed
2026-03-14T07:14:17Z,payments,INFO,webhook 82603 acknowledged
2026-03-14T07:14:20Z,payments,INFO,settlement batch 45550 queued
2026-03-14T07:14:35Z,postgres,WARN,"autovacuum on table 14136 skipped, lock not available"
2026-03-14T07:14:36Z,orders,INFO,inventory check 69610 passed
2026-03-14T07:14:44Z,billing,INFO,invoice 76151 rendered in 108ms
2026-03-14T07:14:45Z,checkout,INFO,cart 48186 converted in 257ms
2026-03-14T07:14:52Z,payments,INFO,charge 46673 authorised in 219ms
2026-03-14T07:14:53Z,search,INFO,index segment 47893 merged
2026-03-14T07:14:56Z,postgres,INFO,"checkpoint complete, 1739 buffers written"
2026-03-14T07:15:13Z,payments,INFO,webhook 73893 acknowledged
2026-03-14T07:15:13Z,postgres,INFO,replication lag 225ms
2026-03-14T07:15:16Z,search,INFO,query 94797 served in 305ms
2026-03-14T07:15:21Z,postgres,INFO,replication lag 92ms
2026-03-14T07:15:26Z,auth,INFO,logout for session 65101
2026-03-14T07:15:26Z,billing,INFO,dunning run 92499 complete
2026-03-14T07:15:37Z,auth,INFO,logout for session 17715
2026-03-14T07:15:49Z,checkout,INFO,cart 25283 abandoned after 214ms
2026-03-14T07:15:51Z,billing,INFO,subscription 96764 renewed
2026-03-14T07:15:51Z,search,INFO,query 80126 served in 32ms
2026-03-14T07:16:00Z,auth,INFO,logout for session 1522
2026-03-14T07:16:00Z,search,INFO,query 29748 served in 233ms
2026-03-14T07:16:21Z,orders,INFO,inventory check 50068 passed
2026-03-14T07:16:25Z,checkout,INFO,payment intent 61669 created
2026-03-14T07:16:28Z,orders,INFO,inventory check 24834 passed
2026-03-14T07:16:31Z,orders,INFO,inventory check 12312 passed
2026-03-14T07:16:57Z,postgres,INFO,replication lag 119ms
2026-03-14T07:17:00Z,checkout,INFO,session 92051 started
2026-03-14T07:17:07Z,search,INFO,query 67363 served in 123ms
2026-03-14T07:17:09Z,payments,INFO,settlement batch 64978 queued
2026-03-14T07:17:15Z,payments,INFO,settlement batch 92244 queued
2026-03-14T07:17:26Z,auth,INFO,session 67598 refreshed
2026-03-14T07:17:34Z,deploy,INFO,pipeline 96881 green
2026-03-14T07:17:45Z,orders,INFO,inventory check 40690 passed
2026-03-14T07:17:46Z,search,WARN,query 7904 exceeded 438ms budget
2026-03-14T07:17:47Z,postgres,INFO,"checkpoint complete, 33651 buffers written"
2026-03-14T07:17:50Z,payments,INFO,refund 2908 completed
2026-03-14T07:17:51Z,payments,INFO,webhook 66213 acknowledged
2026-03-14T07:17:57Z,billing,INFO,invoice 74331 rendered in 87ms
2026-03-14T07:17:57Z,billing,INFO,invoice 96024 rendered in 294ms
2026-03-14T07:18:01Z,checkout,INFO,payment intent 78772 created
2026-03-14T07:18:05Z,billing,INFO,dunning run 3684 complete
2026-03-14T07:18:17Z,orders,INFO,order 62314 accepted
2026-03-14T07:18:23Z,payments,INFO,settlement batch 79093 queued
2026-03-14T07:18:31Z,payments,INFO,charge 99479 authorised in 245ms
2026-03-14T07:18:36Z,billing,INFO,invoice 52428 rendered in 117ms
2026-03-14T07:18:41Z,search,INFO,query 5295 served in 236ms
2026-03-14T07:18:42Z,search,INFO,query 98776 served in 213ms
2026-03-14T07:18:50Z,checkout,INFO,payment intent 77803 created
2026-03-14T07:18:51Z,payments,INFO,settlement batch 93980 queued
2026-03-14T07:19:01Z,orders,INFO,order 54556 accepted
2026-03-14T07:19:05Z,postgres,INFO,"checkpoint complete, 12319 buffers written"
2026-03-14T07:19:07Z,postgres,INFO,"checkpoint complete, 38116 buffers written"
2026-03-14T07:19:11Z,checkout,INFO,cart 78469 abandoned after 88ms
2026-03-14T07:19:12Z,orders,INFO,order 10395 dispatched in 231ms
2026-03-14T07:19:16Z,checkout,INFO,cart 36812 converted in 69ms
2026-03-14T07:19:17Z,orders,INFO,inventory check 63235 passed
2026-03-14T07:19:30Z,payments,INFO,refund 44472 completed
2026-03-14T07:19:33Z,orders,INFO,inventory check 61867 passed
2026-03-14T07:19:52Z,auth,INFO,session 84997 refreshed
2026-03-14T07:20:01Z,postgres,INFO,connection 13971 authorised
2026-03-14T07:20:10Z,billing,INFO,subscription 40771 renewed
2026-03-14T07:20:13Z,payments,INFO,charge 96161 authorised in 299ms
2026-03-14T07:20:16Z,auth,INFO,login succeeded in 253ms
2026-03-14T07:20:16Z,payments,INFO,charge 15856 authorised in 146ms
2026-03-14T07:20:20Z,checkout,INFO,payment intent 38628 created
2026-03-14T07:20:23Z,checkout,INFO,cart 74381 abandoned after 270ms
2026-03-14T07:20:37Z,orders,INFO,inventory check 91597 passed
2026-03-14T07:20:50Z,billing,INFO,invoice 41403 rendered in 135ms
2026-03-14T07:20:51Z,orders,INFO,order 20580 dispatched in 71ms
2026-03-14T07:20:56Z,auth,INFO,session 3244 refreshed
2026-03-14T07:21:16Z,checkout,INFO,payment intent 34054 created
2026-03-14T07:21:19Z,payments,INFO,charge 88837 authorised in 195ms
2026-03-14T07:21:23Z,payments,INFO,settlement batch 57743 queued
2026-03-14T07:21:32Z,payments,INFO,settlement batch 86607 queued
2026-03-14T07:21:38Z,auth,INFO,logout for session 77961
2026-03-14T07:21:44Z,checkout,INFO,cart 70908 converted in 316ms
2026-03-14T07:21:49Z,checkout,INFO,cart 3312 converted in 21ms
2026-03-14T07:21:49Z,postgres,INFO,connection 1810 authorised
2026-03-14T07:21:50Z,auth,INFO,login succeeded in 189ms
2026-03-14T07:21:55Z,checkout,INFO,cart 63986 converted in 125ms
2026-03-14T07:21:55Z,postgres,INFO,replication lag 167ms
2026-03-14T07:22:01Z,search,INFO,"suggest cache warm, 60146 entries"
2026-03-14T07:22:14Z,billing,INFO,invoice 64653 rendered in 10ms
2026-03-14T07:22:15Z,billing,INFO,dunning run 75557 complete
2026-03-14T07:22:16Z,search,INFO,query 44022 served in 298ms
2026-03-14T07:22:39Z,billing,INFO,credit note 91245 issued
2026-03-14T07:22:46Z,orders,INFO,order 36550 dispatched in 308ms
2026-03-14T07:23:02Z,payments,INFO,settlement batch 40419 queued
2026-03-14T07:23:05Z,orders,WARN,inventory check 11586 took 1131ms
2026-03-14T07:23:08Z,payments,INFO,charge 37214 authorised in 260ms
2026-03-14T07:23:11Z,search,INFO,query 6856 served in 71ms
2026-03-14T07:23:21Z,checkout,INFO,cart 68045 converted in 247ms
2026-03-14T07:23:22Z,payments,INFO,refund 98678 completed
2026-03-14T07:23:23Z,auth,INFO,session 4125 refreshed
2026-03-14T07:23:24Z,billing,INFO,subscription 57498 renewed
2026-03-14T07:23:30Z,auth,INFO,session 19418 refreshed
2026-03-14T07:23:45Z,postgres,INFO,connection 7579 authorised
2026-03-14T07:23:46Z,checkout,INFO,cart 89524 converted in 257ms
2026-03-14T07:24:01Z,postgres,INFO,autovacuum finished on table 57882
2026-03-14T07:24:04Z,billing,INFO,dunning run 91899 complete
2026-03-14T07:24:06Z,postgres,INFO,replication lag 8ms
2026-03-14T07:24:07Z,search,INFO,index segment 59477 merged
2026-03-14T07:24:13Z,search,INFO,index segment 4211 merged
2026-03-14T07:24:33Z,payments,INFO,charge 72627 authorised in 261ms
2026-03-14T07:24:34Z,orders,INFO,inventory check 92271 passed
2026-03-14T07:24:39Z,orders,INFO,order 20883 accepted
2026-03-14T07:24:41Z,postgres,INFO,replication lag 61ms
2026-03-14T07:24:50Z,auth,INFO,logout for session 1216
2026-03-14T07:24:55Z,checkout,INFO,session 48510 started
2026-03-14T07:25:13Z,postgres,INFO,replication lag 96ms
2026-03-14T07:25:15Z,search,INFO,query 92056 served in 44ms
2026-03-14T07:25:43Z,payments,INFO,charge 83977 authorised in 104ms
2026-03-14T07:25:56Z,orders,INFO,order 46524 dispatched in 144ms
2026-03-14T07:26:09Z,checkout,INFO,payment intent 90141 created
2026-03-14T07:26:12Z,auth,INFO,session 76325 refreshed
2026-03-14T07:26:21Z,billing,INFO,invoice 30202 rendered in 315ms
2026-03-14T07:26:24Z,billing,INFO,invoice 7868 rendered in 39ms
2026-03-14T07:26:27Z,orders,INFO,order 32024 dispatched in 103ms
2026-03-14T07:26:32Z,checkout,INFO,payment intent 24923 created
2026-03-14T07:26:33Z,payments,INFO,charge 46276 authorised in 282ms
2026-03-14T07:26:35Z,auth,INFO,session 12177 refreshed
2026-03-14T07:26:44Z,checkout,INFO,cart 59559 converted in 205ms
2026-03-14T07:26:47Z,search,INFO,query 95718 served in 193ms
2026-03-14T07:26:51Z,auth,INFO,session 26105 refreshed
2026-03-14T07:27:01Z,postgres,INFO,"checkpoint complete, 92323 buffers written"
2026-03-14T07:27:09Z,payments,INFO,charge 45993 authorised in 152ms
2026-03-14T07:27:22Z,payments,INFO,webhook 32354 acknowledged
2026-03-14T07:27:23Z,payments,INFO,charge 61219 authorised in 187ms
2026-03-14T07:27:25Z,checkout,INFO,cart 21694 abandoned after 54ms
2026-03-14T07:27:29Z,search,INFO,query 53893 served in 177ms
2026-03-14T07:27:36Z,orders,INFO,order 89774 invoiced
2026-03-14T07:27:40Z,billing,INFO,subscription 29240 renewed
2026-03-14T07:27:46Z,billing,INFO,credit note 86444 issued
2026-03-14T07:27:52Z,auth,INFO,logout for session 45877
2026-03-14T07:27:55Z,orders,INFO,inventory check 80645 passed
2026-03-14T07:28:00Z,billing,INFO,invoice 10504 rendered in 201ms
2026-03-14T07:28:02Z,auth,INFO,token issued for session 38589
2026-03-14T07:28:03Z,orders,INFO,order 68885 invoiced
2026-03-14T07:28:05Z,billing,INFO,dunning run 90840 complete
2026-03-14T07:28:10Z,checkout,INFO,session 70726 started
2026-03-14T07:28:11Z,payments,INFO,settlement batch 16355 queued
2026-03-14T07:28:12Z,checkout,INFO,cart 1120 abandoned after 238ms
2026-03-14T07:28:16Z,auth,INFO,token issued for session 99114
2026-03-14T07:28:18Z,billing,INFO,invoice 90879 rendered in 82ms
2026-03-14T07:28:20Z,billing,INFO,credit note 57744 issued
2026-03-14T07:28:22Z,checkout,INFO,cart 77256 abandoned after 244ms
2026-03-14T07:28:37Z,orders,INFO,inventory check 87586 passed
2026-03-14T07:28:37Z,search,INFO,"suggest cache warm, 49463 entries"
2026-03-14T07:28:56Z,billing,INFO,invoice 18019 rendered in 121ms
2026-03-14T07:29:05Z,checkout,INFO,cart 81474 abandoned after 251ms
2026-03-14T07:29:06Z,search,INFO,"suggest cache warm, 55234 entries"
2026-03-14T07:29:14Z,checkout,INFO,cart 32918 converted in 28ms
2026-03-14T07:29:14Z,postgres,INFO,replication lag 163ms
2026-03-14T07:29:21Z,auth,INFO,login succeeded in 217ms
2026-03-14T07:29:22Z,postgres,INFO,replication lag 312ms
2026-03-14T07:29:48Z,postgres,INFO,"checkpoint complete, 70863 buffers written"
2026-03-14T07:30:00Z,billing,INFO,subscription 1721 renewed
2026-03-14T07:30:15Z,search,INFO,index segment 98859 merged
2026-03-14T07:30:20Z,orders,INFO,inventory check 8626 passed
2026-03-14T07:30:22Z,deploy,INFO,artefact 45800 published
2026-03-14T07:30:29Z,checkout,INFO,payment intent 9715 created
2026-03-14T07:30:36Z,payments,INFO,charge 3715 authorised in 206ms
2026-03-14T07:30:38Z,search,INFO,index segment 57516 merged
2026-03-14T07:30:42Z,auth,INFO,login succeeded in 252ms
2026-03-14T07:30:44Z,billing,INFO,invoice 96344 rendered in 136ms
2026-03-14T07:30:56Z,search,INFO,query 88109 served in 283ms
2026-03-14T07:31:04Z,checkout,INFO,payment intent 97834 created
2026-03-14T07:31:05Z,deploy,INFO,canary 5398 healthy
2026-03-14T07:31:09Z,checkout,INFO,cart 17870 abandoned after 161ms
2026-03-14T07:31:20Z,orders,INFO,inventory check 73883 passed
2026-03-14T07:31:24Z,postgres,INFO,autovacuum finished on table 60852
2026-03-14T07:31:28Z,search,INFO,index segment 98828 merged
2026-03-14T07:31:33Z,checkout,INFO,session 88370 started
2026-03-14T07:31:33Z,postgres,INFO,replication lag 10ms
2026-03-14T07:31:45Z,payments,INFO,charge 88097 authorised in 269ms
2026-03-14T07:31:47Z,checkout,INFO,cart 84155 abandoned after 88ms
2026-03-14T07:32:00Z,orders,INFO,inventory check 32045 passed
2026-03-14T07:32:13Z,payments,INFO,webhook 12229 acknowledged
2026-03-14T07:32:15Z,checkout,INFO,payment intent 16522 created
2026-03-14T07:32:16Z,payments,INFO,charge 93711 authorised in 169ms
2026-03-14T07:32:21Z,orders,INFO,order 39908 accepted
2026-03-14T07:32:26Z,auth,INFO,login succeeded in 139ms
2026-03-14T07:32:26Z,billing,INFO,subscription 66627 renewed
2026-03-14T07:32:26Z,checkout,INFO,payment intent 85185 created
2026-03-14T07:32:26Z,orders,INFO,order 64586 invoiced
2026-03-14T07:32:45Z,auth,INFO,token issued for session 45765
2026-03-14T07:32:45Z,postgres,INFO,connection 50553 authorised
2026-03-14T07:32:50Z,payments,INFO,refund 64189 completed
2026-03-14T07:32:51Z,orders,INFO,order 25197 invoiced
2026-03-14T07:33:21Z,search,INFO,query 47575 served in 188ms
2026-03-14T07:33:23Z,search,INFO,"suggest cache warm, 92788 entries"
2026-03-14T07:33:25Z,checkout,INFO,cart 71250 converted in 17ms
2026-03-14T07:33:26Z,orders,INFO,order 31669 invoiced
2026-03-14T07:33:32Z,search,INFO,index segment 48951 merged
2026-03-14T07:33:38Z,payments,INFO,refund 67737 completed
2026-03-14T07:33:43Z,billing,INFO,dunning run 57735 complete
2026-03-14T07:33:47Z,auth,INFO,login succeeded in 94ms
2026-03-14T07:33:56Z,auth,INFO,token issued for session 22122
2026-03-14T07:33:57Z,search,INFO,query 15500 served in 59ms
2026-03-14T07:34:07Z,billing,INFO,credit note 3775 issued
2026-03-14T07:34:11Z,auth,INFO,logout for session 81777
2026-03-14T07:34:14Z,postgres,INFO,connection 50253 authorised
2026-03-14T07:34:22Z,auth,INFO,logout for session 53856
2026-03-14T07:34:22Z,search,INFO,index segment 39500 merged
2026-03-14T07:34:26Z,orders,INFO,order 7227 invoiced
2026-03-14T07:34:31Z,postgres,INFO,connection 64861 authorised
2026-03-14T07:34:33Z,billing,INFO,credit note 43984 issued
2026-03-14T07:34:42Z,auth,INFO,logout for session 23854
2026-03-14T07:34:48Z,orders,INFO,inventory check 68404 passed
2026-03-14T07:34:50Z,checkout,INFO,payment intent 25218 created
2026-03-14T07:35:00Z,orders,INFO,inventory check 67397 passed
2026-03-14T07:35:02Z,postgres,INFO,connection 31547 authorised
2026-03-14T07:35:03Z,deploy,INFO,release 4.18.1 rolling out to 12 of 12 pods
2026-03-14T07:35:07Z,postgres,INFO,autovacuum finished on table 60649
2026-03-14T07:35:08Z,postgres,INFO,connection 53276 authorised
2026-03-14T07:35:16Z,billing,INFO,dunning run 88000 complete
2026-03-14T07:35:16Z,postgres,INFO,replication lag 118ms
2026-03-14T07:35:18Z,checkout,INFO,cart 37450 abandoned after 69ms
2026-03-14T07:35:20Z,orders,ERROR,connection reset by peer
2026-03-14T07:35:24Z,deploy,INFO,pipeline 14437 green
2026-03-14T07:35:30Z,payments,INFO,charge 27901 authorised in 107ms
2026-03-14T07:35:32Z,postgres,INFO,autovacuum finished on table 51912
2026-03-14T07:35:35Z,orders,ERROR,connection reset by peer
2026-03-14T07:35:35Z,postgres,INFO,"checkpoint complete, 44218 buffers written"
2026-03-14T07:35:36Z,search,INFO,"suggest cache warm, 30228 entries"
2026-03-14T07:35:38Z,orders,INFO,inventory check 27096 passed
2026-03-14T07:35:50Z,orders,ERROR,connection reset by peer
2026-03-14T07:35:50Z,search,INFO,"suggest cache warm, 59455 entries"
2026-03-14T07:35:53Z,payments,INFO,refund 27993 completed
2026-03-14T07:35:57Z,auth,INFO,session 6575 refreshed
2026-03-14T07:36:02Z,payments,INFO,refund 56396 completed
2026-03-14T07:36:05Z,orders,ERROR,connection reset by peer
2026-03-14T07:36:07Z,checkout,INFO,session 48452 started
2026-03-14T07:36:08Z,checkout,INFO,cart 16786 abandoned after 193ms
2026-03-14T07:36:20Z,checkout,INFO,payment intent 51915 created
2026-03-14T07:36:20Z,orders,ERROR,connection reset by peer
2026-03-14T07:36:20Z,payments,INFO,settlement batch 99965 queued
2026-03-14T07:36:35Z,orders,ERROR,connection reset by peer
2026-03-14T07:36:40Z,checkout,INFO,session 65133 started
2026-03-14T07:36:43Z,checkout,INFO,cart 95223 abandoned after 41ms
2026-03-14T07:36:43Z,search,INFO,index segment 35277 merged
2026-03-14T07:36:50Z,orders,ERROR,connection reset by peer
2026-03-14T07:37:01Z,search,INFO,query 71648 served in 221ms
2026-03-14T07:37:05Z,orders,ERROR,connection reset by peer
2026-03-14T07:37:11Z,auth,INFO,token issued for session 12070
2026-03-14T07:37:19Z,billing,INFO,dunning run 34530 complete
2026-03-14T07:37:20Z,orders,ERROR,connection reset by peer
2026-03-14T07:37:27Z,postgres,INFO,autovacuum finished on table 98895
2026-03-14T07:37:28Z,payments,INFO,refund 18639 completed
2026-03-14T07:37:31Z,auth,INFO,login succeeded in 312ms
2026-03-14T07:37:31Z,auth,INFO,logout for session 90554
2026-03-14T07:37:35Z,orders,ERROR,connection reset by peer
2026-03-14T07:37:41Z,billing,INFO,credit note 9344 issued
2026-03-14T07:37:41Z,search,INFO,query 18991 served in 108ms
2026-03-14T07:37:46Z,billing,INFO,credit note 27356 issued
2026-03-14T07:37:50Z,orders,ERROR,connection reset by peer
2026-03-14T07:37:54Z,billing,INFO,dunning run 93211 complete
2026-03-14T07:37:54Z,postgres,INFO,connection 3387 authorised
2026-03-14T07:38:05Z,orders,ERROR,connection reset by peer
2026-03-14T07:38:10Z,payments,INFO,charge 62955 authorised in 177ms
2026-03-14T07:38:18Z,auth,INFO,login succeeded in 281ms
2026-03-14T07:38:20Z,orders,ERROR,connection reset by peer
2026-03-14T07:38:32Z,orders,INFO,order 20911 invoiced
2026-03-14T07:38:35Z,orders,ERROR,connection reset by peer
2026-03-14T07:38:50Z,orders,ERROR,connection reset by peer
2026-03-14T07:38:55Z,payments,INFO,refund 63449 completed
2026-03-14T07:39:05Z,orders,ERROR,connection reset by peer
2026-03-14T07:39:11Z,auth,INFO,session 95508 refreshed
2026-03-14T07:39:22Z,payments,INFO,refund 51452 completed
2026-03-14T07:39:28Z,orders,INFO,order 99678 dispatched in 281ms
2026-03-14T07:39:29Z,orders,INFO,inventory check 42622 passed
2026-03-14T07:39:30Z,auth,INFO,logout for session 76323
2026-03-14T07:39:39Z,checkout,INFO,payment intent 12538 created
2026-03-14T07:39:47Z,orders,INFO,inventory check 78653 passed
2026-03-14T07:39:53Z,checkout,INFO,payment intent 25125 created
2026-03-14T07:39:55Z,checkout,INFO,payment intent 90488 created
2026-03-14T07:40:01Z,checkout,INFO,session 22635 started
2026-03-14T07:40:07Z,postgres,INFO,autovacuum finished on table 82180
2026-03-14T07:40:11Z,auth,INFO,session 78317 refreshed
2026-03-14T07:40:20Z,orders,ERROR,connection reset by peer
2026-03-14T07:40:27Z,orders,INFO,inventory check 54411 passed
2026-03-14T07:40:35Z,orders,ERROR,connection reset by peer
2026-03-14T07:40:49Z,auth,INFO,logout for session 56784
2026-03-14T07:40:50Z,orders,ERROR,connection reset by peer
2026-03-14T07:40:52Z,billing,INFO,invoice 11510 rendered in 277ms
2026-03-14T07:40:55Z,search,INFO,index segment 96166 merged
2026-03-14T07:40:56Z,payments,INFO,charge 8749 authorised in 28ms
2026-03-14T07:40:58Z,billing,INFO,subscription 30282 renewed
2026-03-14T07:41:01Z,payments,INFO,settlement batch 40233 queued
2026-03-14T07:41:04Z,payments,INFO,webhook 19301 acknowledged
2026-03-14T07:41:05Z,orders,ERROR,connection reset by peer
2026-03-14T07:41:06Z,orders,INFO,inventory check 12890 passed
2026-03-14T07:41:08Z,payments,INFO,charge 61861 authorised in 144ms
2026-03-14T07:41:10Z,checkout,INFO,cart 11951 abandoned after 276ms
2026-03-14T07:41:10Z,payments,INFO,refund 17742 completed
2026-03-14T07:41:20Z,orders,ERROR,connection reset by peer
2026-03-14T07:41:35Z,orders,ERROR,connection reset by peer
2026-03-14T07:41:41Z,orders,INFO,order 46507 accepted
2026-03-14T07:41:45Z,postgres,INFO,connection 45151 authorised
2026-03-14T07:41:50Z,orders,ERROR,connection reset by peer
2026-03-14T07:42:05Z,orders,ERROR,connection reset by peer
2026-03-14T07:42:08Z,checkout,INFO,cart 54666 abandoned after 234ms
2026-03-14T07:42:20Z,orders,ERROR,connection reset by peer
2026-03-14T07:42:21Z,billing,INFO,subscription 7930 renewed
2026-03-14T07:42:27Z,search,INFO,query 57737 served in 126ms
2026-03-14T07:42:28Z,auth,INFO,session 5225 refreshed
2026-03-14T07:42:34Z,orders,INFO,inventory check 44913 passed
2026-03-14T07:42:35Z,billing,INFO,dunning run 69647 complete
2026-03-14T07:42:35Z,orders,ERROR,connection reset by peer
2026-03-14T07:42:42Z,postgres,INFO,replication lag 120ms
2026-03-14T07:42:50Z,orders,ERROR,connection reset by peer
2026-03-14T07:42:58Z,auth,INFO,logout for session 34020
2026-03-14T07:43:01Z,search,INFO,index segment 33959 merged
2026-03-14T07:43:05Z,orders,ERROR,connection reset by peer
2026-03-14T07:43:07Z,payments,INFO,charge 21794 authorised in 313ms
2026-03-14T07:43:11Z,checkout,INFO,cart 43787 converted in 290ms
2026-03-14T07:43:16Z,auth,INFO,session 18493 refreshed
2026-03-14T07:43:20Z,orders,ERROR,connection reset by peer
2026-03-14T07:43:30Z,orders,INFO,order 54617 accepted
2026-03-14T07:43:35Z,checkout,INFO,payment intent 85594 created
2026-03-14T07:43:35Z,orders,ERROR,connection reset by peer
2026-03-14T07:43:35Z,search,INFO,"suggest cache warm, 49013 entries"
2026-03-14T07:43:50Z,orders,ERROR,connection reset by peer
2026-03-14T07:44:04Z,postgres,INFO,"checkpoint complete, 56371 buffers written"
2026-03-14T07:44:05Z,orders,ERROR,connection reset by peer
2026-03-14T07:44:11Z,billing,INFO,subscription 96924 renewed
2026-03-14T07:44:18Z,postgres,INFO,connection 90691 authorised
2026-03-14T07:44:20Z,search,INFO,index segment 85904 merged
2026-03-14T07:44:22Z,postgres,INFO,replication lag 74ms
2026-03-14T07:44:28Z,checkout,INFO,payment intent 24875 created
2026-03-14T07:44:30Z,orders,INFO,"healthy, 12 of 12 pods ready"
2026-03-14T07:44:35Z,deploy,INFO,"release complete, no rollback"
2026-03-14T07:44:51Z,auth,INFO,logout for session 1764
2026-03-14T07:44:52Z,auth,INFO,token issued for session 27216
2026-03-14T07:44:56Z,billing,INFO,dunning run 45732 complete
2026-03-14T07:44:57Z,auth,INFO,token issued for session 61471
2026-03-14T07:44:58Z,payments,INFO,webhook 77447 acknowledged
2026-03-14T07:45:05Z,search,INFO,query 46303 served in 154ms
2026-03-14T07:45:09Z,payments,INFO,webhook 85419 acknowledged
2026-03-14T07:45:30Z,checkout,INFO,cart 10739 abandoned after 85ms
2026-03-14T07:45:38Z,postgres,INFO,connection 11461 authorised
2026-03-14T07:45:40Z,orders,WARN,inventory check 22189 took 1844ms
2026-03-14T07:46:08Z,billing,INFO,credit note 72211 issued
2026-03-14T07:46:21Z,auth,INFO,session 68258 refreshed
2026-03-14T07:46:21Z,postgres,INFO,replication lag 209ms
2026-03-14T07:46:23Z,search,INFO,query 32247 served in 185ms
2026-03-14T07:46:28Z,payments,INFO,settlement batch 78870 queued
2026-03-14T07:46:30Z,checkout,INFO,cart 47592 abandoned after 28ms
2026-03-14T07:46:32Z,checkout,INFO,session 84067 started
2026-03-14T07:46:36Z,payments,INFO,settlement batch 2979 queued
2026-03-14T07:46:41Z,auth,INFO,token issued for session 68469
2026-03-14T07:46:41Z,orders,INFO,inventory check 78996 passed
2026-03-14T07:46:45Z,postgres,INFO,replication lag 237ms
2026-03-14T07:46:46Z,postgres,INFO,autovacuum finished on table 47016
2026-03-14T07:46:52Z,checkout,INFO,cart 63923 abandoned after 28ms
2026-03-14T07:46:54Z,checkout,INFO,payment intent 1282 created
2026-03-14T07:46:57Z,postgres,INFO,connection 19926 authorised
2026-03-14T07:47:03Z,search,INFO,query 81859 served in 113ms
2026-03-14T07:47:06Z,orders,INFO,inventory check 93532 passed
2026-03-14T07:47:29Z,orders,INFO,order 96158 invoiced
2026-03-14T07:47:46Z,orders,INFO,order 2284 dispatched in 282ms
2026-03-14T07:47:56Z,auth,INFO,logout for session 23911
2026-03-14T07:48:03Z,search,INFO,index segment 37729 merged
2026-03-14T07:48:10Z,payments,INFO,charge 15982 authorised in 171ms
2026-03-14T07:48:11Z,auth,INFO,token issued for session 67036
2026-03-14T07:48:13Z,search,INFO,query 90825 served in 265ms
2026-03-14T07:48:19Z,search,INFO,"suggest cache warm, 76167 entries"
2026-03-14T07:48:25Z,payments,INFO,refund 56660 completed
2026-03-14T07:48:36Z,auth,INFO,logout for session 65473
2026-03-14T07:48:38Z,orders,INFO,order 87121 accepted
2026-03-14T07:48:39Z,checkout,INFO,cart 98322 converted in 148ms
2026-03-14T07:48:41Z,checkout,INFO,session 28084 started
2026-03-14T07:48:49Z,search,INFO,"suggest cache warm, 65128 entries"
2026-03-14T07:48:54Z,payments,INFO,charge 97318 authorised in 30ms
2026-03-14T07:48:56Z,postgres,INFO,"checkpoint complete, 62375 buffers written"
2026-03-14T07:49:07Z,auth,INFO,logout for session 38091
2026-03-14T07:49:07Z,search,INFO,query 1183 served in 41ms
2026-03-14T07:49:07Z,search,INFO,query 29747 served in 144ms
2026-03-14T07:49:17Z,payments,INFO,settlement batch 59694 queued
2026-03-14T07:49:25Z,checkout,INFO,cart 16096 abandoned after 119ms
2026-03-14T07:49:25Z,orders,INFO,order 92416 accepted
2026-03-14T07:49:30Z,billing,INFO,credit note 78890 issued
2026-03-14T07:49:31Z,billing,INFO,invoice 39542 rendered in 29ms
2026-03-14T07:49:34Z,billing,INFO,subscription 88566 renewed
2026-03-14T07:49:40Z,billing,INFO,dunning run 78984 complete
2026-03-14T07:49:58Z,postgres,INFO,"checkpoint complete, 57221 buffers written"
2026-03-14T07:50:00Z,checkout,ERROR,healthz timeout after 2000ms
2026-03-14T07:50:01Z,auth,INFO,logout for session 54347
2026-03-14T07:50:03Z,payments,INFO,charge 31997 authorised in 16ms
2026-03-14T07:50:06Z,checkout,ERROR,healthz timeout after 2000ms
2026-03-14T07:50:08Z,billing,INFO,subscription 43417 renewed
2026-03-14T07:50:11Z,search,INFO,"suggest cache warm, 2082 entries"
2026-03-14T07:50:12Z,checkout,ERROR,healthz timeout after 2000ms
2026-03-14T07:50:13Z,orders,INFO,order 49107 invoiced
2026-03-14T07:50:14Z,checkout,INFO,cart 57509 converted in 213ms
2026-03-14T07:50:18Z,checkout,ERROR,healthz timeout after 2000ms
2026-03-14T07:50:24Z,checkout,ERROR,healthz timeout after 2000ms
2026-03-14T07:50:25Z,search,WARN,query 5270 exceeded 885ms budget
2026-03-14T07:50:25Z,search,INFO,query 66422 served in 138ms
2026-03-14T07:50:28Z,orders,INFO,inventory check 6595 passed
2026-03-14T07:50:30Z,checkout,ERROR,healthz timeout after 2000ms
2026-03-14T07:50:32Z,billing,INFO,subscription 50602 renewed
2026-03-14T07:50:36Z,checkout,ERROR,healthz timeout after 2000ms
2026-03-14T07:50:42Z,checkout,ERROR,healthz timeout after 2000ms
2026-03-14T07:50:43Z,orders,INFO,order 39492 accepted
2026-03-14T07:50:47Z,search,INFO,query 13449 served in 34ms
2026-03-14T07:50:47Z,search,INFO,query 42953 served in 137ms
2026-03-14T07:50:48Z,auth,INFO,logout for session 33182
2026-03-14T07:50:48Z,checkout,ERROR,healthz timeout after 2000ms
2026-03-14T07:50:54Z,checkout,ERROR,healthz timeout after 2000ms
2026-03-14T07:50:58Z,orders,INFO,order 23780 invoiced
2026-03-14T07:51:00Z,checkout,ERROR,healthz timeout after 2000ms
2026-03-14T07:51:03Z,billing,INFO,subscription 38560 renewed
2026-03-14T07:51:06Z,checkout,ERROR,healthz timeout after 2000ms
2026-03-14T07:51:11Z,checkout,INFO,cart 36338 converted in 278ms
2026-03-14T07:51:12Z,checkout,ERROR,healthz timeout after 2000ms
2026-03-14T07:51:16Z,auth,INFO,token issued for session 57135
2026-03-14T07:51:18Z,checkout,ERROR,healthz timeout after 2000ms
2026-03-14T07:51:21Z,auth,INFO,login succeeded in 209ms
2026-03-14T07:51:24Z,checkout,ERROR,healthz timeout after 2000ms
2026-03-14T07:51:29Z,billing,INFO,credit note 46122 issued
2026-03-14T07:51:30Z,checkout,ERROR,healthz timeout after 2000ms
2026-03-14T07:51:36Z,checkout,ERROR,healthz timeout after 2000ms
2026-03-14T07:51:42Z,checkout,ERROR,healthz timeout after 2000ms
2026-03-14T07:51:43Z,auth,INFO,logout for session 77779
2026-03-14T07:51:43Z,checkout,INFO,session 63472 started
2026-03-14T07:51:46Z,postgres,INFO,replication lag 231ms
2026-03-14T07:51:48Z,checkout,ERROR,healthz timeout after 2000ms
2026-03-14T07:51:51Z,billing,INFO,credit note 45144 issued
2026-03-14T07:51:53Z,postgres,INFO,"checkpoint complete, 53753 buffers written"
2026-03-14T07:51:54Z,checkout,ERROR,healthz timeout after 2000ms
2026-03-14T07:51:58Z,postgres,INFO,replication lag 87ms
2026-03-14T07:51:59Z,payments,INFO,webhook 7451 acknowledged
2026-03-14T07:52:00Z,checkout,ERROR,healthz timeout after 2000ms
2026-03-14T07:52:01Z,auth,INFO,login succeeded in 260ms
2026-03-14T07:52:06Z,checkout,ERROR,healthz timeout after 2000ms
2026-03-14T07:52:08Z,postgres,INFO,autovacuum finished on table 45937
2026-03-14T07:52:12Z,checkout,ERROR,healthz timeout after 2000ms
2026-03-14T07:52:18Z,checkout,ERROR,healthz timeout after 2000ms
2026-03-14T07:52:20Z,search,INFO,"suggest cache warm, 30234 entries"
2026-03-14T07:52:22Z,auth,INFO,logout for session 48143
2026-03-14T07:52:24Z,checkout,ERROR,healthz timeout after 2000ms
2026-03-14T07:52:30Z,checkout,ERROR,healthz timeout after 2000ms
2026-03-14T07:52:31Z,billing,INFO,credit note 48584 issued
2026-03-14T07:52:34Z,billing,INFO,credit note 98253 issued
2026-03-14T07:52:34Z,orders,INFO,inventory check 32240 passed
2026-03-14T07:52:36Z,checkout,ERROR,healthz timeout after 2000ms
2026-03-14T07:52:42Z,checkout,ERROR,healthz timeout after 2000ms
2026-03-14T07:52:43Z,search,INFO,index segment 68882 merged
2026-03-14T07:52:48Z,checkout,INFO,cart 54153 abandoned after 121ms
2026-03-14T07:52:48Z,checkout,ERROR,healthz timeout after 2000ms
2026-03-14T07:52:52Z,orders,INFO,order 89626 invoiced
2026-03-14T07:52:54Z,checkout,ERROR,healthz timeout after 2000ms
2026-03-14T07:53:00Z,checkout,ERROR,healthz timeout after 2000ms
2026-03-14T07:53:06Z,checkout,ERROR,healthz timeout after 2000ms
2026-03-14T07:53:08Z,orders,INFO,inventory check 57099 passed
2026-03-14T07:53:11Z,payments,INFO,refund 82371 completed
2026-03-14T07:53:12Z,checkout,ERROR,healthz timeout after 2000ms
2026-03-14T07:53:16Z,checkout,INFO,cart 54029 abandoned after 318ms
2026-03-14T07:53:18Z,checkout,ERROR,healthz timeout after 2000ms
2026-03-14T07:53:24Z,checkout,ERROR,healthz timeout after 2000ms
2026-03-14T07:53:30Z,checkout,ERROR,healthz timeout after 2000ms
2026-03-14T07:53:36Z,checkout,ERROR,healthz timeout after 2000ms
2026-03-14T07:53:37Z,payments,INFO,settlement batch 22527 queued
2026-03-14T07:53:38Z,orders,INFO,inventory check 33206 passed
2026-03-14T07:53:42Z,checkout,ERROR,healthz timeout after 2000ms
2026-03-14T07:53:44Z,auth,INFO,logout for session 94578
2026-03-14T07:53:48Z,checkout,ERROR,healthz timeout after 2000ms
2026-03-14T07:53:51Z,search,INFO,query 64998 served in 228ms
2026-03-14T07:53:54Z,checkout,ERROR,healthz timeout after 2000ms
2026-03-14T07:54:00Z,checkout,ERROR,healthz timeout after 2000ms
2026-03-14T07:54:05Z,payments,INFO,refund 90138 completed
2026-03-14T07:54:06Z,checkout,ERROR,healthz timeout after 2000ms
2026-03-14T07:54:10Z,payments,INFO,refund 72962 completed
2026-03-14T07:54:12Z,checkout,ERROR,healthz timeout after 2000ms
2026-03-14T07:54:18Z,checkout,ERROR,healthz timeout after 2000ms
2026-03-14T07:54:18Z,postgres,INFO,replication lag 119ms
2026-03-14T07:54:19Z,checkout,INFO,session 53266 started
2026-03-14T07:54:21Z,postgres,INFO,connection 34285 authorised
2026-03-14T07:54:24Z,checkout,ERROR,healthz timeout after 2000ms
2026-03-14T07:54:30Z,checkout,ERROR,healthz timeout after 2000ms
2026-03-14T07:54:36Z,checkout,ERROR,healthz timeout after 2000ms
2026-03-14T07:54:47Z,search,INFO,index segment 50169 merged
2026-03-14T07:54:48Z,deploy,INFO,pipeline 95978 green
2026-03-14T07:54:49Z,auth,INFO,logout for session 33948
2026-03-14T07:55:01Z,payments,INFO,settlement batch 88104 queued
2026-03-14T07:55:02Z,checkout,INFO,cart 10928 abandoned after 297ms
2026-03-14T07:55:04Z,search,INFO,index segment 39864 merged
2026-03-14T07:55:26Z,checkout,INFO,cart 51653 abandoned after 71ms
2026-03-14T07:55:26Z,checkout,INFO,cart 53066 converted in 261ms
2026-03-14T07:55:34Z,billing,INFO,subscription 58732 renewed
2026-03-14T07:55:41Z,search,INFO,index segment 71108 merged
2026-03-14T07:55:50Z,orders,INFO,order 47951 accepted
2026-03-14T07:55:51Z,checkout,INFO,cart 46419 abandoned after 218ms
2026-03-14T07:55:56Z,postgres,INFO,replication lag 120ms
2026-03-14T07:55:57Z,auth,INFO,logout for session 3154
2026-03-14T07:56:14Z,checkout,INFO,cart 57645 abandoned after 166ms
2026-03-14T07:56:32Z,payments,INFO,charge 70973 authorised in 180ms
2026-03-14T07:56:40Z,postgres,INFO,autovacuum finished on table 78878
2026-03-14T07:56:41Z,billing,INFO,subscription 69820 renewed
2026-03-14T07:56:49Z,billing,INFO,dunning run 91440 complete
2026-03-14T07:56:54Z,billing,INFO,dunning run 74093 complete
2026-03-14T07:57:05Z,orders,INFO,inventory check 30844 passed
2026-03-14T07:57:06Z,billing,INFO,credit note 86310 issued
2026-03-14T07:57:08Z,billing,INFO,invoice 13678 rendered in 128ms
2026-03-14T07:57:12Z,auth,INFO,login succeeded in 198ms
2026-03-14T07:57:19Z,auth,INFO,session 49186 refreshed
2026-03-14T07:57:20Z,payments,INFO,refund 22632 completed
2026-03-14T07:57:24Z,search,INFO,query 37211 served in 153ms
2026-03-14T07:57:27Z,search,INFO,query 14252 served in 287ms
2026-03-14T07:57:31Z,checkout,INFO,cart 34890 converted in 269ms
2026-03-14T07:57:35Z,billing,INFO,dunning run 28660 complete
2026-03-14T07:57:55Z,postgres,INFO,autovacuum finished on table 40532
2026-03-14T07:57:59Z,payments,INFO,settlement batch 84729 queued
2026-03-14T07:58:08Z,payments,INFO,refund 22370 completed
2026-03-14T07:58:10Z,auth,INFO,session 41035 refreshed
2026-03-14T07:58:11Z,search,INFO,"suggest cache warm, 24545 entries"
2026-03-14T07:58:12Z,orders,INFO,inventory check 46069 passed
2026-03-14T07:58:14Z,payments,INFO,settlement batch 88564 queued
2026-03-14T07:58:25Z,payments,INFO,refund 74110 completed
2026-03-14T07:58:27Z,orders,INFO,order 52705 accepted
2026-03-14T07:58:30Z,postgres,INFO,replication lag 5ms
2026-03-14T07:58:43Z,postgres,INFO,connection 38737 authorised
2026-03-14T07:58:46Z,checkout,INFO,payment intent 71276 created
2026-03-14T07:58:48Z,orders,INFO,order 60022 dispatched in 164ms
2026-03-14T07:58:59Z,postgres,INFO,"checkpoint complete, 76861 buffers written"
2026-03-14T07:59:08Z,search,INFO,"suggest cache warm, 53281 entries"
2026-03-14T07:59:18Z,auth,INFO,login succeeded in 95ms
2026-03-14T07:59:27Z,search,INFO,"suggest cache warm, 26372 entries"
2026-03-14T07:59:31Z,auth,INFO,session 39799 refreshed
2026-03-14T07:59:44Z,payments,INFO,webhook 40015 acknowledged
2026-03-14T07:59:47Z,orders,INFO,order 82575 invoiced
2026-03-14T07:59:58Z,payments,INFO,charge 17843 authorised in 19ms
2026-03-14T08:00:00Z,checkout,ERROR,healthz timeout after 2000ms
2026-03-14T08:00:06Z,checkout,ERROR,healthz timeout after 2000ms
2026-03-14T08:00:09Z,payments,INFO,refund 76731 completed
2026-03-14T08:00:12Z,checkout,ERROR,healthz timeout after 2000ms
2026-03-14T08:00:18Z,auth,INFO,login succeeded in 87ms
2026-03-14T08:00:18Z,checkout,ERROR,healthz timeout after 2000ms
2026-03-14T08:00:24Z,checkout,ERROR,healthz timeout after 2000ms
2026-03-14T08:00:25Z,orders,INFO,order 52372 dispatched in 118ms
2026-03-14T08:00:26Z,auth,INFO,logout for session 81704
2026-03-14T08:00:29Z,search,INFO,"suggest cache warm, 98230 entries"
2026-03-14T08:00:30Z,checkout,ERROR,healthz timeout after 2000ms
2026-03-14T08:00:36Z,checkout,ERROR,healthz timeout after 2000ms
2026-03-14T08:00:39Z,search,INFO,index segment 27901 merged
2026-03-14T08:00:40Z,billing,INFO,invoice 80538 rendered in 47ms
2026-03-14T08:00:42Z,checkout,ERROR,healthz timeout after 2000ms
2026-03-14T08:00:48Z,checkout,ERROR,healthz timeout after 2000ms
2026-03-14T08:00:54Z,checkout,ERROR,healthz timeout after 2000ms
2026-03-14T08:00:55Z,auth,INFO,login succeeded in 20ms
2026-03-14T08:00:57Z,checkout,INFO,cart 87044 abandoned after 317ms
2026-03-14T08:01:00Z,checkout,ERROR,healthz timeout after 2000ms
2026-03-14T08:01:01Z,search,INFO,index segment 76877 merged
2026-03-14T08:01:06Z,checkout,ERROR,healthz timeout after 2000ms
2026-03-14T08:01:12Z,checkout,ERROR,healthz timeout after 2000ms
2026-03-14T08:01:18Z,checkout,ERROR,healthz timeout after 2000ms
2026-03-14T08:01:24Z,checkout,ERROR,healthz timeout after 2000ms
2026-03-14T08:01:26Z,search,INFO,"suggest cache warm, 31738 entries"
2026-03-14T08:01:30Z,checkout,ERROR,healthz timeout after 2000ms
2026-03-14T08:01:35Z,checkout,INFO,session 42489 started
2026-03-14T08:01:36Z,checkout,ERROR,healthz timeout after 2000ms
2026-03-14T08:01:42Z,auth,INFO,login succeeded in 31ms
2026-03-14T08:01:42Z,checkout,ERROR,healthz timeout after 2000ms
2026-03-14T08:01:42Z,orders,INFO,order 28523 invoiced
2026-03-14T08:01:47Z,search,INFO,"suggest cache warm, 54780 entries"
2026-03-14T08:01:48Z,checkout,ERROR,healthz timeout after 2000ms
2026-03-14T08:01:54Z,checkout,ERROR,healthz timeout after 2000ms
2026-03-14T08:01:56Z,orders,INFO,inventory check 43391 passed
2026-03-14T08:01:59Z,payments,INFO,settlement batch 26736 queued
2026-03-14T08:02:00Z,checkout,ERROR,healthz timeout after 2000ms
2026-03-14T08:02:01Z,billing,INFO,subscription 18708 renewed
2026-03-14T08:02:05Z,billing,INFO,subscription 36715 renewed
2026-03-14T08:02:06Z,checkout,ERROR,healthz timeout after 2000ms
2026-03-14T08:02:09Z,postgres,INFO,"checkpoint complete, 46350 buffers written"
2026-03-14T08:02:12Z,checkout,ERROR,healthz timeout after 2000ms
2026-03-14T08:02:14Z,checkout,INFO,payment intent 45594 created
2026-03-14T08:02:16Z,orders,INFO,order 34030 accepted
2026-03-14T08:02:17Z,checkout,INFO,cart 17296 converted in 26ms
2026-03-14T08:02:18Z,checkout,ERROR,healthz timeout after 2000ms
2026-03-14T08:02:21Z,orders,INFO,order 29686 accepted
2026-03-14T08:02:23Z,postgres,INFO,connection 61984 authorised
2026-03-14T08:02:24Z,checkout,ERROR,healthz timeout after 2000ms
2026-03-14T08:02:30Z,checkout,ERROR,healthz timeout after 2000ms
2026-03-14T08:02:36Z,checkout,ERROR,healthz timeout after 2000ms
2026-03-14T08:02:42Z,checkout,ERROR,healthz timeout after 2000ms
2026-03-14T08:02:44Z,billing,INFO,credit note 37273 issued
2026-03-14T08:02:48Z,checkout,ERROR,healthz timeout after 2000ms
2026-03-14T08:02:50Z,billing,INFO,subscription 68833 renewed
2026-03-14T08:02:54Z,checkout,ERROR,healthz timeout after 2000ms
2026-03-14T08:03:00Z,checkout,ERROR,healthz timeout after 2000ms
2026-03-14T08:03:00Z,postgres,INFO,autovacuum finished on table 88006
2026-03-14T08:03:01Z,billing,INFO,subscription 36797 renewed
2026-03-14T08:03:06Z,checkout,ERROR,healthz timeout after 2000ms
2026-03-14T08:03:07Z,auth,INFO,token issued for session 2389
2026-03-14T08:03:12Z,checkout,ERROR,healthz timeout after 2000ms
2026-03-14T08:03:15Z,payments,INFO,charge 4177 authorised in 176ms
2026-03-14T08:03:18Z,checkout,ERROR,healthz timeout after 2000ms
2026-03-14T08:03:23Z,billing,INFO,credit note 52085 issued
2026-03-14T08:03:24Z,checkout,ERROR,healthz timeout after 2000ms
2026-03-14T08:03:30Z,checkout,ERROR,healthz timeout after 2000ms
2026-03-14T08:03:31Z,checkout,INFO,payment intent 6192 created
2026-03-14T08:03:32Z,payments,INFO,charge 1314 authorised in 285ms
2026-03-14T08:03:36Z,checkout,ERROR,healthz timeout after 2000ms
2026-03-14T08:03:37Z,postgres,INFO,autovacuum finished on table 45933
2026-03-14T08:03:42Z,checkout,ERROR,healthz timeout after 2000ms
2026-03-14T08:03:48Z,checkout,ERROR,healthz timeout after 2000ms
2026-03-14T08:03:54Z,checkout,ERROR,healthz timeout after 2000ms
2026-03-14T08:03:55Z,auth,INFO,login succeeded in 319ms
2026-03-14T08:03:56Z,search,INFO,"suggest cache warm, 7147 entries"
2026-03-14T08:03:59Z,payments,INFO,charge 90841 authorised in 100ms
2026-03-14T08:04:00Z,checkout,ERROR,healthz timeout after 2000ms
2026-03-14T08:04:03Z,search,INFO,query 55681 served in 307ms
2026-03-14T08:04:04Z,auth,INFO,token issued for session 17474
2026-03-14T08:04:06Z,checkout,ERROR,healthz timeout after 2000ms
2026-03-14T08:04:09Z,billing,INFO,subscription 35001 renewed
2026-03-14T08:04:12Z,auth,INFO,login succeeded in 206ms
2026-03-14T08:04:12Z,checkout,ERROR,healthz timeout after 2000ms
2026-03-14T08:04:18Z,checkout,ERROR,healthz timeout after 2000ms
2026-03-14T08:04:23Z,orders,INFO,inventory check 72965 passed
2026-03-14T08:04:24Z,checkout,ERROR,healthz timeout after 2000ms
2026-03-14T08:04:30Z,checkout,ERROR,healthz timeout after 2000ms
2026-03-14T08:04:33Z,payments,INFO,webhook 64608 acknowledged
2026-03-14T08:04:36Z,checkout,ERROR,healthz timeout after 2000ms
2026-03-14T08:04:47Z,billing,INFO,subscription 97794 renewed
2026-03-14T08:04:56Z,payments,INFO,webhook 38151 acknowledged
2026-03-14T08:04:56Z,search,INFO,"suggest cache warm, 22390 entries"
2026-03-14T08:04:59Z,postgres,INFO,connection 49960 authorised
2026-03-14T08:05:00Z,postgres,INFO,autovacuum finished on table 77747
2026-03-14T08:05:11Z,orders,INFO,order 43220 invoiced
2026-03-14T08:05:21Z,auth,INFO,token issued for session 5595
2026-03-14T08:05:28Z,billing,WARN,invoice 9291 re-rendered after template cache miss
2026-03-14T08:05:32Z,checkout,INFO,cart 74158 abandoned after 130ms
2026-03-14T08:05:33Z,auth,INFO,session 32048 refreshed
2026-03-14T08:05:48Z,postgres,INFO,"checkpoint complete, 40144 buffers written"
2026-03-14T08:06:00Z,postgres,INFO,connection 97193 authorised
2026-03-14T08:06:02Z,postgres,INFO,"checkpoint complete, 46955 buffers written"
2026-03-14T08:06:11Z,payments,INFO,charge 57797 authorised in 227ms
2026-03-14T08:06:14Z,billing,INFO,subscription 20818 renewed
2026-03-14T08:06:22Z,postgres,INFO,"checkpoint complete, 28161 buffers written"
2026-03-14T08:06:23Z,orders,INFO,inventory check 58349 passed
2026-03-14T08:06:28Z,auth,INFO,session 64929 refreshed
2026-03-14T08:06:30Z,checkout,INFO,session 56215 started
2026-03-14T08:06:30Z,search,INFO,query 78496 served in 22ms
2026-03-14T08:06:35Z,auth,INFO,login succeeded in 285ms
2026-03-14T08:06:45Z,payments,INFO,refund 85991 completed
2026-03-14T08:06:54Z,auth,INFO,session 97163 refreshed
2026-03-14T08:07:08Z,payments,INFO,settlement batch 99661 queued
2026-03-14T08:07:21Z,orders,INFO,order 76235 dispatched in 91ms
2026-03-14T08:07:22Z,auth,INFO,login succeeded in 220ms
2026-03-14T08:07:24Z,billing,INFO,dunning run 24383 complete
2026-03-14T08:07:29Z,auth,INFO,login succeeded in 140ms
2026-03-14T08:07:36Z,billing,INFO,credit note 44544 issued
2026-03-14T08:07:42Z,search,INFO,index segment 16641 merged
2026-03-14T08:07:56Z,orders,INFO,order 64634 invoiced
2026-03-14T08:08:01Z,checkout,INFO,payment intent 16399 created
2026-03-14T08:08:03Z,postgres,INFO,autovacuum finished on table 31313
2026-03-14T08:08:05Z,billing,INFO,credit note 56717 issued
2026-03-14T08:08:08Z,payments,INFO,settlement batch 10400 queued
2026-03-14T08:08:15Z,billing,INFO,credit note 69445 issued
2026-03-14T08:08:29Z,auth,INFO,logout for session 99913
2026-03-14T08:08:31Z,payments,INFO,charge 37567 authorised in 191ms
2026-03-14T08:08:39Z,checkout,INFO,cart 89675 converted in 200ms
2026-03-14T08:08:39Z,postgres,INFO,connection 32180 authorised
2026-03-14T08:08:40Z,search,INFO,index segment 24378 merged
2026-03-14T08:08:51Z,orders,INFO,order 95283 accepted
2026-03-14T08:08:58Z,payments,INFO,charge 23026 authorised in 52ms
2026-03-14T08:09:01Z,orders,INFO,order 43821 accepted
2026-03-14T08:09:07Z,checkout,INFO,cart 93484 abandoned after 282ms
2026-03-14T08:09:10Z,search,INFO,query 58310 served in 134ms
2026-03-14T08:09:12Z,search,INFO,index segment 45652 merged
2026-03-14T08:09:14Z,search,INFO,"suggest cache warm, 87147 entries"
2026-03-14T08:09:20Z,orders,INFO,order 65970 dispatched in 163ms
2026-03-14T08:09:41Z,checkout,INFO,session 35534 started
2026-03-14T08:09:48Z,auth,INFO,logout for session 81636
2026-03-14T08:09:48Z,orders,INFO,inventory check 42370 passed
2026-03-14T08:09:56Z,search,INFO,index segment 62197 merged
2026-03-14T08:10:00Z,orders,INFO,inventory check 55302 passed
2026-03-14T08:10:01Z,orders,INFO,order 10429 accepted
2026-03-14T08:10:02Z,search,INFO,query 95193 served in 289ms
2026-03-14T08:10:11Z,orders,INFO,order 43250 dispatched in 179ms
2026-03-14T08:10:20Z,checkout,INFO,payment intent 34927 created
2026-03-14T08:10:41Z,payments,INFO,charge 4992 authorised in 187ms
2026-03-14T08:10:45Z,payments,INFO,webhook 81667 acknowledged
2026-03-14T08:10:54Z,postgres,INFO,autovacuum finished on table 7833
2026-03-14T08:10:55Z,auth,INFO,logout for session 56300
2026-03-14T08:11:01Z,search,INFO,index segment 56904 merged
2026-03-14T08:11:16Z,postgres,INFO,"checkpoint complete, 21418 buffers written"
2026-03-14T08:11:18Z,auth,INFO,token issued for session 81964
2026-03-14T08:11:18Z,payments,INFO,webhook 90460 acknowledged
2026-03-14T08:11:24Z,search,INFO,query 22157 served in 224ms
2026-03-14T08:11:28Z,orders,INFO,order 24131 accepted
2026-03-14T08:11:48Z,billing,INFO,credit note 40119 issued
2026-03-14T08:11:49Z,postgres,INFO,connection 74425 authorised
2026-03-14T08:11:54Z,auth,INFO,token issued for session 80271
2026-03-14T08:12:19Z,payments,INFO,settlement batch 36286 queued
2026-03-14T08:12:40Z,payments,INFO,settlement batch 1518 queued
2026-03-14T08:12:43Z,deploy,INFO,pipeline 80842 green
2026-03-14T08:12:44Z,deploy,INFO,canary 95887 healthy
2026-03-14T08:12:52Z,payments,INFO,settlement batch 28331 queued
2026-03-14T08:12:57Z,postgres,INFO,"checkpoint complete, 13268 buffers written"
2026-03-14T08:13:01Z,billing,INFO,subscription 79592 renewed
2026-03-14T08:13:01Z,orders,INFO,order 92966 dispatched in 14ms
2026-03-14T08:13:01Z,search,INFO,query 48243 served in 152ms
2026-03-14T08:13:08Z,payments,INFO,charge 46798 authorised in 313ms
2026-03-14T08:13:09Z,auth,INFO,login succeeded in 21ms
2026-03-14T08:13:14Z,checkout,INFO,cart 30214 abandoned after 24ms
2026-03-14T08:13:34Z,search,INFO,query 7624 served in 138ms
2026-03-14T08:13:36Z,checkout,INFO,cart 39458 abandoned after 254ms
2026-03-14T08:13:37Z,billing,INFO,invoice 31333 rendered in 156ms
2026-03-14T08:13:44Z,payments,INFO,refund 27255 completed
2026-03-14T08:13:45Z,checkout,INFO,cart 40503 converted in 70ms
2026-03-14T08:13:45Z,checkout,INFO,cart 44341 abandoned after 236ms
2026-03-14T08:13:49Z,orders,INFO,order 2404 dispatched in 72ms
2026-03-14T08:13:51Z,postgres,INFO,autovacuum finished on table 6657
2026-03-14T08:13:52Z,checkout,INFO,cart 46401 converted in 94ms
2026-03-14T08:13:56Z,search,INFO,index segment 86583 merged
2026-03-14T08:14:08Z,orders,INFO,order 12560 accepted
2026-03-14T08:14:19Z,search,INFO,query 50861 served in 175ms
2026-03-14T08:14:24Z,auth,INFO,token issued for session 45970
2026-03-14T08:14:25Z,deploy,WARN,canary 29453 restarted once before becoming healthy
2026-03-14T08:14:27Z,auth,INFO,token issued for session 17632
2026-03-14T08:14:29Z,payments,INFO,webhook 19206 acknowledged
2026-03-14T08:14:31Z,auth,INFO,login succeeded in 275ms
2026-03-14T08:14:31Z,billing,INFO,subscription 5590 renewed
2026-03-14T08:14:31Z,postgres,INFO,connection 25982 authorised
2026-03-14T08:14:38Z,billing,INFO,invoice 59033 rendered in 34ms
2026-03-14T08:14:48Z,orders,INFO,order 77771 dispatched in 79ms
2026-03-14T08:14:50Z,orders,INFO,order 57107 invoiced
2026-03-14T08:14:52Z,billing,INFO,subscription 33402 renewed
2026-03-14T08:15:10Z,payments,INFO,charge 81683 authorised in 226ms
2026-03-14T08:15:14Z,billing,INFO,subscription 31154 renewed
2026-03-14T08:15:21Z,postgres,INFO,autovacuum finished on table 70228
2026-03-14T08:15:22Z,payments,INFO,refund 69931 completed
2026-03-14T08:15:27Z,billing,WARN,invoice 8722 re-rendered after template cache miss
2026-03-14T08:15:28Z,billing,INFO,subscription 39099 renewed
2026-03-14T08:15:29Z,payments,INFO,settlement batch 16029 queued
2026-03-14T08:15:56Z,auth,INFO,login succeeded in 7ms
2026-03-14T08:16:01Z,checkout,INFO,cart 21219 converted in 241ms
2026-03-14T08:16:21Z,search,INFO,query 68815 served in 88ms
2026-03-14T08:16:28Z,search,INFO,query 69817 served in 240ms
2026-03-14T08:16:30Z,payments,INFO,charge 61422 authorised in 209ms
2026-03-14T08:16:32Z,payments,INFO,refund 98625 completed
2026-03-14T08:16:37Z,postgres,INFO,replication lag 135ms
2026-03-14T08:16:41Z,checkout,INFO,payment intent 27178 created
2026-03-14T08:16:47Z,billing,INFO,invoice 44476 rendered in 130ms
2026-03-14T08:16:47Z,search,INFO,query 30384 served in 95ms
2026-03-14T08:16:51Z,payments,INFO,settlement batch 90647 queued
2026-03-14T08:16:57Z,search,INFO,index segment 72461 merged
2026-03-14T08:17:03Z,checkout,INFO,cart 25701 converted in 272ms
2026-03-14T08:17:15Z,checkout,INFO,cart 95588 converted in 269ms
2026-03-14T08:17:16Z,payments,INFO,settlement batch 93745 queued
2026-03-14T08:17:19Z,search,INFO,index segment 23414 merged
2026-03-14T08:17:25Z,orders,INFO,order 92652 invoiced
2026-03-14T08:17:40Z,orders,INFO,order 73475 dispatched in 223ms
2026-03-14T08:17:41Z,auth,INFO,login succeeded in 84ms
2026-03-14T08:17:49Z,orders,INFO,order 65894 invoiced
2026-03-14T08:17:54Z,postgres,INFO,"checkpoint complete, 96512 buffers written"
2026-03-14T08:17:55Z,billing,INFO,invoice 37588 rendered in 152ms
2026-03-14T08:18:00Z,checkout,INFO,cart 26760 abandoned after 252ms
2026-03-14T08:18:00Z,orders,INFO,order 22280 invoiced
2026-03-14T08:18:08Z,auth,INFO,login succeeded in 99ms
2026-03-14T08:18:09Z,auth,INFO,token issued for session 19881
2026-03-14T08:18:11Z,billing,INFO,subscription 7927 renewed
2026-03-14T08:18:11Z,postgres,INFO,autovacuum finished on table 30351
2026-03-14T08:18:12Z,payments,INFO,settlement batch 10578 queued
2026-03-14T08:18:13Z,checkout,INFO,payment intent 11684 created
2026-03-14T08:18:29Z,postgres,INFO,replication lag 60ms
2026-03-14T08:18:33Z,search,INFO,"suggest cache warm, 84407 entries"
2026-03-14T08:18:47Z,search,INFO,query 21576 served in 286ms
2026-03-14T08:19:03Z,search,INFO,index segment 46884 merged
2026-03-14T08:19:06Z,orders,INFO,order 17145 accepted
2026-03-14T08:19:07Z,search,INFO,query 16287 served in 172ms
2026-03-14T08:19:09Z,auth,INFO,logout for session 20256
2026-03-14T08:19:09Z,checkout,INFO,cart 7569 converted in 288ms
2026-03-14T08:19:20Z,postgres,INFO,connection 97919 authorised
2026-03-14T08:19:23Z,checkout,INFO,session 90134 started
2026-03-14T08:19:31Z,checkout,INFO,payment intent 68385 created
2026-03-14T08:19:34Z,payments,INFO,webhook 95925 acknowledged
2026-03-14T08:20:03Z,deploy,INFO,artefact 53329 published
2026-03-14T08:20:03Z,postgres,INFO,connection 17411 authorised
2026-03-14T08:20:03Z,search,INFO,"suggest cache warm, 81669 entries"
2026-03-14T08:20:13Z,search,INFO,"suggest cache warm, 41869 entries"
2026-03-14T08:20:17Z,orders,INFO,order 35527 dispatched in 13ms
2026-03-14T08:20:22Z,billing,INFO,subscription 81809 renewed
2026-03-14T08:20:26Z,orders,INFO,order 15150 dispatched in 241ms
2026-03-14T08:20:29Z,checkout,INFO,payment intent 23878 created
2026-03-14T08:20:29Z,checkout,INFO,payment intent 88657 created
2026-03-14T08:20:30Z,payments,INFO,refund 92082 completed
2026-03-14T08:20:33Z,search,INFO,query 55731 served in 12ms
2026-03-14T08:20:37Z,search,INFO,index segment 86075 merged
2026-03-14T08:20:54Z,orders,INFO,order 51462 invoiced
2026-03-14T08:20:54Z,postgres,INFO,connection 29679 authorised
2026-03-14T08:20:57Z,auth,INFO,session 95476 refreshed
2026-03-14T08:21:06Z,payments,INFO,webhook 60162 acknowledged
2026-03-14T08:21:08Z,billing,INFO,dunning run 46447 complete
2026-03-14T08:21:25Z,billing,INFO,dunning run 23918 complete
2026-03-14T08:21:34Z,payments,INFO,settlement batch 80668 queued
2026-03-14T08:21:39Z,orders,INFO,order 14412 dispatched in 212ms
2026-03-14T08:21:42Z,auth,INFO,login succeeded in 158ms
2026-03-14T08:21:46Z,payments,INFO,webhook 3912 acknowledged
2026-03-14T08:21:47Z,checkout,INFO,payment intent 53237 created
2026-03-14T08:22:00Z,search,INFO,query 89941 served in 202ms
2026-03-14T08:22:03Z,auth,INFO,token issued for session 86512
2026-03-14T08:22:10Z,postgres,INFO,autovacuum finished on table 44553
2026-03-14T08:22:23Z,checkout,INFO,payment intent 85536 created
2026-03-14T08:22:26Z,orders,INFO,inventory check 97752 passed
2026-03-14T08:22:41Z,search,INFO,query 91311 served in 4ms
2026-03-14T08:22:44Z,postgres,INFO,replication lag 311ms
2026-03-14T08:22:45Z,billing,INFO,dunning run 20631 complete
2026-03-14T08:22:59Z,checkout,INFO,session 83364 started
2026-03-14T08:23:02Z,auth,INFO,logout for session 23082
2026-03-14T08:23:25Z,payments,INFO,refund 91465 completed
2026-03-14T08:23:28Z,checkout,INFO,payment intent 47258 created
2026-03-14T08:23:28Z,orders,INFO,order 17313 accepted
2026-03-14T08:23:33Z,search,INFO,query 1365 served in 268ms
2026-03-14T08:23:42Z,search,INFO,"suggest cache warm, 86072 entries"
2026-03-14T08:23:48Z,orders,INFO,order 94123 invoiced
2026-03-14T08:23:50Z,billing,INFO,dunning run 98720 complete
2026-03-14T08:23:53Z,auth,INFO,session 55035 refreshed
2026-03-14T08:23:59Z,billing,WARN,invoice 30251 re-rendered after template cache miss
2026-03-14T08:24:01Z,billing,INFO,invoice 28469 rendered in 271ms
2026-03-14T08:24:02Z,checkout,INFO,cart 59604 converted in 35ms
2026-03-14T08:24:07Z,checkout,INFO,cart 77248 converted in 316ms
2026-03-14T08:24:32Z,orders,INFO,order 16973 dispatched in 198ms
2026-03-14T08:24:33Z,payments,INFO,charge 88476 authorised in 99ms
2026-03-14T08:24:42Z,payments,INFO,refund 63934 completed
2026-03-14T08:24:46Z,postgres,INFO,replication lag 236ms
2026-03-14T08:24:56Z,search,INFO,query 48297 served in 182ms
2026-03-14T08:24:57Z,billing,INFO,subscription 24642 renewed
2026-03-14T08:25:00Z,checkout,ERROR,healthz timeout after 2000ms
2026-03-14T08:25:03Z,payments,INFO,settlement batch 68716 queued
2026-03-14T08:25:03Z,postgres,INFO,autovacuum finished on table 91854
2026-03-14T08:25:06Z,checkout,ERROR,healthz timeout after 2000ms
2026-03-14T08:25:08Z,orders,INFO,order 63644 invoiced
2026-03-14T08:25:10Z,checkout,INFO,session 94919 started
2026-03-14T08:25:12Z,checkout,ERROR,healthz timeout after 2000ms
2026-03-14T08:25:18Z,checkout,ERROR,healthz timeout after 2000ms
2026-03-14T08:25:19Z,orders,INFO,order 8204 invoiced
2026-03-14T08:25:24Z,checkout,ERROR,healthz timeout after 2000ms
2026-03-14T08:25:30Z,checkout,ERROR,healthz timeout after 2000ms
2026-03-14T08:25:36Z,checkout,ERROR,healthz timeout after 2000ms
2026-03-14T08:25:42Z,checkout,ERROR,healthz timeout after 2000ms
2026-03-14T08:25:47Z,postgres,INFO,connection 5475 authorised
2026-03-14T08:25:48Z,checkout,ERROR,healthz timeout after 2000ms
2026-03-14T08:25:54Z,checkout,ERROR,healthz timeout after 2000ms
2026-03-14T08:26:00Z,checkout,ERROR,healthz timeout after 2000ms
2026-03-14T08:26:00Z,orders,INFO,order 31540 invoiced
2026-03-14T08:26:06Z,checkout,ERROR,healthz timeout after 2000ms
2026-03-14T08:26:07Z,postgres,INFO,"checkpoint complete, 36152 buffers written"
2026-03-14T08:26:08Z,search,INFO,query 88807 served in 11ms
2026-03-14T08:26:09Z,postgres,INFO,"checkpoint complete, 40814 buffers written"
2026-03-14T08:26:11Z,payments,INFO,refund 63515 completed
2026-03-14T08:26:12Z,checkout,ERROR,healthz timeout after 2000ms
2026-03-14T08:26:12Z,postgres,INFO,autovacuum finished on table 26388
2026-03-14T08:26:12Z,postgres,INFO,replication lag 271ms
2026-03-14T08:26:18Z,checkout,ERROR,healthz timeout after 2000ms
2026-03-14T08:26:19Z,auth,INFO,login succeeded in 299ms
2026-03-14T08:26:22Z,auth,INFO,session 99401 refreshed
2026-03-14T08:26:24Z,checkout,ERROR,healthz timeout after 2000ms
2026-03-14T08:26:27Z,search,INFO,query 87209 served in 246ms
2026-03-14T08:26:30Z,checkout,ERROR,healthz timeout after 2000ms
2026-03-14T08:26:34Z,payments,INFO,settlement batch 86397 queued
2026-03-14T08:26:36Z,checkout,ERROR,healthz timeout after 2000ms
2026-03-14T08:26:38Z,search,INFO,query 77082 served in 208ms
2026-03-14T08:26:42Z,checkout,ERROR,healthz timeout after 2000ms
2026-03-14T08:26:42Z,orders,INFO,inventory check 10127 passed
2026-03-14T08:26:48Z,checkout,ERROR,healthz timeout after 2000ms
2026-03-14T08:26:49Z,checkout,INFO,payment intent 61849 created
2026-03-14T08:26:52Z,postgres,INFO,"checkpoint complete, 56783 buffers written"
2026-03-14T08:26:54Z,checkout,ERROR,healthz timeout after 2000ms
2026-03-14T08:26:57Z,search,INFO,query 75022 served in 203ms
2026-03-14T08:27:00Z,checkout,ERROR,healthz timeout after 2000ms
2026-03-14T08:27:01Z,orders,INFO,order 32164 accepted
2026-03-14T08:27:04Z,orders,INFO,order 5428 invoiced
2026-03-14T08:27:06Z,checkout,ERROR,healthz timeout after 2000ms
2026-03-14T08:27:06Z,search,INFO,query 87710 served in 5ms
2026-03-14T08:27:12Z,checkout,ERROR,healthz timeout after 2000ms
2026-03-14T08:27:18Z,checkout,ERROR,healthz timeout after 2000ms
2026-03-14T08:27:22Z,orders,INFO,order 10306 accepted
2026-03-14T08:27:23Z,postgres,INFO,autovacuum finished on table 69632
2026-03-14T08:27:24Z,checkout,ERROR,healthz timeout after 2000ms
2026-03-14T08:27:30Z,checkout,ERROR,healthz timeout after 2000ms
2026-03-14T08:27:31Z,auth,INFO,session 89448 refreshed
2026-03-14T08:27:36Z,checkout,ERROR,healthz timeout after 2000ms
2026-03-14T08:27:36Z,payments,INFO,webhook 8608 acknowledged
2026-03-14T08:27:41Z,orders,INFO,order 52168 invoiced
2026-03-14T08:27:42Z,checkout,ERROR,healthz timeout after 2000ms
2026-03-14T08:27:48Z,checkout,ERROR,healthz timeout after 2000ms
2026-03-14T08:27:54Z,checkout,ERROR,healthz timeout after 2000ms
2026-03-14T08:27:59Z,billing,INFO,credit note 76697 issued
2026-03-14T08:28:00Z,checkout,ERROR,healthz timeout after 2000ms
2026-03-14T08:28:02Z,payments,INFO,charge 13894 authorised in 99ms
2026-03-14T08:28:06Z,checkout,ERROR,healthz timeout after 2000ms
2026-03-14T08:28:12Z,billing,INFO,credit note 98656 issued
2026-03-14T08:28:12Z,checkout,ERROR,healthz timeout after 2000ms
2026-03-14T08:28:13Z,billing,INFO,invoice 26009 rendered in 266ms
2026-03-14T08:28:14Z,billing,INFO,credit note 50811 issued
2026-03-14T08:28:15Z,billing,INFO,invoice 68298 rendered in 100ms
2026-03-14T08:28:18Z,checkout,ERROR,healthz timeout after 2000ms
2026-03-14T08:28:24Z,checkout,ERROR,healthz timeout after 2000ms
2026-03-14T08:28:30Z,checkout,ERROR,healthz timeout after 2000ms
2026-03-14T08:28:36Z,checkout,ERROR,healthz timeout after 2000ms
2026-03-14T08:28:42Z,checkout,ERROR,healthz timeout after 2000ms
2026-03-14T08:28:43Z,search,INFO,query 78819 served in 224ms
2026-03-14T08:28:44Z,checkout,INFO,payment intent 28631 created
2026-03-14T08:28:45Z,payments,INFO,charge 29978 authorised in 6ms
2026-03-14T08:28:47Z,billing,INFO,credit note 87467 issued
2026-03-14T08:28:48Z,checkout,ERROR,healthz timeout after 2000ms
2026-03-14T08:28:50Z,auth,INFO,session 31885 refreshed
2026-03-14T08:28:54Z,checkout,ERROR,healthz timeout after 2000ms
2026-03-14T08:28:57Z,search,INFO,index segment 61467 merged
2026-03-14T08:28:58Z,billing,INFO,credit note 37772 issued
2026-03-14T08:29:00Z,checkout,ERROR,healthz timeout after 2000ms
2026-03-14T08:29:04Z,billing,INFO,subscription 93624 renewed
2026-03-14T08:29:06Z,checkout,ERROR,healthz timeout after 2000ms
2026-03-14T08:29:06Z,checkout,INFO,session 57377 started
2026-03-14T08:29:10Z,postgres,INFO,replication lag 243ms
2026-03-14T08:29:12Z,auth,INFO,logout for session 94128
2026-03-14T08:29:12Z,checkout,ERROR,healthz timeout after 2000ms
2026-03-14T08:29:18Z,checkout,ERROR,healthz timeout after 2000ms
2026-03-14T08:29:20Z,billing,INFO,subscription 81627 renewed
2026-03-14T08:29:24Z,checkout,ERROR,healthz timeout after 2000ms
2026-03-14T08:29:24Z,payments,INFO,charge 69311 authorised in 166ms
2026-03-14T08:29:25Z,deploy,INFO,pipeline 87805 green
2026-03-14T08:29:28Z,payments,INFO,settlement batch 28822 queued
2026-03-14T08:29:30Z,checkout,ERROR,healthz timeout after 2000ms
2026-03-14T08:29:33Z,auth,INFO,login succeeded in 37ms
2026-03-14T08:29:36Z,checkout,ERROR,healthz timeout after 2000ms
2026-03-14T08:29:39Z,checkout,INFO,cart 95734 converted in 294ms
2026-03-14T08:29:39Z,deploy,INFO,artefact 30229 published
2026-03-14T08:29:45Z,payments,INFO,charge 43023 authorised in 285ms
2026-03-14T08:29:47Z,checkout,INFO,cart 5590 abandoned after 88ms
2026-03-14T08:29:56Z,search,INFO,query 93857 served in 53ms
2026-03-14T08:30:19Z,postgres,INFO,connection 65267 authorised
2026-03-14T08:30:21Z,billing,INFO,credit note 39959 issued
2026-03-14T08:30:22Z,auth,INFO,login succeeded in 239ms
2026-03-14T08:30:23Z,checkout,INFO,cart 97993 abandoned after 7ms
2026-03-14T08:30:25Z,payments,INFO,refund 48498 completed
2026-03-14T08:30:33Z,billing,INFO,subscription 56546 renewed
2026-03-14T08:30:34Z,search,INFO,query 43941 served in 309ms
2026-03-14T08:30:36Z,checkout,INFO,cart 76745 abandoned after 110ms
2026-03-14T08:30:53Z,postgres,INFO,replication lag 12ms
2026-03-14T08:30:55Z,payments,INFO,refund 77497 completed
2026-03-14T08:30:55Z,search,INFO,query 9710 served in 290ms
2026-03-14T08:30:58Z,orders,INFO,order 60555 accepted
2026-03-14T08:30:59Z,checkout,INFO,cart 20759 abandoned after 80ms
2026-03-14T08:31:02Z,billing,INFO,credit note 55092 issued
2026-03-14T08:31:04Z,search,INFO,query 11717 served in 320ms
2026-03-14T08:31:06Z,postgres,INFO,autovacuum finished on table 29261
2026-03-14T08:31:07Z,payments,INFO,webhook 98395 acknowledged
2026-03-14T08:31:08Z,checkout,INFO,cart 32577 converted in 32ms
2026-03-14T08:31:17Z,orders,INFO,order 5705 invoiced
2026-03-14T08:31:21Z,orders,INFO,inventory check 76910 passed
2026-03-14T08:31:34Z,orders,INFO,order 96153 dispatched in 19ms
2026-03-14T08:31:45Z,checkout,INFO,cart 65255 abandoned after 230ms
2026-03-14T08:31:45Z,postgres,INFO,"checkpoint complete, 15582 buffers written"
2026-03-14T08:31:51Z,search,INFO,query 24863 served in 201ms
2026-03-14T08:31:56Z,checkout,INFO,payment intent 67543 created
2026-03-14T08:32:00Z,payments,WARN,"retrying webhook 68357, attempt 2"
2026-03-14T08:32:01Z,auth,INFO,token issued for session 5117
2026-03-14T08:32:03Z,postgres,INFO,autovacuum finished on table 87699
2026-03-14T08:32:13Z,auth,INFO,logout for session 59406
2026-03-14T08:32:16Z,search,INFO,index segment 85314 merged
2026-03-14T08:32:25Z,auth,INFO,logout for session 77911
2026-03-14T08:32:28Z,deploy,INFO,canary 16127 healthy
2026-03-14T08:32:40Z,checkout,INFO,cart 60607 converted in 258ms
2026-03-14T08:32:44Z,search,INFO,query 1740 served in 284ms
2026-03-14T08:32:47Z,billing,INFO,subscription 1845 renewed
2026-03-14T08:32:54Z,postgres,INFO,connection 69123 authorised
2026-03-14T08:33:06Z,auth,INFO,session 82323 refreshed
2026-03-14T08:33:12Z,postgres,INFO,"checkpoint complete, 58949 buffers written"
2026-03-14T08:33:15Z,auth,INFO,session 16971 refreshed
2026-03-14T08:33:15Z,search,INFO,index segment 51833 merged
2026-03-14T08:33:24Z,payments,INFO,charge 23618 authorised in 272ms
2026-03-14T08:33:30Z,billing,INFO,dunning run 89708 complete
2026-03-14T08:33:33Z,orders,INFO,order 57012 invoiced
2026-03-14T08:33:37Z,search,INFO,"suggest cache warm, 67009 entries"
2026-03-14T08:34:07Z,postgres,INFO,replication lag 271ms
2026-03-14T08:34:12Z,auth,INFO,login succeeded in 309ms
2026-03-14T08:34:16Z,orders,INFO,order 80589 dispatched in 206ms
2026-03-14T08:34:19Z,auth,INFO,logout for session 21794
2026-03-14T08:34:21Z,orders,INFO,order 54572 dispatched in 204ms
2026-03-14T08:34:34Z,billing,INFO,credit note 55292 issued
2026-03-14T08:34:35Z,postgres,INFO,autovacuum finished on table 29544
2026-03-14T08:34:42Z,billing,INFO,dunning run 76625 complete
2026-03-14T08:34:45Z,search,INFO,index segment 78967 merged
2026-03-14T08:34:54Z,auth,INFO,login succeeded in 150ms
2026-03-14T08:34:54Z,payments,INFO,refund 37454 completed
2026-03-14T08:35:10Z,billing,INFO,subscription 46566 renewed
2026-03-14T08:35:10Z,payments,INFO,settlement batch 65670 queued
2026-03-14T08:35:16Z,deploy,INFO,pipeline 98466 green
2026-03-14T08:35:17Z,payments,INFO,settlement batch 89507 queued
2026-03-14T08:35:25Z,postgres,INFO,autovacuum finished on table 84193
2026-03-14T08:35:36Z,payments,INFO,refund 72361 completed
2026-03-14T08:35:42Z,orders,INFO,order 22926 accepted
2026-03-14T08:35:43Z,billing,INFO,credit note 76305 issued
2026-03-14T08:35:44Z,search,INFO,index segment 96771 merged
2026-03-14T08:35:48Z,checkout,INFO,cart 2379 abandoned after 42ms
2026-03-14T08:35:54Z,payments,INFO,settlement batch 77026 queued
2026-03-14T08:36:00Z,orders,INFO,order 83472 dispatched in 181ms
2026-03-14T08:36:04Z,checkout,INFO,cart 17864 converted in 262ms
2026-03-14T08:36:08Z,checkout,INFO,session 1151 started
2026-03-14T08:36:09Z,billing,INFO,invoice 41984 rendered in 11ms
2026-03-14T08:36:14Z,search,INFO,index segment 2444 merged
2026-03-14T08:36:16Z,search,INFO,query 63569 served in 213ms
2026-03-14T08:36:17Z,postgres,INFO,connection 57123 authorised
2026-03-14T08:36:25Z,auth,INFO,logout for session 40639
2026-03-14T08:36:34Z,auth,INFO,logout for session 83915
2026-03-14T08:37:07Z,postgres,INFO,connection 19590 authorised
2026-03-14T08:37:08Z,auth,INFO,logout for session 10107
2026-03-14T08:37:35Z,payments,INFO,webhook 11219 acknowledged
2026-03-14T08:37:38Z,orders,INFO,inventory check 83424 passed
2026-03-14T08:37:45Z,search,INFO,"suggest cache warm, 20982 entries"
2026-03-14T08:37:49Z,postgres,INFO,replication lag 181ms
2026-03-14T08:37:55Z,billing,INFO,subscription 79330 renewed
2026-03-14T08:38:04Z,orders,INFO,order 61036 dispatched in 203ms
2026-03-14T08:38:04Z,search,INFO,"suggest cache warm, 37942 entries"
2026-03-14T08:38:06Z,billing,INFO,credit note 77371 issued
2026-03-14T08:38:15Z,billing,INFO,dunning run 17603 complete
2026-03-14T08:38:18Z,postgres,INFO,autovacuum finished on table 8581
2026-03-14T08:38:31Z,billing,INFO,invoice 5409 rendered in 43ms
2026-03-14T08:38:38Z,orders,INFO,order 20077 dispatched in 50ms
2026-03-14T08:38:38Z,payments,INFO,refund 36400 completed
2026-03-14T08:38:40Z,postgres,INFO,autovacuum finished on table 91553
2026-03-14T08:38:44Z,billing,INFO,credit note 96104 issued
2026-03-14T08:38:57Z,checkout,INFO,payment intent 53064 created
2026-03-14T08:39:02Z,auth,INFO,token issued for session 64705
2026-03-14T08:39:11Z,checkout,INFO,cart 68212 abandoned after 227ms
2026-03-14T08:39:12Z,auth,INFO,session 13230 refreshed
2026-03-14T08:39:19Z,checkout,INFO,cart 44611 abandoned after 296ms
2026-03-14T08:39:25Z,postgres,INFO,"checkpoint complete, 88119 buffers written"
2026-03-14T08:39:48Z,checkout,INFO,payment intent 73998 created
2026-03-14T08:39:56Z,orders,INFO,order 98124 invoiced
2026-03-14T08:40:00Z,checkout,ERROR,healthz timeout after 2000ms
2026-03-14T08:40:04Z,checkout,INFO,payment intent 77998 created
2026-03-14T08:40:06Z,checkout,ERROR,healthz timeout after 2000ms
2026-03-14T08:40:09Z,orders,INFO,order 63705 invoiced
2026-03-14T08:40:12Z,checkout,ERROR,healthz timeout after 2000ms
2026-03-14T08:40:18Z,auth,INFO,token issued for session 56302
2026-03-14T08:40:18Z,checkout,ERROR,healthz timeout after 2000ms
2026-03-14T08:40:21Z,billing,INFO,credit note 42115 issued
2026-03-14T08:40:24Z,checkout,INFO,cart 46236 abandoned after 179ms
2026-03-14T08:40:24Z,checkout,ERROR,healthz timeout after 2000ms
2026-03-14T08:40:28Z,auth,INFO,logout for session 76427
2026-03-14T08:40:30Z,checkout,ERROR,healthz timeout after 2000ms
2026-03-14T08:40:31Z,checkout,INFO,cart 56867 abandoned after 291ms
2026-03-14T08:40:31Z,postgres,INFO,autovacuum finished on table 49372
2026-03-14T08:40:31Z,search,INFO,query 8102 served in 31ms
2026-03-14T08:40:36Z,checkout,ERROR,healthz timeout after 2000ms
2026-03-14T08:40:42Z,checkout,ERROR,healthz timeout after 2000ms
2026-03-14T08:40:45Z,payments,INFO,webhook 83840 acknowledged
2026-03-14T08:40:48Z,checkout,ERROR,healthz timeout after 2000ms
2026-03-14T08:40:51Z,checkout,INFO,payment intent 2407 created
2026-03-14T08:40:54Z,checkout,ERROR,healthz timeout after 2000ms
2026-03-14T08:41:00Z,checkout,ERROR,healthz timeout after 2000ms
2026-03-14T08:41:01Z,search,INFO,query 28640 served in 238ms
2026-03-14T08:41:06Z,checkout,ERROR,healthz timeout after 2000ms
2026-03-14T08:41:11Z,payments,INFO,charge 77035 authorised in 193ms
2026-03-14T08:41:12Z,checkout,ERROR,healthz timeout after 2000ms
2026-03-14T08:41:18Z,checkout,ERROR,healthz timeout after 2000ms
2026-03-14T08:41:24Z,checkout,ERROR,healthz timeout after 2000ms
2026-03-14T08:41:30Z,checkout,ERROR,healthz timeout after 2000ms
2026-03-14T08:41:36Z,checkout,ERROR,healthz timeout after 2000ms
2026-03-14T08:41:42Z,checkout,ERROR,healthz timeout after 2000ms
2026-03-14T08:41:48Z,checkout,ERROR,healthz timeout after 2000ms
2026-03-14T08:41:54Z,checkout,ERROR,healthz timeout after 2000ms
2026-03-14T08:42:00Z,checkout,ERROR,healthz timeout after 2000ms
2026-03-14T08:42:06Z,checkout,ERROR,healthz timeout after 2000ms
2026-03-14T08:42:10Z,search,INFO,query 85809 served in 15ms
2026-03-14T08:42:12Z,checkout,ERROR,healthz timeout after 2000ms
2026-03-14T08:42:12Z,orders,INFO,order 31242 invoiced
2026-03-14T08:42:13Z,search,INFO,"suggest cache warm, 60150 entries"
2026-03-14T08:42:18Z,checkout,ERROR,healthz timeout after 2000ms
2026-03-14T08:42:24Z,checkout,ERROR,healthz timeout after 2000ms
2026-03-14T08:42:25Z,orders,INFO,inventory check 25839 passed
2026-03-14T08:42:28Z,auth,INFO,login succeeded in 43ms
2026-03-14T08:42:29Z,billing,INFO,dunning run 48643 complete
2026-03-14T08:42:30Z,checkout,ERROR,healthz timeout after 2000ms
2026-03-14T08:42:36Z,checkout,ERROR,healthz timeout after 2000ms
2026-03-14T08:42:42Z,checkout,ERROR,healthz timeout after 2000ms
2026-03-14T08:42:42Z,payments,INFO,settlement batch 87249 queued
2026-03-14T08:42:45Z,billing,INFO,subscription 21772 renewed
2026-03-14T08:42:48Z,checkout,ERROR,healthz timeout after 2000ms
2026-03-14T08:42:48Z,payments,INFO,charge 97693 authorised in 13ms
2026-03-14T08:42:54Z,checkout,ERROR,healthz timeout after 2000ms
2026-03-14T08:42:55Z,payments,INFO,charge 50859 authorised in 271ms
2026-03-14T08:43:00Z,auth,INFO,logout for session 10501
2026-03-14T08:43:00Z,auth,INFO,session 26807 refreshed
2026-03-14T08:43:00Z,checkout,ERROR,healthz timeout after 2000ms
2026-03-14T08:43:06Z,checkout,ERROR,healthz timeout after 2000ms
2026-03-14T08:43:10Z,orders,INFO,order 60460 invoiced
2026-03-14T08:43:10Z,search,INFO,index segment 80467 merged
2026-03-14T08:43:12Z,checkout,ERROR,healthz timeout after 2000ms
2026-03-14T08:43:13Z,auth,INFO,token issued for session 91825
2026-03-14T08:43:18Z,checkout,ERROR,healthz timeout after 2000ms
2026-03-14T08:43:24Z,billing,INFO,dunning run 93138 complete
2026-03-14T08:43:24Z,checkout,ERROR,healthz timeout after 2000ms
2026-03-14T08:43:30Z,checkout,ERROR,healthz timeout after 2000ms
2026-03-14T08:43:30Z,orders,INFO,inventory check 44087 passed
2026-03-14T08:43:30Z,postgres,INFO,autovacuum finished on table 61054
2026-03-14T08:43:34Z,postgres,INFO,connection 57862 authorised
2026-03-14T08:43:35Z,postgres,INFO,connection 96890 authorised
2026-03-14T08:43:36Z,checkout,ERROR,healthz timeout after 2000ms
2026-03-14T08:43:40Z,postgres,INFO,connection 90890 authorised
2026-03-14T08:43:42Z,checkout,ERROR,healthz timeout after 2000ms
2026-03-14T08:43:48Z,checkout,ERROR,healthz timeout after 2000ms
2026-03-14T08:43:54Z,checkout,ERROR,healthz timeout after 2000ms
2026-03-14T08:44:00Z,checkout,ERROR,healthz timeout after 2000ms
2026-03-14T08:44:04Z,postgres,INFO,replication lag 241ms
2026-03-14T08:44:04Z,search,INFO,query 29088 served in 221ms
2026-03-14T08:44:06Z,auth,INFO,logout for session 41519
2026-03-14T08:44:06Z,checkout,ERROR,healthz timeout after 2000ms
2026-03-14T08:44:10Z,postgres,INFO,replication lag 265ms
2026-03-14T08:44:12Z,checkout,ERROR,healthz timeout after 2000ms
2026-03-14T08:44:16Z,checkout,INFO,cart 30811 abandoned after 226ms
2026-03-14T08:44:18Z,checkout,ERROR,healthz timeout after 2000ms
2026-03-14T08:44:19Z,orders,INFO,inventory check 7167 passed
2026-03-14T08:44:22Z,checkout,INFO,cart 45358 converted in 30ms
2026-03-14T08:44:24Z,checkout,ERROR,healthz timeout after 2000ms
2026-03-14T08:44:25Z,billing,INFO,dunning run 24078 complete
2026-03-14T08:44:28Z,orders,INFO,inventory check 63510 passed
2026-03-14T08:44:30Z,checkout,ERROR,healthz timeout after 2000ms
2026-03-14T08:44:33Z,deploy,INFO,artefact 27786 published
2026-03-14T08:44:33Z,search,INFO,query 94464 served in 265ms
2026-03-14T08:44:36Z,checkout,ERROR,healthz timeout after 2000ms
2026-03-14T08:44:41Z,checkout,INFO,session 39677 started
2026-03-14T08:44:45Z,postgres,INFO,autovacuum finished on table 68526
2026-03-14T08:44:46Z,deploy,INFO,artefact 96795 published
2026-03-14T08:44:50Z,postgres,INFO,"checkpoint complete, 23263 buffers written"
2026-03-14T08:45:04Z,billing,INFO,dunning run 5924 complete
2026-03-14T08:45:05Z,auth,INFO,session 70169 refreshed
2026-03-14T08:45:05Z,postgres,INFO,"checkpoint complete, 99079 buffers written"
2026-03-14T08:45:12Z,auth,INFO,session 15025 refreshed
2026-03-14T08:45:14Z,auth,INFO,logout for session 47591
2026-03-14T08:45:25Z,deploy,INFO,pipeline 77369 green
2026-03-14T08:45:25Z,postgres,INFO,autovacuum finished on table 5236
2026-03-14T08:45:26Z,auth,INFO,token issued for session 69070
2026-03-14T08:45:30Z,billing,INFO,subscription 45121 renewed
2026-03-14T08:45:43Z,auth,INFO,login succeeded in 212ms
2026-03-14T08:45:45Z,checkout,INFO,session 92806 started
2026-03-14T08:45:50Z,search,INFO,query 75876 served in 266ms
2026-03-14T08:46:04Z,payments,INFO,charge 19489 authorised in 128ms
2026-03-14T08:46:15Z,billing,INFO,credit note 60353 issued
2026-03-14T08:46:25Z,checkout,INFO,cart 28127 abandoned after 193ms
2026-03-14T08:46:28Z,checkout,INFO,cart 12735 abandoned after 285ms
2026-03-14T08:46:36Z,checkout,INFO,cart 9831 abandoned after 53ms
2026-03-14T08:46:50Z,payments,INFO,settlement batch 56510 queued
2026-03-14T08:46:55Z,search,INFO,query 57080 served in 119ms
2026-03-14T08:47:07Z,payments,INFO,settlement batch 74530 queued
2026-03-14T08:47:12Z,checkout,INFO,payment intent 83742 created
2026-03-14T08:47:12Z,payments,INFO,charge 85251 authorised in 40ms
2026-03-14T08:47:18Z,search,INFO,query 75178 served in 219ms
2026-03-14T08:47:31Z,orders,INFO,order 57282 invoiced
2026-03-14T08:47:36Z,auth,INFO,login succeeded in 255ms
2026-03-14T08:47:39Z,search,INFO,query 75517 served in 305ms
2026-03-14T08:47:50Z,postgres,INFO,autovacuum finished on table 87930
2026-03-14T08:47:54Z,deploy,INFO,artefact 46487 published
2026-03-14T08:48:05Z,orders,INFO,inventory check 38930 passed
2026-03-14T08:48:15Z,payments,INFO,charge 41023 authorised in 181ms
2026-03-14T08:48:20Z,auth,INFO,login succeeded in 16ms
2026-03-14T08:48:23Z,billing,INFO,subscription 30370 renewed
2026-03-14T08:48:25Z,search,INFO,index segment 46955 merged
2026-03-14T08:48:26Z,checkout,INFO,payment intent 32003 created
2026-03-14T08:48:34Z,payments,INFO,charge 71906 authorised in 315ms
2026-03-14T08:48:35Z,orders,INFO,order 18434 invoiced
2026-03-14T08:48:40Z,orders,INFO,order 63355 accepted
2026-03-14T08:48:41Z,postgres,INFO,"checkpoint complete, 4674 buffers written"
2026-03-14T08:48:51Z,postgres,INFO,"checkpoint complete, 70430 buffers written"
2026-03-14T08:48:55Z,payments,INFO,charge 62031 authorised in 163ms
2026-03-14T08:48:56Z,payments,INFO,settlement batch 13503 queued
2026-03-14T08:48:57Z,postgres,INFO,"checkpoint complete, 94541 buffers written"
2026-03-14T08:48:58Z,auth,INFO,token issued for session 49412
2026-03-14T08:49:01Z,orders,INFO,inventory check 82099 passed
2026-03-14T08:49:01Z,payments,INFO,settlement batch 69777 queued
2026-03-14T08:49:11Z,billing,INFO,invoice 49209 rendered in 313ms
2026-03-14T08:49:16Z,billing,INFO,dunning run 96621 complete
2026-03-14T08:49:18Z,search,INFO,index segment 62327 merged
2026-03-14T08:49:20Z,billing,INFO,credit note 55850 issued
2026-03-14T08:49:34Z,postgres,INFO,"checkpoint complete, 43414 buffers written"
2026-03-14T08:49:42Z,billing,INFO,dunning run 94190 complete
2026-03-14T08:49:45Z,orders,INFO,inventory check 81706 passed
2026-03-14T08:50:00Z,search,ERROR,"upstream 429, backing off 1s"
2026-03-14T08:50:03Z,orders,INFO,inventory check 73326 passed
2026-03-14T08:50:06Z,orders,INFO,order 46439 dispatched in 214ms
2026-03-14T08:50:06Z,search,ERROR,"upstream 429, backing off 2s"
2026-03-14T08:50:12Z,orders,INFO,order 7579 dispatched in 38ms
2026-03-14T08:50:12Z,search,ERROR,"upstream 429, backing off 4s"
2026-03-14T08:50:16Z,billing,INFO,invoice 37967 rendered in 255ms
2026-03-14T08:50:16Z,orders,INFO,order 24001 dispatched in 188ms
2026-03-14T08:50:18Z,search,ERROR,"upstream 429, backing off 8s"
2026-03-14T08:50:21Z,search,INFO,query 2892 served in 286ms
2026-03-14T08:50:24Z,search,ERROR,"upstream 429, backing off 16s"
2026-03-14T08:50:30Z,search,ERROR,"upstream 429, backing off 32s"
2026-03-14T08:50:32Z,billing,INFO,credit note 69765 issued
2026-03-14T08:50:36Z,search,ERROR,"upstream 429, backing off 32s"
2026-03-14T08:50:40Z,search,INFO,"suggest cache warm, 62047 entries"
2026-03-14T08:50:42Z,search,ERROR,"upstream 429, backing off 32s"
2026-03-14T08:50:46Z,auth,INFO,logout for session 47455
2026-03-14T08:50:46Z,postgres,INFO,connection 88170 authorised
2026-03-14T08:50:48Z,search,ERROR,"upstream 429, backing off 32s"
2026-03-14T08:50:50Z,payments,INFO,refund 67442 completed
2026-03-14T08:50:52Z,checkout,INFO,cart 92755 converted in 238ms
2026-03-14T08:50:52Z,payments,INFO,charge 94869 authorised in 285ms
2026-03-14T08:50:54Z,search,ERROR,"upstream 429, backing off 32s"
2026-03-14T08:50:59Z,postgres,INFO,replication lag 147ms
2026-03-14T08:51:00Z,search,ERROR,"upstream 429, backing off 32s"
2026-03-14T08:51:02Z,billing,INFO,dunning run 47456 complete
2026-03-14T08:51:02Z,checkout,INFO,cart 92204 converted in 137ms
2026-03-14T08:51:06Z,search,ERROR,"upstream 429, backing off 32s"
2026-03-14T08:51:08Z,payments,INFO,refund 84221 completed
2026-03-14T08:51:10Z,search,INFO,query 89841 served in 101ms
2026-03-14T08:51:12Z,search,ERROR,"upstream 429, backing off 32s"
2026-03-14T08:51:18Z,search,ERROR,"upstream 429, backing off 32s"
2026-03-14T08:51:24Z,search,ERROR,"upstream 429, backing off 32s"
2026-03-14T08:51:26Z,postgres,INFO,replication lag 267ms
2026-03-14T08:51:30Z,search,ERROR,"upstream 429, backing off 32s"
2026-03-14T08:51:31Z,postgres,INFO,autovacuum finished on table 36271
2026-03-14T08:51:36Z,search,ERROR,"upstream 429, backing off 32s"
2026-03-14T08:51:40Z,payments,INFO,settlement batch 28064 queued
2026-03-14T08:51:42Z,search,ERROR,"upstream 429, backing off 32s"
2026-03-14T08:51:48Z,payments,INFO,webhook 2464 acknowledged
2026-03-14T08:51:48Z,search,ERROR,"upstream 429, backing off 32s"
2026-03-14T08:51:52Z,search,INFO,query 60798 served in 211ms
2026-03-14T08:51:54Z,postgres,INFO,"checkpoint complete, 19459 buffers written"
2026-03-14T08:51:54Z,search,ERROR,"upstream 429, backing off 32s"
2026-03-14T08:51:59Z,billing,INFO,invoice 46250 rendered in 188ms
2026-03-14T08:52:00Z,search,ERROR,"upstream 429, backing off 32s"
2026-03-14T08:52:06Z,checkout,INFO,session 80692 started
2026-03-14T08:52:06Z,search,ERROR,"upstream 429, backing off 32s"
2026-03-14T08:52:12Z,search,ERROR,"upstream 429, backing off 32s"
2026-03-14T08:52:18Z,search,ERROR,"upstream 429, backing off 32s"
2026-03-14T08:52:19Z,checkout,INFO,session 52296 started
2026-03-14T08:52:24Z,search,ERROR,"upstream 429, backing off 32s"
2026-03-14T08:52:30Z,auth,INFO,logout for session 63690
2026-03-14T08:52:30Z,search,ERROR,"upstream 429, backing off 32s"
2026-03-14T08:52:36Z,search,ERROR,"upstream 429, backing off 32s"
2026-03-14T08:52:39Z,search,INFO,index segment 26248 merged
2026-03-14T08:52:42Z,search,ERROR,"upstream 429, backing off 32s"
2026-03-14T08:52:47Z,orders,INFO,inventory check 74488 passed
2026-03-14T08:52:48Z,payments,INFO,refund 88279 completed
2026-03-14T08:52:48Z,search,ERROR,"upstream 429, backing off 32s"
2026-03-14T08:52:54Z,search,ERROR,"upstream 429, backing off 32s"
2026-03-14T08:52:55Z,auth,INFO,logout for session 23477
2026-03-14T08:53:00Z,search,ERROR,"upstream 429, backing off 32s"
2026-03-14T08:53:06Z,search,ERROR,"upstream 429, backing off 32s"
2026-03-14T08:53:12Z,search,ERROR,"upstream 429, backing off 32s"
2026-03-14T08:53:18Z,search,ERROR,"upstream 429, backing off 32s"
2026-03-14T08:53:24Z,search,ERROR,"upstream 429, backing off 32s"
2026-03-14T08:53:30Z,search,INFO,index segment 11964 merged
2026-03-14T08:53:30Z,search,ERROR,"upstream 429, backing off 32s"
2026-03-14T08:53:36Z,auth,INFO,token issued for session 7404
2026-03-14T08:53:36Z,search,ERROR,"upstream 429, backing off 32s"
2026-03-14T08:53:41Z,payments,INFO,settlement batch 42836 queued
2026-03-14T08:53:41Z,postgres,INFO,replication lag 4ms
2026-03-14T08:53:42Z,billing,INFO,dunning run 12306 complete
2026-03-14T08:53:42Z,orders,INFO,order 24548 invoiced
2026-03-14T08:53:42Z,search,ERROR,"upstream 429, backing off 32s"
2026-03-14T08:53:44Z,auth,INFO,token issued for session 99189
2026-03-14T08:53:48Z,search,ERROR,"upstream 429, backing off 32s"
2026-03-14T08:53:50Z,billing,INFO,credit note 59854 issued
2026-03-14T08:53:52Z,search,INFO,query 94852 served in 131ms
2026-03-14T08:53:53Z,payments,INFO,webhook 74031 acknowledged
2026-03-14T08:53:54Z,orders,INFO,order 40376 accepted
2026-03-14T08:53:54Z,search,ERROR,"upstream 429, backing off 32s"
2026-03-14T08:53:55Z,payments,INFO,settlement batch 65518 queued
2026-03-14T08:53:57Z,billing,INFO,subscription 26164 renewed
2026-03-14T08:54:00Z,search,ERROR,"upstream 429, backing off 32s"
2026-03-14T08:54:04Z,checkout,INFO,session 62628 started
2026-03-14T08:54:06Z,search,ERROR,"upstream 429, backing off 32s"
2026-03-14T08:54:12Z,search,ERROR,"upstream 429, backing off 32s"
2026-03-14T08:54:15Z,billing,INFO,subscription 61706 renewed
2026-03-14T08:54:18Z,search,ERROR,"upstream 429, backing off 32s"
2026-03-14T08:54:21Z,billing,INFO,invoice 95881 rendered in 95ms
2026-03-14T08:54:22Z,search,INFO,query 59483 served in 275ms
2026-03-14T08:54:24Z,search,ERROR,"upstream 429, backing off 32s"
2026-03-14T08:54:29Z,auth,INFO,session 34284 refreshed
2026-03-14T08:54:30Z,search,ERROR,"upstream 429, backing off 32s"
2026-03-14T08:54:36Z,search,ERROR,"upstream 429, backing off 32s"
2026-03-14T08:54:38Z,postgres,INFO,replication lag 317ms
2026-03-14T08:54:42Z,search,ERROR,"upstream 429, backing off 32s"
2026-03-14T08:54:47Z,checkout,INFO,payment intent 61889 created
2026-03-14T08:54:53Z,postgres,INFO,connection 68686 authorised
2026-03-14T08:54:54Z,orders,INFO,order 81199 invoiced
2026-03-14T08:55:00Z,billing,INFO,credit note 73991 issued
2026-03-14T08:55:00Z,search,ERROR,"upstream 429, backing off 1s"
2026-03-14T08:55:02Z,auth,INFO,logout for session 36722
2026-03-14T08:55:05Z,auth,INFO,logout for session 26086
2026-03-14T08:55:06Z,search,ERROR,"upstream 429, backing off 2s"
2026-03-14T08:55:12Z,search,ERROR,"upstream 429, backing off 4s"
2026-03-14T08:55:14Z,postgres,INFO,"checkpoint complete, 98589 buffers written"
2026-03-14T08:55:18Z,search,ERROR,"upstream 429, backing off 8s"
2026-03-14T08:55:24Z,search,ERROR,"upstream 429, backing off 16s"
2026-03-14T08:55:30Z,search,ERROR,"upstream 429, backing off 32s"
2026-03-14T08:55:36Z,search,ERROR,"upstream 429, backing off 32s"
2026-03-14T08:55:42Z,search,ERROR,"upstream 429, backing off 32s"
2026-03-14T08:55:48Z,search,ERROR,"upstream 429, backing off 32s"
2026-03-14T08:55:50Z,payments,INFO,webhook 8299 acknowledged
2026-03-14T08:55:51Z,payments,INFO,webhook 25348 acknowledged
2026-03-14T08:55:54Z,billing,INFO,dunning run 58543 complete
2026-03-14T08:55:54Z,search,ERROR,"upstream 429, backing off 32s"
2026-03-14T08:56:00Z,search,ERROR,"upstream 429, backing off 32s"
2026-03-14T08:56:01Z,payments,INFO,charge 79545 authorised in 289ms
2026-03-14T08:56:01Z,payments,INFO,charge 94484 authorised in 238ms
2026-03-14T08:56:03Z,checkout,INFO,payment intent 44608 created
2026-03-14T08:56:05Z,search,INFO,index segment 15408 merged
2026-03-14T08:56:06Z,search,ERROR,"upstream 429, backing off 32s"
2026-03-14T08:56:07Z,payments,INFO,settlement batch 8323 queued
2026-03-14T08:56:12Z,auth,INFO,logout for session 86866
2026-03-14T08:56:12Z,search,ERROR,"upstream 429, backing off 32s"
2026-03-14T08:56:18Z,search,ERROR,"upstream 429, backing off 32s"
2026-03-14T08:56:19Z,search,INFO,"suggest cache warm, 74282 entries"
2026-03-14T08:56:24Z,search,ERROR,"upstream 429, backing off 32s"
2026-03-14T08:56:27Z,checkout,INFO,payment intent 40412 created
2026-03-14T08:56:30Z,checkout,INFO,payment intent 53238 created
2026-03-14T08:56:30Z,search,ERROR,"upstream 429, backing off 32s"
2026-03-14T08:56:36Z,search,ERROR,"upstream 429, backing off 32s"
2026-03-14T08:56:42Z,billing,INFO,invoice 61650 rendered in 134ms
2026-03-14T08:56:42Z,search,ERROR,"upstream 429, backing off 32s"
2026-03-14T08:56:43Z,billing,INFO,credit note 4304 issued
2026-03-14T08:56:48Z,postgres,INFO,connection 95331 authorised
2026-03-14T08:56:48Z,search,ERROR,"upstream 429, backing off 32s"
2026-03-14T08:56:54Z,search,ERROR,"upstream 429, backing off 32s"
2026-03-14T08:57:00Z,search,ERROR,"upstream 429, backing off 32s"
2026-03-14T08:57:03Z,auth,INFO,logout for session 77151
2026-03-14T08:57:06Z,search,ERROR,"upstream 429, backing off 32s"
2026-03-14T08:57:07Z,billing,INFO,dunning run 22047 complete
2026-03-14T08:57:12Z,search,ERROR,"upstream 429, backing off 32s"
2026-03-14T08:57:18Z,search,ERROR,"upstream 429, backing off 32s"
2026-03-14T08:57:24Z,search,ERROR,"upstream 429, backing off 32s"
2026-03-14T08:57:30Z,search,ERROR,"upstream 429, backing off 32s"
2026-03-14T08:57:35Z,orders,INFO,order 53559 accepted
2026-03-14T08:57:36Z,search,ERROR,"upstream 429, backing off 32s"
2026-03-14T08:57:42Z,search,ERROR,"upstream 429, backing off 32s"
2026-03-14T08:57:45Z,auth,INFO,session 26914 refreshed
2026-03-14T08:57:48Z,search,ERROR,"upstream 429, backing off 32s"
2026-03-14T08:57:54Z,search,ERROR,"upstream 429, backing off 32s"
2026-03-14T08:58:00Z,search,ERROR,"upstream 429, backing off 32s"
2026-03-14T08:58:02Z,checkout,INFO,payment intent 21287 created
2026-03-14T08:58:05Z,auth,INFO,login succeeded in 304ms
2026-03-14T08:58:05Z,payments,INFO,charge 29102 authorised in 35ms
2026-03-14T08:58:06Z,search,ERROR,"upstream 429, backing off 32s"
2026-03-14T08:58:11Z,search,INFO,index segment 63665 merged
2026-03-14T08:58:12Z,search,ERROR,"upstream 429, backing off 32s"
2026-03-14T08:58:13Z,billing,INFO,invoice 41060 rendered in 177ms
2026-03-14T08:58:18Z,search,ERROR,"upstream 429, backing off 32s"
2026-03-14T08:58:24Z,payments,INFO,settlement batch 57048 queued
2026-03-14T08:58:24Z,search,ERROR,"upstream 429, backing off 32s"
2026-03-14T08:58:30Z,search,ERROR,"upstream 429, backing off 32s"
2026-03-14T08:58:36Z,postgres,INFO,autovacuum finished on table 29311
2026-03-14T08:58:36Z,search,ERROR,"upstream 429, backing off 32s"
2026-03-14T08:58:42Z,search,ERROR,"upstream 429, backing off 32s"
2026-03-14T08:58:43Z,postgres,INFO,autovacuum finished on table 66407
2026-03-14T08:58:43Z,search,INFO,query 20220 served in 211ms
2026-03-14T08:58:45Z,postgres,INFO,connection 51943 authorised
2026-03-14T08:58:48Z,search,ERROR,"upstream 429, backing off 32s"
2026-03-14T08:58:50Z,postgres,INFO,autovacuum finished on table 40010
2026-03-14T08:58:54Z,orders,INFO,order 87389 accepted
2026-03-14T08:58:54Z,search,ERROR,"upstream 429, backing off 32s"
2026-03-14T08:59:00Z,postgres,INFO,autovacuum finished on table 48693
2026-03-14T08:59:00Z,search,INFO,"recovered after 96 attempts, upstream healthy"
2026-03-14T08:59:00Z,search,ERROR,"upstream 429, backing off 32s"
2026-03-14T08:59:06Z,search,ERROR,"upstream 429, backing off 32s"
2026-03-14T08:59:09Z,orders,INFO,order 52195 accepted
2026-03-14T08:59:11Z,auth,INFO,logout for session 87573
2026-03-14T08:59:12Z,payments,INFO,settlement batch 95136 queued
2026-03-14T08:59:12Z,search,ERROR,"upstream 429, backing off 32s"
2026-03-14T08:59:15Z,orders,INFO,order 24103 dispatched in 205ms
2026-03-14T08:59:18Z,orders,INFO,order 74434 dispatched in 262ms
2026-03-14T08:59:18Z,search,ERROR,"upstream 429, backing off 32s"
2026-03-14T08:59:22Z,postgres,INFO,autovacuum finished on table 88636
2026-03-14T08:59:24Z,search,INFO,query 90858 served in 109ms
2026-03-14T08:59:24Z,search,ERROR,"upstream 429, backing off 32s"
2026-03-14T08:59:30Z,checkout,INFO,session 22742 started
2026-03-14T08:59:30Z,search,ERROR,"upstream 429, backing off 32s"
2026-03-14T08:59:35Z,orders,INFO,order 17617 dispatched in 151ms
2026-03-14T08:59:36Z,search,ERROR,"upstream 429, backing off 32s"
2026-03-14T08:59:37Z,orders,INFO,order 66706 dispatched in 230ms
2026-03-14T08:59:42Z,billing,INFO,credit note 33285 issued
2026-03-14T08:59:42Z,search,ERROR,"upstream 429, backing off 32s"
2026-03-14T08:59:43Z,orders,INFO,order 72225 invoiced
2026-03-14T09:00:03Z,billing,INFO,subscription 12039 renewed
2026-03-14T09:00:07Z,checkout,INFO,cart 27948 converted in 313ms
2026-03-14T09:00:17Z,billing,INFO,invoice 84386 rendered in 15ms
2026-03-14T09:00:32Z,postgres,INFO,replication lag 224ms
2026-03-14T09:00:33Z,billing,INFO,invoice 19654 rendered in 294ms
2026-03-14T09:00:36Z,deploy,INFO,canary 54745 healthy
2026-03-14T09:00:37Z,deploy,INFO,artefact 8643 published
2026-03-14T09:00:38Z,orders,INFO,order 67789 invoiced
2026-03-14T09:00:43Z,checkout,INFO,cart 48787 converted in 123ms
2026-03-14T09:00:44Z,postgres,INFO,replication lag 319ms
2026-03-14T09:00:52Z,search,INFO,index segment 50230 merged
2026-03-14T09:00:57Z,payments,INFO,charge 55870 authorised in 9ms
2026-03-14T09:01:08Z,auth,INFO,token issued for session 72475
2026-03-14T09:01:08Z,postgres,INFO,replication lag 232ms
2026-03-14T09:01:10Z,orders,INFO,order 68411 accepted
2026-03-14T09:01:22Z,auth,INFO,token issued for session 9948
2026-03-14T09:01:27Z,orders,INFO,order 67595 invoiced
2026-03-14T09:01:27Z,search,INFO,index segment 61021 merged
2026-03-14T09:01:32Z,auth,INFO,login succeeded in 257ms
2026-03-14T09:01:36Z,auth,INFO,token issued for session 68935
2026-03-14T09:01:43Z,checkout,INFO,session 76076 started
2026-03-14T09:01:58Z,postgres,INFO,connection 25137 authorised
2026-03-14T09:02:00Z,auth,INFO,logout for session 84071
2026-03-14T09:02:00Z,billing,INFO,credit note 95523 issued
2026-03-14T09:02:05Z,payments,INFO,refund 45636 completed
2026-03-14T09:02:09Z,orders,INFO,order 70535 dispatched in 121ms
2026-03-14T09:02:09Z,payments,INFO,settlement batch 73380 queued
2026-03-14T09:02:12Z,search,INFO,index segment 51024 merged
2026-03-14T09:02:20Z,billing,INFO,dunning run 87023 complete
2026-03-14T09:02:21Z,postgres,INFO,"checkpoint complete, 87459 buffers written"
2026-03-14T09:02:38Z,billing,INFO,credit note 12670 issued
2026-03-14T09:02:41Z,checkout,INFO,cart 94134 converted in 72ms
2026-03-14T09:02:50Z,billing,INFO,invoice 96211 rendered in 284ms
2026-03-14T09:02:51Z,auth,INFO,login succeeded in 77ms
2026-03-14T09:02:57Z,billing,INFO,credit note 85434 issued
2026-03-14T09:03:02Z,payments,INFO,refund 68138 completed
2026-03-14T09:03:08Z,checkout,INFO,payment intent 86570 created
2026-03-14T09:03:36Z,payments,INFO,refund 75609 completed
2026-03-14T09:03:42Z,search,INFO,"suggest cache warm, 6704 entries"
2026-03-14T09:03:45Z,payments,INFO,webhook 82598 acknowledged
2026-03-14T09:04:02Z,checkout,INFO,session 44006 started
2026-03-14T09:04:08Z,postgres,INFO,replication lag 87ms
2026-03-14T09:04:18Z,postgres,INFO,autovacuum finished on table 43071
2026-03-14T09:04:24Z,auth,INFO,token issued for session 59608
2026-03-14T09:04:30Z,orders,INFO,order 48746 invoiced
2026-03-14T09:04:32Z,orders,INFO,order 34426 dispatched in 158ms
2026-03-14T09:04:33Z,orders,INFO,order 5975 dispatched in 41ms
2026-03-14T09:04:37Z,checkout,INFO,cart 82466 converted in 190ms
2026-03-14T09:04:46Z,auth,INFO,logout for session 80551
2026-03-14T09:04:52Z,billing,INFO,subscription 25539 renewed
2026-03-14T09:04:54Z,search,INFO,index segment 41264 merged
2026-03-14T09:05:04Z,billing,INFO,subscription 22147 renewed
2026-03-14T09:05:05Z,billing,INFO,dunning run 31797 complete
2026-03-14T09:05:07Z,checkout,INFO,cart 77650 abandoned after 144ms
2026-03-14T09:05:21Z,auth,INFO,logout for session 53419
2026-03-14T09:05:30Z,auth,INFO,logout for session 8009
2026-03-14T09:05:36Z,auth,INFO,login succeeded in 260ms
2026-03-14T09:05:37Z,auth,INFO,login succeeded in 207ms
2026-03-14T09:05:40Z,payments,WARN,"retrying webhook 84280, attempt 2"
2026-03-14T09:05:42Z,search,INFO,query 14536 served in 183ms
2026-03-14T09:05:44Z,payments,INFO,refund 87897 completed
2026-03-14T09:05:44Z,payments,INFO,settlement batch 35862 queued
2026-03-14T09:05:54Z,postgres,INFO,replication lag 268ms
2026-03-14T09:06:04Z,orders,INFO,order 50763 invoiced
2026-03-14T09:06:04Z,search,INFO,query 68623 served in 279ms
2026-03-14T09:06:27Z,postgres,INFO,autovacuum finished on table 59617
2026-03-14T09:06:39Z,postgres,INFO,"checkpoint complete, 81559 buffers written"
2026-03-14T09:06:41Z,postgres,INFO,connection 29825 authorised
2026-03-14T09:06:47Z,postgres,INFO,"checkpoint complete, 43544 buffers written"
2026-03-14T09:06:52Z,checkout,INFO,cart 93506 converted in 118ms
2026-03-14T09:07:01Z,payments,INFO,refund 6774 completed
2026-03-14T09:07:04Z,postgres,INFO,"checkpoint complete, 9006 buffers written"
2026-03-14T09:07:07Z,search,INFO,query 36688 served in 77ms
2026-03-14T09:07:09Z,postgres,INFO,autovacuum finished on table 69097
2026-03-14T09:07:11Z,postgres,INFO,connection 77264 authorised
2026-03-14T09:07:12Z,payments,INFO,charge 62953 authorised in 165ms
2026-03-14T09:07:17Z,deploy,INFO,pipeline 88695 green
2026-03-14T09:07:20Z,billing,INFO,subscription 87905 renewed
2026-03-14T09:07:21Z,auth,INFO,login succeeded in 180ms
2026-03-14T09:07:27Z,deploy,INFO,pipeline 19553 green
2026-03-14T09:07:44Z,search,INFO,index segment 53788 merged
2026-03-14T09:07:46Z,payments,INFO,settlement batch 63750 queued
2026-03-14T09:07:47Z,payments,INFO,refund 70131 completed
2026-03-14T09:07:53Z,billing,INFO,dunning run 55767 complete
2026-03-14T09:08:00Z,checkout,INFO,cart 91642 converted in 4ms
2026-03-14T09:08:23Z,payments,INFO,refund 47935 completed
2026-03-14T09:08:27Z,payments,INFO,webhook 52035 acknowledged
2026-03-14T09:08:31Z,postgres,INFO,replication lag 249ms
2026-03-14T09:08:35Z,orders,INFO,inventory check 69754 passed
2026-03-14T09:08:36Z,search,INFO,index segment 31243 merged
2026-03-14T09:08:38Z,orders,INFO,inventory check 33342 passed
2026-03-14T09:08:39Z,checkout,INFO,cart 99624 abandoned after 26ms
2026-03-14T09:08:41Z,checkout,INFO,cart 96291 converted in 245ms
2026-03-14T09:08:54Z,orders,INFO,inventory check 93478 passed
2026-03-14T09:08:55Z,search,INFO,query 78171 served in 212ms
2026-03-14T09:09:10Z,billing,INFO,subscription 44694 renewed
2026-03-14T09:09:19Z,orders,INFO,order 70111 dispatched in 19ms
2026-03-14T09:09:21Z,auth,INFO,session 29608 refreshed
2026-03-14T09:09:31Z,billing,INFO,invoice 27763 rendered in 254ms
2026-03-14T09:09:59Z,payments,INFO,webhook 19068 acknowledged
2026-03-14T09:10:04Z,auth,INFO,login succeeded in 126ms
2026-03-14T09:10:05Z,postgres,INFO,autovacuum finished on table 75193
2026-03-14T09:10:10Z,search,INFO,"suggest cache warm, 78023 entries"
2026-03-14T09:10:17Z,checkout,INFO,session 86466 started
2026-03-14T09:10:41Z,postgres,INFO,autovacuum finished on table 17767
2026-03-14T09:10:44Z,auth,INFO,session 5226 refreshed
2026-03-14T09:10:53Z,auth,INFO,logout for session 18533
2026-03-14T09:10:54Z,search,INFO,index segment 66769 merged
2026-03-14T09:11:02Z,search,INFO,index segment 7497 merged
2026-03-14T09:11:19Z,auth,INFO,login succeeded in 194ms
2026-03-14T09:11:22Z,payments,INFO,webhook 45082 acknowledged
2026-03-14T09:11:41Z,deploy,INFO,pipeline 79368 green
2026-03-14T09:11:52Z,search,INFO,query 22962 served in 198ms
2026-03-14T09:11:54Z,checkout,INFO,payment intent 34048 created
2026-03-14T09:11:54Z,orders,INFO,order 49361 accepted
2026-03-14T09:12:01Z,billing,INFO,invoice 26470 rendered in 241ms
2026-03-14T09:12:05Z,auth,INFO,logout for session 88823
2026-03-14T09:12:19Z,search,INFO,index segment 27298 merged
2026-03-14T09:12:22Z,postgres,INFO,connection 5678 authorised
2026-03-14T09:12:40Z,orders,INFO,order 65453 accepted
2026-03-14T09:12:45Z,orders,INFO,order 16305 accepted
2026-03-14T09:12:46Z,checkout,INFO,session 53895 started
2026-03-14T09:12:46Z,payments,INFO,charge 39695 authorised in 130ms
2026-03-14T09:12:55Z,billing,INFO,subscription 33795 renewed
2026-03-14T09:12:55Z,checkout,INFO,cart 42005 converted in 191ms
2026-03-14T09:12:59Z,orders,INFO,order 25142 invoiced
2026-03-14T09:13:04Z,postgres,INFO,"checkpoint complete, 79268 buffers written"
2026-03-14T09:13:08Z,billing,INFO,invoice 2982 rendered in 89ms
2026-03-14T09:13:19Z,orders,INFO,order 53238 dispatched in 296ms
2026-03-14T09:13:25Z,search,INFO,query 97150 served in 48ms
2026-03-14T09:13:26Z,search,INFO,index segment 27587 merged
2026-03-14T09:13:31Z,orders,INFO,order 46630 dispatched in 157ms
2026-03-14T09:13:35Z,checkout,INFO,payment intent 75511 created
2026-03-14T09:13:37Z,payments,INFO,settlement batch 8187 queued
2026-03-14T09:13:41Z,payments,INFO,webhook 41650 acknowledged
2026-03-14T09:13:52Z,search,INFO,query 95096 served in 109ms
2026-03-14T09:13:58Z,search,INFO,"suggest cache warm, 67100 entries"
2026-03-14T09:14:04Z,billing,INFO,subscription 84540 renewed
2026-03-14T09:14:05Z,payments,INFO,webhook 56489 acknowledged
2026-03-14T09:14:14Z,auth,INFO,logout for session 1112
2026-03-14T09:14:14Z,payments,INFO,settlement batch 15304 queued
2026-03-14T09:14:17Z,auth,INFO,session 70585 refreshed
2026-03-14T09:14:17Z,checkout,INFO,payment intent 71495 created
2026-03-14T09:14:20Z,billing,INFO,subscription 95436 renewed
2026-03-14T09:14:25Z,auth,INFO,logout for session 82599
2026-03-14T09:14:25Z,billing,INFO,credit note 85581 issued
2026-03-14T09:14:25Z,billing,INFO,subscription 25377 renewed
2026-03-14T09:14:42Z,checkout,INFO,cart 33658 abandoned after 151ms
2026-03-14T09:14:45Z,payments,INFO,webhook 41878 acknowledged
2026-03-14T09:14:55Z,payments,INFO,charge 61056 authorised in 228ms
2026-03-14T09:14:59Z,postgres,INFO,replication lag 290ms
2026-03-14T09:15:00Z,checkout,ERROR,healthz timeout after 2000ms
2026-03-14T09:15:00Z,search,INFO,index segment 31853 merged
2026-03-14T09:15:01Z,postgres,INFO,replication lag 163ms
2026-03-14T09:15:06Z,checkout,ERROR,healthz timeout after 2000ms
2026-03-14T09:15:12Z,checkout,ERROR,healthz timeout after 2000ms
2026-03-14T09:15:13Z,postgres,INFO,autovacuum finished on table 79722
2026-03-14T09:15:17Z,checkout,INFO,session 11081 started
2026-03-14T09:15:18Z,checkout,ERROR,healthz timeout after 2000ms
2026-03-14T09:15:19Z,auth,INFO,token issued for session 62741
2026-03-14T09:15:24Z,checkout,ERROR,healthz timeout after 2000ms
2026-03-14T09:15:29Z,billing,INFO,dunning run 36245 complete
2026-03-14T09:15:30Z,checkout,ERROR,healthz timeout after 2000ms
2026-03-14T09:15:32Z,checkout,INFO,cart 82045 abandoned after 192ms
2026-03-14T09:15:33Z,postgres,INFO,"checkpoint complete, 42886 buffers written"
2026-03-14T09:15:36Z,checkout,ERROR,healthz timeout after 2000ms
2026-03-14T09:15:37Z,billing,INFO,subscription 54059 renewed
2026-03-14T09:15:38Z,postgres,INFO,"checkpoint complete, 68181 buffers written"
2026-03-14T09:15:41Z,orders,INFO,order 5922 dispatched in 41ms
2026-03-14T09:15:42Z,checkout,ERROR,healthz timeout after 2000ms
2026-03-14T09:15:48Z,checkout,ERROR,healthz timeout after 2000ms
2026-03-14T09:15:49Z,auth,INFO,login succeeded in 248ms
2026-03-14T09:15:54Z,checkout,ERROR,healthz timeout after 2000ms
2026-03-14T09:15:57Z,payments,INFO,settlement batch 62397 queued
2026-03-14T09:15:57Z,search,INFO,query 73651 served in 265ms
2026-03-14T09:16:00Z,checkout,ERROR,healthz timeout after 2000ms
2026-03-14T09:16:06Z,checkout,ERROR,healthz timeout after 2000ms
2026-03-14T09:16:11Z,checkout,INFO,session 77547 started
2026-03-14T09:16:11Z,payments,INFO,webhook 66263 acknowledged
2026-03-14T09:16:12Z,checkout,ERROR,healthz timeout after 2000ms
2026-03-14T09:16:18Z,checkout,ERROR,healthz timeout after 2000ms
2026-03-14T09:16:21Z,auth,INFO,login succeeded in 173ms
2026-03-14T09:16:21Z,payments,INFO,settlement batch 6963 queued
2026-03-14T09:16:23Z,search,INFO,index segment 29561 merged
2026-03-14T09:16:24Z,checkout,ERROR,healthz timeout after 2000ms
2026-03-14T09:16:28Z,billing,INFO,dunning run 51958 complete
2026-03-14T09:16:30Z,checkout,ERROR,healthz timeout after 2000ms
2026-03-14T09:16:33Z,auth,INFO,login succeeded in 265ms
2026-03-14T09:16:36Z,checkout,ERROR,healthz timeout after 2000ms
2026-03-14T09:16:38Z,orders,INFO,order 89425 dispatched in 186ms
2026-03-14T09:16:39Z,search,INFO,query 72425 served in 320ms
2026-03-14T09:16:42Z,checkout,ERROR,healthz timeout after 2000ms
2026-03-14T09:16:46Z,checkout,INFO,cart 88623 abandoned after 36ms
2026-03-14T09:16:47Z,billing,INFO,invoice 31186 rendered in 29ms
2026-03-14T09:16:48Z,checkout,ERROR,healthz timeout after 2000ms
2026-03-14T09:16:48Z,checkout,INFO,payment intent 55111 created
2026-03-14T09:16:53Z,payments,INFO,charge 72227 authorised in 168ms
2026-03-14T09:16:54Z,checkout,ERROR,healthz timeout after 2000ms
2026-03-14T09:17:00Z,checkout,ERROR,healthz timeout after 2000ms
2026-03-14T09:17:02Z,checkout,INFO,payment intent 27769 created
2026-03-14T09:17:06Z,checkout,ERROR,healthz timeout after 2000ms
2026-03-14T09:17:12Z,checkout,ERROR,healthz timeout after 2000ms
2026-03-14T09:17:15Z,postgres,INFO,autovacuum finished on table 44864
2026-03-14T09:17:16Z,postgres,INFO,"checkpoint complete, 45810 buffers written"
2026-03-14T09:17:18Z,checkout,ERROR,healthz timeout after 2000ms
2026-03-14T09:17:23Z,auth,INFO,session 71278 refreshed
2026-03-14T09:17:23Z,orders,INFO,order 57557 invoiced
2026-03-14T09:17:24Z,checkout,ERROR,healthz timeout after 2000ms
2026-03-14T09:17:26Z,search,INFO,query 46768 served in 43ms
2026-03-14T09:17:30Z,checkout,ERROR,healthz timeout after 2000ms
2026-03-14T09:17:36Z,checkout,ERROR,healthz timeout after 2000ms
2026-03-14T09:17:42Z,checkout,ERROR,healthz timeout after 2000ms
2026-03-14T09:17:47Z,orders,INFO,order 25330 dispatched in 315ms
2026-03-14T09:17:48Z,checkout,ERROR,healthz timeout after 2000ms
2026-03-14T09:17:49Z,postgres,INFO,"checkpoint complete, 3673 buffers written"
2026-03-14T09:17:54Z,checkout,ERROR,healthz timeout after 2000ms
2026-03-14T09:17:57Z,billing,INFO,dunning run 73678 complete
2026-03-14T09:18:00Z,checkout,ERROR,healthz timeout after 2000ms
2026-03-14T09:18:06Z,checkout,ERROR,healthz timeout after 2000ms
2026-03-14T09:18:11Z,postgres,INFO,connection 52486 authorised
2026-03-14T09:18:12Z,checkout,ERROR,healthz timeout after 2000ms
2026-03-14T09:18:15Z,orders,INFO,order 78342 invoiced
2026-03-14T09:18:18Z,checkout,ERROR,healthz timeout after 2000ms
2026-03-14T09:18:19Z,payments,INFO,charge 11729 authorised in 283ms
2026-03-14T09:18:24Z,checkout,ERROR,healthz timeout after 2000ms
2026-03-14T09:18:24Z,payments,INFO,settlement batch 47027 queued
2026-03-14T09:18:26Z,payments,INFO,settlement batch 82745 queued
2026-03-14T09:18:30Z,checkout,ERROR,healthz timeout after 2000ms
2026-03-14T09:18:36Z,checkout,ERROR,healthz timeout after 2000ms
2026-03-14T09:18:38Z,payments,INFO,settlement batch 39014 queued
2026-03-14T09:18:42Z,checkout,ERROR,healthz timeout after 2000ms
2026-03-14T09:18:44Z,auth,INFO,logout for session 66842
2026-03-14T09:18:44Z,checkout,INFO,cart 44292 converted in 267ms
2026-03-14T09:18:45Z,billing,INFO,invoice 33695 rendered in 262ms
2026-03-14T09:18:46Z,payments,INFO,settlement batch 46982 queued
2026-03-14T09:18:46Z,search,INFO,query 91429 served in 209ms
2026-03-14T09:18:47Z,postgres,INFO,replication lag 281ms
2026-03-14T09:18:48Z,checkout,ERROR,healthz timeout after 2000ms
2026-03-14T09:18:50Z,billing,INFO,subscription 46241 renewed
2026-03-14T09:18:51Z,deploy,INFO,canary 82402 healthy
2026-03-14T09:18:54Z,checkout,ERROR,healthz timeout after 2000ms
2026-03-14T09:19:00Z,checkout,ERROR,healthz timeout after 2000ms
2026-03-14T09:19:05Z,auth,INFO,token issued for session 79765
2026-03-14T09:19:06Z,checkout,ERROR,healthz timeout after 2000ms
2026-03-14T09:19:11Z,orders,INFO,order 71189 dispatched in 216ms
2026-03-14T09:19:12Z,checkout,ERROR,healthz timeout after 2000ms
2026-03-14T09:19:16Z,checkout,INFO,cart 76106 abandoned after 137ms
2026-03-14T09:19:18Z,checkout,ERROR,healthz timeout after 2000ms
2026-03-14T09:19:21Z,auth,INFO,session 73016 refreshed
2026-03-14T09:19:24Z,checkout,ERROR,healthz timeout after 2000ms
2026-03-14T09:19:29Z,search,INFO,"suggest cache warm, 8194 entries"
2026-03-14T09:19:30Z,checkout,ERROR,healthz timeout after 2000ms
2026-03-14T09:19:31Z,auth,INFO,logout for session 2868
2026-03-14T09:19:36Z,checkout,ERROR,healthz timeout after 2000ms
2026-03-14T09:19:46Z,billing,INFO,subscription 52858 renewed
2026-03-14T09:19:51Z,billing,INFO,subscription 89197 renewed
2026-03-14T09:20:07Z,orders,INFO,inventory check 95315 passed
2026-03-14T09:20:13Z,orders,INFO,order 24105 dispatched in 34ms
2026-03-14T09:20:17Z,checkout,INFO,payment intent 40677 created
2026-03-14T09:20:20Z,billing,INFO,invoice 47587 rendered in 213ms
2026-03-14T09:20:39Z,search,INFO,query 34402 served in 6ms
2026-03-14T09:20:42Z,auth,INFO,logout for session 3483
2026-03-14T09:20:58Z,billing,INFO,subscription 19277 renewed
2026-03-14T09:21:05Z,postgres,INFO,autovacuum finished on table 92393
2026-03-14T09:21:13Z,search,INFO,index segment 10273 merged
2026-03-14T09:21:16Z,search,INFO,index segment 97942 merged
2026-03-14T09:21:23Z,checkout,INFO,payment intent 27771 created
2026-03-14T09:21:32Z,auth,INFO,session 63389 refreshed
2026-03-14T09:21:37Z,billing,INFO,credit note 50780 issued
2026-03-14T09:21:38Z,checkout,INFO,cart 90810 abandoned after 175ms
2026-03-14T09:21:52Z,postgres,INFO,replication lag 258ms
2026-03-14T09:21:53Z,checkout,INFO,cart 83002 abandoned after 68ms
2026-03-14T09:21:57Z,payments,INFO,charge 85255 authorised in 279ms
2026-03-14T09:21:58Z,checkout,INFO,cart 75198 converted in 35ms
2026-03-14T09:21:58Z,postgres,INFO,connection 22202 authorised
2026-03-14T09:22:01Z,orders,INFO,order 30168 invoiced
2026-03-14T09:22:08Z,orders,INFO,order 31015 dispatched in 105ms
2026-03-14T09:22:13Z,billing,INFO,dunning run 50992 complete
2026-03-14T09:22:13Z,billing,INFO,subscription 14598 renewed
2026-03-14T09:22:23Z,search,INFO,index segment 3580 merged
2026-03-14T09:22:25Z,payments,INFO,refund 57204 completed
2026-03-14T09:22:34Z,checkout,INFO,payment intent 56465 created
2026-03-14T09:22:41Z,orders,INFO,order 91165 dispatched in 11ms
2026-03-14T09:22:49Z,orders,INFO,order 33840 accepted
2026-03-14T09:23:08Z,auth,INFO,session 28117 refreshed
2026-03-14T09:23:11Z,search,INFO,query 94994 served in 114ms
2026-03-14T09:23:12Z,auth,INFO,session 82029 refreshed
2026-03-14T09:23:14Z,orders,INFO,order 46164 dispatched in 229ms
2026-03-14T09:23:19Z,auth,INFO,token issued for session 89015
2026-03-14T09:23:29Z,auth,INFO,login succeeded in 293ms
2026-03-14T09:23:32Z,search,INFO,index segment 62070 merged
2026-03-14T09:23:44Z,auth,INFO,login succeeded in 263ms
2026-03-14T09:23:58Z,payments,INFO,webhook 76507 acknowledged
2026-03-14T09:24:01Z,payments,INFO,charge 82938 authorised in 51ms
2026-03-14T09:24:15Z,payments,INFO,settlement batch 51294 queued
2026-03-14T09:24:18Z,orders,INFO,order 64000 accepted
2026-03-14T09:24:21Z,billing,INFO,invoice 96702 rendered in 48ms
2026-03-14T09:24:23Z,postgres,INFO,replication lag 75ms
2026-03-14T09:24:33Z,auth,INFO,login succeeded in 8ms
2026-03-14T09:24:35Z,auth,INFO,token issued for session 33666
2026-03-14T09:24:44Z,search,INFO,query 82961 served in 199ms
2026-03-14T09:24:54Z,payments,INFO,refund 4381 completed
2026-03-14T09:24:55Z,postgres,INFO,autovacuum finished on table 77964
2026-03-14T09:25:09Z,auth,INFO,token issued for session 97337
2026-03-14T09:25:14Z,auth,INFO,session 35788 refreshed
2026-03-14T09:25:29Z,search,INFO,"suggest cache warm, 39740 entries"
2026-03-14T09:25:47Z,search,INFO,"suggest cache warm, 68611 entries"
2026-03-14T09:25:59Z,auth,INFO,session 5477 refreshed
2026-03-14T09:26:04Z,search,INFO,query 21232 served in 228ms
2026-03-14T09:26:08Z,auth,INFO,logout for session 24256
2026-03-14T09:26:12Z,search,INFO,"suggest cache warm, 10890 entries"
2026-03-14T09:26:14Z,payments,INFO,settlement batch 58358 queued
2026-03-14T09:26:15Z,billing,INFO,credit note 92584 issued
2026-03-14T09:26:15Z,checkout,INFO,payment intent 89148 created
2026-03-14T09:26:24Z,payments,INFO,webhook 21192 acknowledged
2026-03-14T09:26:45Z,billing,INFO,subscription 25504 renewed
2026-03-14T09:26:55Z,checkout,INFO,session 7161 started
2026-03-14T09:26:57Z,payments,INFO,refund 22726 completed
2026-03-14T09:26:58Z,orders,INFO,order 68935 invoiced
2026-03-14T09:27:09Z,billing,INFO,invoice 53561 rendered in 108ms
2026-03-14T09:27:17Z,billing,INFO,credit note 5934 issued
2026-03-14T09:27:22Z,payments,INFO,refund 31244 completed
2026-03-14T09:27:26Z,payments,INFO,settlement batch 30624 queued
2026-03-14T09:27:28Z,postgres,INFO,autovacuum finished on table 28839
2026-03-14T09:27:43Z,payments,INFO,webhook 94373 acknowledged
2026-03-14T09:27:44Z,checkout,INFO,cart 23464 converted in 68ms
2026-03-14T09:27:44Z,postgres,INFO,connection 45074 authorised
2026-03-14T09:27:46Z,payments,INFO,refund 88061 completed
2026-03-14T09:27:49Z,checkout,INFO,cart 94984 converted in 266ms
2026-03-14T09:27:55Z,checkout,INFO,cart 7816 abandoned after 256ms
2026-03-14T09:28:00Z,checkout,INFO,cart 80893 converted in 175ms
2026-03-14T09:28:04Z,checkout,INFO,session 88029 started
2026-03-14T09:28:14Z,postgres,INFO,autovacuum finished on table 2042
2026-03-14T09:28:23Z,billing,INFO,credit note 11324 issued
2026-03-14T09:28:23Z,payments,INFO,webhook 56032 acknowledged
2026-03-14T09:28:23Z,postgres,INFO,connection 50523 authorised
2026-03-14T09:28:29Z,search,INFO,query 21319 served in 193ms
2026-03-14T09:28:31Z,auth,INFO,login succeeded in 68ms
2026-03-14T09:28:32Z,search,INFO,query 61435 served in 214ms
2026-03-14T09:28:34Z,postgres,INFO,replication lag 215ms
2026-03-14T09:28:35Z,checkout,INFO,cart 98654 converted in 117ms
2026-03-14T09:28:36Z,billing,INFO,subscription 92870 renewed
2026-03-14T09:29:00Z,search,INFO,index segment 59460 merged
2026-03-14T09:29:05Z,billing,INFO,dunning run 84836 complete
2026-03-14T09:29:08Z,postgres,INFO,connection 65898 authorised
2026-03-14T09:29:12Z,orders,INFO,inventory check 70805 passed
2026-03-14T09:29:13Z,payments,INFO,charge 57690 authorised in 140ms
2026-03-14T09:29:29Z,orders,INFO,order 91009 dispatched in 33ms
2026-03-14T09:29:31Z,checkout,INFO,session 93466 started
2026-03-14T09:29:35Z,postgres,INFO,replication lag 266ms
2026-03-14T09:29:48Z,postgres,INFO,connection 97165 authorised
2026-03-14T09:29:50Z,orders,INFO,order 63501 dispatched in 282ms
2026-03-14T09:29:53Z,orders,INFO,order 61060 accepted
2026-03-14T09:29:53Z,orders,INFO,order 68929 dispatched in 296ms
2026-03-14T09:29:57Z,auth,INFO,logout for session 71242
2026-03-14T09:30:00Z,search,ERROR,"upstream 429, backing off 1s"
2026-03-14T09:30:06Z,search,ERROR,"upstream 429, backing off 2s"
2026-03-14T09:30:12Z,search,ERROR,"upstream 429, backing off 4s"
2026-03-14T09:30:16Z,auth,INFO,login succeeded in 297ms
2026-03-14T09:30:18Z,search,ERROR,"upstream 429, backing off 8s"
2026-03-14T09:30:24Z,auth,INFO,session 15478 refreshed
2026-03-14T09:30:24Z,search,ERROR,"upstream 429, backing off 16s"
2026-03-14T09:30:25Z,orders,INFO,order 1913 invoiced
2026-03-14T09:30:25Z,search,INFO,query 88126 served in 117ms
2026-03-14T09:30:30Z,search,ERROR,"upstream 429, backing off 32s"
2026-03-14T09:30:31Z,billing,INFO,credit note 84103 issued
2026-03-14T09:30:33Z,auth,INFO,token issued for session 52051
2026-03-14T09:30:35Z,search,INFO,query 47033 served in 112ms
2026-03-14T09:30:36Z,search,ERROR,"upstream 429, backing off 32s"
2026-03-14T09:30:42Z,search,ERROR,"upstream 429, backing off 32s"
2026-03-14T09:30:46Z,orders,INFO,order 13744 accepted
2026-03-14T09:30:47Z,checkout,INFO,cart 3332 abandoned after 103ms
2026-03-14T09:30:48Z,search,ERROR,"upstream 429, backing off 32s"
2026-03-14T09:30:54Z,search,ERROR,"upstream 429, backing off 32s"
2026-03-14T09:31:00Z,search,ERROR,"upstream 429, backing off 32s"
2026-03-14T09:31:02Z,postgres,INFO,"checkpoint complete, 42456 buffers written"
2026-03-14T09:31:04Z,deploy,INFO,pipeline 86105 green
2026-03-14T09:31:06Z,orders,INFO,order 19898 accepted
2026-03-14T09:31:06Z,search,ERROR,"upstream 429, backing off 32s"
2026-03-14T09:31:12Z,search,ERROR,"upstream 429, backing off 32s"
2026-03-14T09:31:18Z,search,ERROR,"upstream 429, backing off 32s"
2026-03-14T09:31:19Z,search,INFO,"suggest cache warm, 61298 entries"
2026-03-14T09:31:24Z,search,ERROR,"upstream 429, backing off 32s"
2026-03-14T09:31:30Z,search,ERROR,"upstream 429, backing off 32s"
2026-03-14T09:31:31Z,auth,INFO,session 84189 refreshed
2026-03-14T09:31:36Z,search,ERROR,"upstream 429, backing off 32s"
2026-03-14T09:31:38Z,orders,INFO,order 66131 invoiced
2026-03-14T09:31:42Z,orders,INFO,order 75411 dispatched in 212ms
2026-03-14T09:31:42Z,search,ERROR,"upstream 429, backing off 32s"
2026-03-14T09:31:47Z,postgres,INFO,autovacuum finished on table 69258
2026-03-14T09:31:48Z,search,ERROR,"upstream 429, backing off 32s"
2026-03-14T09:31:52Z,auth,INFO,logout for session 60025
2026-03-14T09:31:54Z,search,ERROR,"upstream 429, backing off 32s"
2026-03-14T09:31:56Z,postgres,INFO,"checkpoint complete, 73096 buffers written"
2026-03-14T09:31:57Z,payments,INFO,charge 40258 authorised in 304ms
2026-03-14T09:31:58Z,postgres,INFO,replication lag 266ms
2026-03-14T09:31:59Z,payments,INFO,settlement batch 92431 queued
2026-03-14T09:32:00Z,search,ERROR,"upstream 429, backing off 32s"
2026-03-14T09:32:03Z,search,INFO,"suggest cache warm, 87604 entries"
2026-03-14T09:32:04Z,search,INFO,"suggest cache warm, 18632 entries"
2026-03-14T09:32:06Z,search,ERROR,"upstream 429, backing off 32s"
2026-03-14T09:32:12Z,search,ERROR,"upstream 429, backing off 32s"
2026-03-14T09:32:16Z,payments,INFO,refund 26029 completed
2026-03-14T09:32:18Z,search,ERROR,"upstream 429, backing off 32s"
2026-03-14T09:32:24Z,search,ERROR,"upstream 429, backing off 32s"
2026-03-14T09:32:30Z,search,ERROR,"upstream 429, backing off 32s"
2026-03-14T09:32:32Z,auth,INFO,logout for session 40777
2026-03-14T09:32:33Z,postgres,INFO,connection 90422 authorised
2026-03-14T09:32:36Z,search,ERROR,"upstream 429, backing off 32s"
2026-03-14T09:32:42Z,search,ERROR,"upstream 429, backing off 32s"
2026-03-14T09:32:43Z,billing,INFO,invoice 45347 rendered in 130ms
2026-03-14T09:32:48Z,search,ERROR,"upstream 429, backing off 32s"
2026-03-14T09:32:53Z,search,INFO,query 11140 served in 175ms
2026-03-14T09:32:54Z,search,ERROR,"upstream 429, backing off 32s"
2026-03-14T09:33:00Z,search,ERROR,"upstream 429, backing off 32s"
2026-03-14T09:33:04Z,orders,INFO,order 72156 dispatched in 41ms
2026-03-14T09:33:06Z,search,ERROR,"upstream 429, backing off 32s"
2026-03-14T09:33:12Z,search,ERROR,"upstream 429, backing off 32s"
2026-03-14T09:33:18Z,search,ERROR,"upstream 429, backing off 32s"
2026-03-14T09:33:22Z,auth,INFO,login succeeded in 195ms
2026-03-14T09:33:22Z,search,INFO,query 14162 served in 129ms
2026-03-14T09:33:23Z,checkout,INFO,payment intent 84580 created
2026-03-14T09:33:24Z,search,ERROR,"upstream 429, backing off 32s"
2026-03-14T09:33:30Z,search,ERROR,"upstream 429, backing off 32s"
2026-03-14T09:33:34Z,checkout,INFO,payment intent 61731 created
2026-03-14T09:33:36Z,search,ERROR,"upstream 429, backing off 32s"
2026-03-14T09:33:38Z,billing,INFO,invoice 48962 rendered in 254ms
2026-03-14T09:33:39Z,postgres,INFO,connection 90876 authorised
2026-03-14T09:33:42Z,search,ERROR,"upstream 429, backing off 32s"
2026-03-14T09:33:46Z,payments,INFO,charge 41432 authorised in 184ms
2026-03-14T09:33:48Z,orders,INFO,order 59224 dispatched in 149ms
2026-03-14T09:33:48Z,search,ERROR,"upstream 429, backing off 32s"
2026-03-14T09:33:54Z,search,ERROR,"upstream 429, backing off 32s"
2026-03-14T09:34:00Z,auth,INFO,session 6169 refreshed
2026-03-14T09:34:00Z,search,ERROR,"upstream 429, backing off 32s"
2026-03-14T09:34:03Z,payments,INFO,settlement batch 15127 queued
2026-03-14T09:34:06Z,search,ERROR,"upstream 429, backing off 32s"
2026-03-14T09:34:12Z,payments,INFO,refund 64853 completed
2026-03-14T09:34:12Z,search,ERROR,"upstream 429, backing off 32s"
2026-03-14T09:34:18Z,search,ERROR,"upstream 429, backing off 32s"
2026-03-14T09:34:24Z,search,ERROR,"upstream 429, backing off 32s"
2026-03-14T09:34:25Z,checkout,INFO,cart 65197 abandoned after 58ms
2026-03-14T09:34:30Z,search,ERROR,"upstream 429, backing off 32s"
2026-03-14T09:34:32Z,billing,INFO,invoice 37857 rendered in 309ms
2026-03-14T09:34:36Z,search,ERROR,"upstream 429, backing off 32s"
2026-03-14T09:34:38Z,search,INFO,query 25027 served in 99ms
2026-03-14T09:34:40Z,checkout,INFO,payment intent 8075 created
2026-03-14T09:34:42Z,search,ERROR,"upstream 429, backing off 32s"
2026-03-14T09:34:44Z,auth,INFO,token issued for session 86850
2026-03-14T09:34:45Z,billing,INFO,credit note 54829 issued
2026-03-14T09:34:51Z,postgres,INFO,replication lag 284ms
2026-03-14T09:34:53Z,payments,INFO,refund 32119 completed
2026-03-14T09:34:59Z,billing,INFO,credit note 59186 issued
2026-03-14T09:35:00Z,search,ERROR,"upstream 429, backing off 1s"
2026-03-14T09:35:01Z,search,INFO,query 35305 served in 56ms
2026-03-14T09:35:03Z,payments,INFO,settlement batch 83737 queued
2026-03-14T09:35:04Z,orders,INFO,order 87930 invoiced
2026-03-14T09:35:05Z,payments,INFO,settlement batch 46856 queued
2026-03-14T09:35:06Z,postgres,INFO,connection 3778 authorised
2026-03-14T09:35:06Z,search,ERROR,"upstream 429, backing off 2s"
2026-03-14T09:35:12Z,deploy,INFO,canary 4227 healthy
2026-03-14T09:35:12Z,search,ERROR,"upstream 429, backing off 4s"
2026-03-14T09:35:18Z,search,ERROR,"upstream 429, backing off 8s"
2026-03-14T09:35:19Z,payments,INFO,refund 87211 completed
2026-03-14T09:35:24Z,search,ERROR,"upstream 429, backing off 16s"
2026-03-14T09:35:30Z,search,ERROR,"upstream 429, backing off 32s"
2026-03-14T09:35:33Z,checkout,INFO,session 39469 started
2026-03-14T09:35:34Z,checkout,INFO,cart 99752 converted in 287ms
2026-03-14T09:35:35Z,orders,INFO,inventory check 87271 passed
2026-03-14T09:35:36Z,search,ERROR,"upstream 429, backing off 32s"
2026-03-14T09:35:42Z,search,ERROR,"upstream 429, backing off 32s"
2026-03-14T09:35:48Z,search,ERROR,"upstream 429, backing off 32s"
2026-03-14T09:35:50Z,checkout,INFO,payment intent 23002 created
2026-03-14T09:35:54Z,search,ERROR,"upstream 429, backing off 32s"
2026-03-14T09:36:00Z,search,ERROR,"upstream 429, backing off 32s"
2026-03-14T09:36:04Z,orders,INFO,order 99594 invoiced
2026-03-14T09:36:05Z,payments,INFO,refund 38174 completed
2026-03-14T09:36:06Z,auth,INFO,logout for session 98185
2026-03-14T09:36:06Z,search,ERROR,"upstream 429, backing off 32s"
2026-03-14T09:36:11Z,checkout,INFO,cart 48058 abandoned after 296ms
2026-03-14T09:36:11Z,orders,INFO,inventory check 14011 passed
2026-03-14T09:36:12Z,search,ERROR,"upstream 429, backing off 32s"
2026-03-14T09:36:18Z,search,ERROR,"upstream 429, backing off 32s"
2026-03-14T09:36:24Z,search,ERROR,"upstream 429, backing off 32s"
2026-03-14T09:36:27Z,auth,INFO,logout for session 69120
2026-03-14T09:36:27Z,billing,INFO,invoice 23202 rendered in 100ms
2026-03-14T09:36:27Z,orders,INFO,order 54661 invoiced
2026-03-14T09:36:30Z,search,ERROR,"upstream 429, backing off 32s"
2026-03-14T09:36:31Z,payments,INFO,charge 69026 authorised in 173ms
2026-03-14T09:36:36Z,search,ERROR,"upstream 429, backing off 32s"
2026-03-14T09:36:42Z,search,ERROR,"upstream 429, backing off 32s"
2026-03-14T09:36:45Z,postgres,INFO,"checkpoint complete, 59922 buffers written"
2026-03-14T09:36:45Z,postgres,INFO,replication lag 6ms
2026-03-14T09:36:48Z,search,ERROR,"upstream 429, backing off 32s"
2026-03-14T09:36:49Z,auth,INFO,token issued for session 96375
2026-03-14T09:36:54Z,search,ERROR,"upstream 429, backing off 32s"
2026-03-14T09:37:00Z,search,ERROR,"upstream 429, backing off 32s"
2026-03-14T09:37:06Z,checkout,INFO,cart 4866 abandoned after 278ms
2026-03-14T09:37:06Z,search,ERROR,"upstream 429, backing off 32s"
2026-03-14T09:37:08Z,postgres,INFO,"checkpoint complete, 76647 buffers written"
2026-03-14T09:37:08Z,search,INFO,index segment 28775 merged
2026-03-14T09:37:12Z,search,ERROR,"upstream 429, backing off 32s"
2026-03-14T09:37:18Z,search,ERROR,"upstream 429, backing off 32s"
2026-03-14T09:37:24Z,search,ERROR,"upstream 429, backing off 32s"
2026-03-14T09:37:30Z,payments,INFO,webhook 96731 acknowledged
2026-03-14T09:37:30Z,search,ERROR,"upstream 429, backing off 32s"
2026-03-14T09:37:35Z,billing,INFO,credit note 87479 issued
2026-03-14T09:37:36Z,search,ERROR,"upstream 429, backing off 32s"
2026-03-14T09:37:42Z,search,ERROR,"upstream 429, backing off 32s"
2026-03-14T09:37:44Z,auth,INFO,login succeeded in 170ms
2026-03-14T09:37:45Z,auth,INFO,logout for session 77659
2026-03-14T09:37:48Z,checkout,INFO,cart 8163 abandoned after 44ms
2026-03-14T09:37:48Z,search,ERROR,"upstream 429, backing off 32s"
2026-03-14T09:37:50Z,postgres,INFO,replication lag 242ms
2026-03-14T09:37:50Z,search,INFO,"suggest cache warm, 14192 entries"
2026-03-14T09:37:51Z,orders,INFO,order 77842 accepted
2026-03-14T09:37:54Z,auth,INFO,login succeeded in 169ms
2026-03-14T09:37:54Z,search,ERROR,"upstream 429, backing off 32s"
2026-03-14T09:38:00Z,search,ERROR,"upstream 429, backing off 32s"
2026-03-14T09:38:01Z,auth,INFO,login succeeded in 93ms
2026-03-14T09:38:04Z,billing,INFO,invoice 52463 rendered in 282ms
2026-03-14T09:38:04Z,billing,INFO,subscription 3269 renewed
2026-03-14T09:38:06Z,search,INFO,query 66722 served in 91ms
2026-03-14T09:38:06Z,search,ERROR,"upstream 429, backing off 32s"
2026-03-14T09:38:08Z,checkout,INFO,payment intent 43404 created
2026-03-14T09:38:10Z,orders,INFO,order 90377 dispatched in 62ms
2026-03-14T09:38:12Z,search,ERROR,"upstream 429, backing off 32s"
2026-03-14T09:38:13Z,payments,INFO,settlement batch 54702 queued
2026-03-14T09:38:14Z,deploy,INFO,pipeline 28924 green
2026-03-14T09:38:17Z,search,INFO,query 90305 served in 287ms
2026-03-14T09:38:18Z,search,ERROR,"upstream 429, backing off 32s"
2026-03-14T09:38:24Z,payments,INFO,webhook 62616 acknowledged
2026-03-14T09:38:24Z,search,ERROR,"upstream 429, backing off 32s"
2026-03-14T09:38:28Z,checkout,INFO,cart 22379 converted in 172ms
2026-03-14T09:38:30Z,search,ERROR,"upstream 429, backing off 32s"
2026-03-14T09:38:36Z,search,ERROR,"upstream 429, backing off 32s"
2026-03-14T09:38:42Z,search,ERROR,"upstream 429, backing off 32s"
2026-03-14T09:38:48Z,search,ERROR,"upstream 429, backing off 32s"
2026-03-14T09:38:54Z,search,ERROR,"upstream 429, backing off 32s"
2026-03-14T09:38:57Z,billing,INFO,dunning run 60046 complete
2026-03-14T09:39:00Z,search,INFO,"recovered after 96 attempts, upstream healthy"
2026-03-14T09:39:00Z,search,ERROR,"upstream 429, backing off 32s"
2026-03-14T09:39:02Z,postgres,INFO,autovacuum finished on table 36187
2026-03-14T09:39:06Z,search,ERROR,"upstream 429, backing off 32s"
2026-03-14T09:39:12Z,search,ERROR,"upstream 429, backing off 32s"
2026-03-14T09:39:16Z,checkout,INFO,cart 78712 converted in 48ms
2026-03-14T09:39:18Z,search,ERROR,"upstream 429, backing off 32s"
2026-03-14T09:39:23Z,payments,INFO,webhook 31149 acknowledged
2026-03-14T09:39:24Z,search,ERROR,"upstream 429, backing off 32s"
2026-03-14T09:39:30Z,search,ERROR,"upstream 429, backing off 32s"
2026-03-14T09:39:36Z,search,ERROR,"upstream 429, backing off 32s"
2026-03-14T09:39:42Z,search,ERROR,"upstream 429, backing off 32s"
2026-03-14T09:39:56Z,billing,INFO,credit note 5468 issued
2026-03-14T09:39:59Z,orders,INFO,inventory check 25510 passed
2026-03-14T09:40:00Z,checkout,INFO,cart 81146 abandoned after 258ms
2026-03-14T09:40:00Z,postgres,INFO,autovacuum finished on table 43833
2026-03-14T09:40:09Z,payments,INFO,settlement batch 65163 queued
2026-03-14T09:40:12Z,billing,INFO,credit note 47882 issued
2026-03-14T09:40:23Z,search,INFO,"suggest cache warm, 83129 entries"
2026-03-14T09:40:26Z,checkout,INFO,session 80333 started
2026-03-14T09:40:27Z,payments,INFO,settlement batch 95453 queued
2026-03-14T09:40:33Z,postgres,INFO,replication lag 310ms
2026-03-14T09:40:52Z,orders,INFO,inventory check 47582 passed
2026-03-14T09:41:10Z,search,INFO,index segment 70650 merged
2026-03-14T09:41:26Z,payments,INFO,charge 50601 authorised in 212ms
2026-03-14T09:41:27Z,orders,INFO,order 47964 dispatched in 304ms
2026-03-14T09:41:28Z,auth,INFO,session 29044 refreshed
2026-03-14T09:41:28Z,auth,INFO,session 76771 refreshed
2026-03-14T09:41:29Z,checkout,INFO,cart 72845 abandoned after 152ms
2026-03-14T09:41:32Z,search,INFO,query 33647 served in 132ms
2026-03-14T09:41:33Z,payments,INFO,refund 44287 completed
2026-03-14T09:41:36Z,payments,INFO,settlement batch 82534 queued
2026-03-14T09:41:43Z,auth,INFO,token issued for session 5975
2026-03-14T09:41:48Z,checkout,INFO,payment intent 4825 created
2026-03-14T09:41:49Z,auth,INFO,session 33989 refreshed
2026-03-14T09:41:55Z,payments,INFO,webhook 80657 acknowledged
2026-03-14T09:42:00Z,billing,INFO,invoice 33243 rendered in 44ms
2026-03-14T09:42:19Z,checkout,INFO,cart 31295 abandoned after 296ms
2026-03-14T09:42:28Z,orders,INFO,order 77167 dispatched in 317ms
2026-03-14T09:42:29Z,auth,INFO,token issued for session 82692
2026-03-14T09:42:32Z,postgres,INFO,autovacuum finished on table 73797
2026-03-14T09:42:35Z,checkout,INFO,session 77497 started
2026-03-14T09:42:35Z,postgres,INFO,autovacuum finished on table 55589
2026-03-14T09:42:37Z,orders,INFO,inventory check 82164 passed
2026-03-14T09:42:37Z,search,INFO,query 62439 served in 138ms
2026-03-14T09:42:46Z,billing,INFO,invoice 37841 rendered in 83ms
2026-03-14T09:42:48Z,billing,INFO,subscription 97415 renewed
2026-03-14T09:42:52Z,auth,INFO,token issued for session 65906
2026-03-14T09:43:09Z,postgres,INFO,"checkpoint complete, 93226 buffers written"
2026-03-14T09:43:13Z,auth,INFO,logout for session 45747
2026-03-14T09:43:16Z,auth,INFO,login succeeded in 296ms
2026-03-14T09:43:19Z,orders,INFO,inventory check 58972 passed
2026-03-14T09:43:30Z,postgres,INFO,replication lag 71ms
2026-03-14T09:43:34Z,checkout,INFO,cart 63745 abandoned after 153ms
2026-03-14T09:43:41Z,payments,INFO,charge 50435 authorised in 184ms
2026-03-14T09:43:44Z,billing,INFO,credit note 57904 issued
2026-03-14T09:43:51Z,checkout,INFO,session 25492 started
2026-03-14T09:43:51Z,postgres,INFO,connection 15304 authorised
2026-03-14T09:43:56Z,payments,INFO,charge 46585 authorised in 271ms
2026-03-14T09:44:24Z,checkout,INFO,cart 15547 abandoned after 63ms
2026-03-14T09:44:27Z,search,INFO,index segment 22838 merged
2026-03-14T09:44:30Z,deploy,INFO,canary 35723 healthy
2026-03-14T09:44:45Z,auth,INFO,session 72409 refreshed
2026-03-14T09:45:00Z,checkout,ERROR,healthz timeout after 2000ms
2026-03-14T09:45:04Z,auth,INFO,logout for session 88921
2026-03-14T09:45:06Z,checkout,ERROR,healthz timeout after 2000ms
2026-03-14T09:45:10Z,checkout,INFO,cart 16101 converted in 26ms
2026-03-14T09:45:12Z,checkout,ERROR,healthz timeout after 2000ms
2026-03-14T09:45:18Z,checkout,ERROR,healthz timeout after 2000ms
2026-03-14T09:45:19Z,search,INFO,"suggest cache warm, 68909 entries"
2026-03-14T09:45:23Z,search,INFO,"suggest cache warm, 73726 entries"
2026-03-14T09:45:24Z,checkout,ERROR,healthz timeout after 2000ms
2026-03-14T09:45:28Z,auth,INFO,logout for session 52758
2026-03-14T09:45:30Z,checkout,ERROR,healthz timeout after 2000ms
2026-03-14T09:45:30Z,checkout,INFO,session 12420 started
2026-03-14T09:45:31Z,search,INFO,index segment 78225 merged
2026-03-14T09:45:32Z,postgres,INFO,"checkpoint complete, 35262 buffers written"
2026-03-14T09:45:35Z,checkout,INFO,session 17662 started
2026-03-14T09:45:36Z,checkout,ERROR,healthz timeout after 2000ms
2026-03-14T09:45:36Z,checkout,INFO,session 14399 started
2026-03-14T09:45:37Z,postgres,INFO,"checkpoint complete, 95590 buffers written"
2026-03-14T09:45:37Z,search,INFO,"suggest cache warm, 18395 entries"
2026-03-14T09:45:42Z,checkout,ERROR,healthz timeout after 2000ms
2026-03-14T09:45:48Z,checkout,ERROR,healthz timeout after 2000ms
2026-03-14T09:45:52Z,payments,INFO,webhook 83371 acknowledged
2026-03-14T09:45:54Z,checkout,ERROR,healthz timeout after 2000ms
2026-03-14T09:46:00Z,checkout,ERROR,healthz timeout after 2000ms
2026-03-14T09:46:06Z,checkout,ERROR,healthz timeout after 2000ms
2026-03-14T09:46:12Z,checkout,ERROR,healthz timeout after 2000ms
2026-03-14T09:46:18Z,checkout,ERROR,healthz timeout after 2000ms
2026-03-14T09:46:24Z,checkout,ERROR,healthz timeout after 2000ms
2026-03-14T09:46:29Z,postgres,INFO,autovacuum finished on table 22200
2026-03-14T09:46:30Z,checkout,ERROR,healthz timeout after 2000ms
2026-03-14T09:46:36Z,checkout,ERROR,healthz timeout after 2000ms
2026-03-14T09:46:38Z,payments,INFO,charge 53807 authorised in 198ms
2026-03-14T09:46:39Z,auth,INFO,session 52047 refreshed
2026-03-14T09:46:42Z,checkout,ERROR,healthz timeout after 2000ms
2026-03-14T09:46:45Z,checkout,INFO,session 86134 started
2026-03-14T09:46:48Z,checkout,ERROR,healthz timeout after 2000ms
2026-03-14T09:46:51Z,orders,INFO,order 46348 accepted
2026-03-14T09:46:54Z,checkout,ERROR,healthz timeout after 2000ms
2026-03-14T09:46:55Z,search,INFO,"suggest cache warm, 46017 entries"
2026-03-14T09:47:00Z,checkout,ERROR,healthz timeout after 2000ms
2026-03-14T09:47:06Z,checkout,ERROR,healthz timeout after 2000ms
2026-03-14T09:47:12Z,checkout,ERROR,healthz timeout after 2000ms
2026-03-14T09:47:18Z,checkout,ERROR,healthz timeout after 2000ms
2026-03-14T09:47:24Z,checkout,ERROR,healthz timeout after 2000ms
2026-03-14T09:47:30Z,checkout,ERROR,healthz timeout after 2000ms
2026-03-14T09:47:30Z,payments,INFO,settlement batch 77326 queued
2026-03-14T09:47:36Z,checkout,ERROR,healthz timeout after 2000ms
2026-03-14T09:47:42Z,auth,INFO,logout for session 33781
2026-03-14T09:47:42Z,checkout,ERROR,healthz timeout after 2000ms
2026-03-14T09:47:43Z,payments,INFO,webhook 81505 acknowledged
2026-03-14T09:47:47Z,orders,INFO,inventory check 47484 passed
2026-03-14T09:47:48Z,checkout,ERROR,healthz timeout after 2000ms
2026-03-14T09:47:50Z,billing,INFO,credit note 82368 issued
2026-03-14T09:47:50Z,orders,INFO,order 78642 invoiced
2026-03-14T09:47:54Z,checkout,ERROR,healthz timeout after 2000ms
2026-03-14T09:47:55Z,auth,INFO,login succeeded in 59ms
2026-03-14T09:48:00Z,checkout,ERROR,healthz timeout after 2000ms
2026-03-14T09:48:06Z,checkout,ERROR,healthz timeout after 2000ms
2026-03-14T09:48:11Z,checkout,INFO,session 91416 started
2026-03-14T09:48:11Z,payments,INFO,charge 42994 authorised in 217ms
2026-03-14T09:48:12Z,checkout,ERROR,healthz timeout after 2000ms
2026-03-14T09:48:15Z,checkout,INFO,payment intent 3907 created
2026-03-14T09:48:18Z,checkout,ERROR,healthz timeout after 2000ms
2026-03-14T09:48:19Z,search,INFO,query 54881 served in 91ms
2026-03-14T09:48:24Z,checkout,ERROR,healthz timeout after 2000ms
2026-03-14T09:48:25Z,deploy,INFO,artefact 17494 published
2026-03-14T09:48:30Z,checkout,ERROR,healthz timeout after 2000ms
2026-03-14T09:48:33Z,search,INFO,"suggest cache warm, 36349 entries"
2026-03-14T09:48:36Z,checkout,ERROR,healthz timeout after 2000ms
2026-03-14T09:48:40Z,postgres,INFO,connection 96682 authorised
2026-03-14T09:48:42Z,checkout,ERROR,healthz timeout after 2000ms
2026-03-14T09:48:45Z,billing,INFO,dunning run 68118 complete
2026-03-14T09:48:48Z,checkout,ERROR,healthz timeout after 2000ms
2026-03-14T09:48:51Z,auth,INFO,session 68509 refreshed
2026-03-14T09:48:51Z,checkout,INFO,cart 20695 converted in 34ms
2026-03-14T09:48:54Z,checkout,ERROR,healthz timeout after 2000ms
2026-03-14T09:48:55Z,auth,INFO,login succeeded in 210ms
2026-03-14T09:48:57Z,payments,INFO,settlement batch 74286 queued
2026-03-14T09:48:59Z,orders,INFO,inventory check 35424 passed
2026-03-14T09:49:00Z,checkout,ERROR,healthz timeout after 2000ms
2026-03-14T09:49:06Z,checkout,ERROR,healthz timeout after 2000ms
2026-03-14T09:49:07Z,billing,INFO,subscription 78736 renewed
2026-03-14T09:49:09Z,billing,INFO,subscription 90787 renewed
2026-03-14T09:49:12Z,checkout,ERROR,healthz timeout after 2000ms
2026-03-14T09:49:18Z,checkout,ERROR,healthz timeout after 2000ms
2026-03-14T09:49:24Z,checkout,ERROR,healthz timeout after 2000ms
2026-03-14T09:49:29Z,payments,INFO,settlement batch 45669 queued
2026-03-14T09:49:30Z,checkout,ERROR,healthz timeout after 2000ms
2026-03-14T09:49:30Z,postgres,INFO,replication lag 189ms
2026-03-14T09:49:32Z,postgres,INFO,connection 31894 authorised
2026-03-14T09:49:33Z,search,INFO,index segment 92848 merged
2026-03-14T09:49:36Z,checkout,ERROR,healthz timeout after 2000ms
2026-03-14T09:49:38Z,orders,INFO,order 61971 accepted
2026-03-14T09:49:41Z,billing,INFO,credit note 14732 issued
2026-03-14T09:49:45Z,payments,INFO,webhook 97316 acknowledged
2026-03-14T09:49:46Z,auth,INFO,token issued for session 26222
2026-03-14T09:49:49Z,postgres,INFO,replication lag 55ms
2026-03-14T09:49:53Z,auth,INFO,session 16595 refreshed
2026-03-14T09:50:00Z,payments,INFO,refund 24163 completed
2026-03-14T09:50:03Z,search,INFO,"suggest cache warm, 45813 entries"
2026-03-14T09:50:06Z,auth,INFO,token issued for session 55642
2026-03-14T09:50:11Z,checkout,INFO,session 28664 started
2026-03-14T09:50:15Z,billing,WARN,invoice 39625 re-rendered after template cache miss
2026-03-14T09:50:24Z,billing,INFO,subscription 44138 renewed
2026-03-14T09:50:42Z,billing,INFO,credit note 41108 issued
2026-03-14T09:50:54Z,postgres,INFO,connection 88361 authorised
2026-03-14T09:51:04Z,postgres,INFO,"checkpoint complete, 61283 buffers written"
2026-03-14T09:51:04Z,postgres,INFO,replication lag 211ms
2026-03-14T09:51:12Z,orders,INFO,order 55390 accepted
2026-03-14T09:51:19Z,payments,INFO,webhook 55162 acknowledged
2026-03-14T09:51:22Z,search,INFO,query 96518 served in 159ms
2026-03-14T09:51:25Z,orders,INFO,order 87836 invoiced
2026-03-14T09:51:29Z,orders,INFO,order 91244 accepted
2026-03-14T09:51:32Z,auth,INFO,session 23855 refreshed
2026-03-14T09:51:32Z,payments,INFO,charge 48725 authorised in 121ms
2026-03-14T09:51:50Z,orders,INFO,order 41045 dispatched in 254ms
2026-03-14T09:52:01Z,search,INFO,index segment 82798 merged
2026-03-14T09:52:12Z,billing,INFO,subscription 40951 renewed
2026-03-14T09:52:17Z,checkout,INFO,session 46069 started
2026-03-14T09:52:20Z,auth,INFO,session 52773 refreshed
2026-03-14T09:52:24Z,search,INFO,query 7496 served in 24ms
2026-03-14T09:52:40Z,payments,INFO,settlement batch 47444 queued
2026-03-14T09:52:40Z,postgres,INFO,autovacuum finished on table 94593
2026-03-14T09:53:04Z,search,INFO,query 60134 served in 310ms
2026-03-14T09:53:05Z,billing,INFO,subscription 52447 renewed
2026-03-14T09:53:14Z,orders,INFO,order 65975 dispatched in 320ms
2026-03-14T09:53:15Z,checkout,INFO,cart 61196 converted in 144ms
2026-03-14T09:53:16Z,search,INFO,query 8250 served in 24ms
2026-03-14T09:53:22Z,checkout,INFO,payment intent 80273 created
2026-03-14T09:53:33Z,auth,INFO,session 69586 refreshed
2026-03-14T09:53:36Z,auth,INFO,session 88127 refreshed
2026-03-14T09:53:49Z,checkout,INFO,session 77092 started
2026-03-14T09:53:52Z,billing,INFO,invoice 91395 rendered in 213ms
2026-03-14T09:53:52Z,search,INFO,index segment 11527 merged
2026-03-14T09:53:56Z,postgres,INFO,"checkpoint complete, 32817 buffers written"
2026-03-14T09:54:03Z,payments,INFO,webhook 86026 acknowledged
2026-03-14T09:54:04Z,checkout,INFO,cart 99374 abandoned after 68ms
2026-03-14T09:54:08Z,checkout,INFO,payment intent 53281 created
2026-03-14T09:54:10Z,auth,INFO,logout for session 69470
2026-03-14T09:54:15Z,postgres,INFO,"checkpoint complete, 39148 buffers written"
2026-03-14T09:54:33Z,postgres,INFO,autovacuum finished on table 55135
2026-03-14T09:54:35Z,postgres,INFO,replication lag 275ms
2026-03-14T09:54:55Z,postgres,INFO,"checkpoint complete, 84141 buffers written"
2026-03-14T09:55:02Z,auth,INFO,login succeeded in 74ms
2026-03-14T09:55:02Z,checkout,INFO,cart 89979 converted in 50ms
2026-03-14T09:55:05Z,checkout,INFO,cart 40858 converted in 194ms
2026-03-14T09:55:19Z,billing,INFO,subscription 5995 renewed
2026-03-14T09:55:21Z,postgres,INFO,autovacuum finished on table 40688
2026-03-14T09:55:32Z,billing,INFO,credit note 8815 issued
2026-03-14T09:55:35Z,payments,INFO,charge 49091 authorised in 244ms
2026-03-14T09:55:42Z,postgres,INFO,autovacuum finished on table 10829
2026-03-14T09:55:43Z,orders,INFO,order 40727 dispatched in 42ms
2026-03-14T09:55:51Z,postgres,INFO,connection 40720 authorised
2026-03-14T09:55:51Z,search,INFO,index segment 97317 merged
2026-03-14T09:56:04Z,auth,INFO,logout for session 19530
2026-03-14T09:56:06Z,checkout,INFO,session 62383 started
2026-03-14T09:56:09Z,payments,INFO,webhook 77733 acknowledged
2026-03-14T09:56:11Z,search,INFO,query 73597 served in 41ms
2026-03-14T09:56:14Z,orders,INFO,order 15760 invoiced
2026-03-14T09:56:15Z,search,INFO,"suggest cache warm, 57424 entries"
2026-03-14T09:56:19Z,payments,INFO,settlement batch 1860 queued
2026-03-14T09:56:20Z,postgres,INFO,"checkpoint complete, 57389 buffers written"
2026-03-14T09:56:31Z,checkout,INFO,session 46029 started
2026-03-14T09:56:34Z,checkout,INFO,session 82172 started
2026-03-14T09:56:38Z,auth,INFO,session 57045 refreshed
2026-03-14T09:56:47Z,orders,INFO,inventory check 71459 passed
2026-03-14T09:56:56Z,payments,INFO,refund 74459 completed
2026-03-14T09:57:00Z,search,INFO,index segment 17669 merged
2026-03-14T09:57:02Z,auth,INFO,login succeeded in 115ms
2026-03-14T09:57:05Z,orders,INFO,inventory check 66934 passed
2026-03-14T09:57:11Z,postgres,INFO,autovacuum finished on table 41016
2026-03-14T09:57:19Z,auth,INFO,logout for session 68384
2026-03-14T09:57:20Z,payments,INFO,webhook 82166 acknowledged
2026-03-14T09:57:33Z,billing,INFO,invoice 25363 rendered in 310ms
2026-03-14T09:57:33Z,search,INFO,index segment 71823 merged
2026-03-14T09:57:36Z,search,INFO,query 21401 served in 207ms
2026-03-14T09:57:37Z,search,INFO,query 52506 served in 90ms
2026-03-14T09:57:43Z,billing,INFO,subscription 90559 renewed
2026-03-14T09:57:44Z,billing,INFO,subscription 13076 renewed
2026-03-14T09:57:47Z,search,INFO,"suggest cache warm, 83675 entries"
2026-03-14T09:57:55Z,payments,INFO,refund 54388 completed
2026-03-14T09:57:57Z,payments,INFO,settlement batch 78976 queued
2026-03-14T09:58:10Z,postgres,INFO,"checkpoint complete, 27816 buffers written"
2026-03-14T09:58:23Z,orders,INFO,order 85330 invoiced
2026-03-14T09:58:48Z,checkout,INFO,session 84334 started
2026-03-14T09:58:51Z,billing,INFO,invoice 65668 rendered in 187ms
2026-03-14T09:58:57Z,orders,INFO,inventory check 39839 passed
2026-03-14T09:59:01Z,orders,INFO,order 75058 dispatched in 274ms
2026-03-14T09:59:17Z,billing,INFO,subscription 48156 renewed
2026-03-14T09:59:18Z,postgres,INFO,"checkpoint complete, 58162 buffers written"
2026-03-14T09:59:28Z,payments,INFO,webhook 81850 acknowledged
2026-03-14T09:59:35Z,checkout,INFO,session 80126 started
2026-03-14T09:59:55Z,payments,INFO,webhook 29521 acknowledged
2026-03-14T10:00:01Z,search,INFO,query 11447 served in 239ms
2026-03-14T10:00:12Z,checkout,INFO,session 7780 started
2026-03-14T10:00:22Z,payments,INFO,refund 30167 completed
2026-03-14T10:00:30Z,billing,INFO,invoice 40878 rendered in 142ms
2026-03-14T10:00:37Z,orders,INFO,order 86714 invoiced
2026-03-14T10:00:41Z,auth,INFO,login succeeded in 88ms
2026-03-14T10:00:41Z,auth,INFO,token issued for session 25193
2026-03-14T10:00:46Z,checkout,INFO,cart 35739 abandoned after 118ms
2026-03-14T10:01:18Z,payments,INFO,charge 2642 authorised in 18ms
2026-03-14T10:01:26Z,checkout,INFO,session 25231 started
2026-03-14T10:01:28Z,auth,INFO,token issued for session 15926
2026-03-14T10:01:30Z,checkout,INFO,payment intent 55100 created
2026-03-14T10:01:36Z,postgres,INFO,autovacuum finished on table 38557
2026-03-14T10:01:37Z,payments,INFO,refund 61378 completed
2026-03-14T10:01:38Z,billing,INFO,credit note 43361 issued
2026-03-14T10:01:46Z,checkout,INFO,cart 51795 converted in 47ms
2026-03-14T10:02:00Z,orders,INFO,order 59976 dispatched in 302ms
2026-03-14T10:02:12Z,search,INFO,query 57554 served in 183ms
2026-03-14T10:02:22Z,orders,INFO,inventory check 40605 passed
2026-03-14T10:02:34Z,billing,INFO,invoice 9171 rendered in 288ms
2026-03-14T10:02:37Z,postgres,INFO,connection 50882 authorised
2026-03-14T10:02:47Z,orders,INFO,inventory check 11188 passed
2026-03-14T10:02:53Z,billing,INFO,subscription 28764 renewed
2026-03-14T10:02:54Z,payments,INFO,refund 48192 completed
2026-03-14T10:02:55Z,postgres,INFO,"checkpoint complete, 29664 buffers written"
2026-03-14T10:03:01Z,search,INFO,index segment 67203 merged
2026-03-14T10:03:10Z,auth,INFO,logout for session 36972
2026-03-14T10:03:14Z,postgres,INFO,autovacuum finished on table 3970
2026-03-14T10:03:16Z,search,INFO,query 6602 served in 178ms
2026-03-14T10:03:17Z,payments,INFO,webhook 52761 acknowledged
2026-03-14T10:03:21Z,orders,INFO,inventory check 77486 passed
2026-03-14T10:03:32Z,payments,INFO,settlement batch 89771 queued
2026-03-14T10:03:35Z,auth,INFO,session 22900 refreshed
2026-03-14T10:03:43Z,deploy,INFO,pipeline 57550 green
2026-03-14T10:03:51Z,deploy,INFO,artefact 89025 published
2026-03-14T10:03:56Z,search,INFO,query 81261 served in 191ms
2026-03-14T10:03:57Z,search,INFO,query 4190 served in 303ms
2026-03-14T10:04:01Z,billing,INFO,dunning run 59216 complete
2026-03-14T10:04:37Z,search,INFO,query 32992 served in 238ms
2026-03-14T10:04:47Z,postgres,INFO,replication lag 187ms
2026-03-14T10:04:52Z,orders,INFO,order 71788 dispatched in 72ms
2026-03-14T10:04:56Z,billing,INFO,invoice 19770 rendered in 79ms
2026-03-14T10:04:57Z,billing,INFO,dunning run 38953 complete
2026-03-14T10:04:58Z,orders,INFO,order 54982 invoiced
2026-03-14T10:04:59Z,orders,INFO,inventory check 20596 passed
2026-03-14T10:05:02Z,checkout,INFO,payment intent 13964 created
2026-03-14T10:05:10Z,search,INFO,query 14559 served in 60ms
2026-03-14T10:05:12Z,auth,INFO,token issued for session 83529
2026-03-14T10:05:20Z,orders,INFO,order 48982 accepted
2026-03-14T10:05:26Z,auth,INFO,login succeeded in 222ms
2026-03-14T10:05:33Z,orders,INFO,inventory check 31943 passed
2026-03-14T10:05:35Z,search,INFO,query 84157 served in 162ms
2026-03-14T10:05:39Z,postgres,INFO,replication lag 195ms
2026-03-14T10:05:45Z,payments,INFO,settlement batch 78436 queued
2026-03-14T10:05:50Z,auth,INFO,token issued for session 93328
2026-03-14T10:06:02Z,orders,INFO,order 41548 invoiced
2026-03-14T10:06:03Z,billing,INFO,invoice 10782 rendered in 174ms
2026-03-14T10:06:05Z,postgres,INFO,"checkpoint complete, 9712 buffers written"
2026-03-14T10:06:07Z,checkout,INFO,payment intent 44277 created
2026-03-14T10:06:09Z,postgres,INFO,"checkpoint complete, 36642 buffers written"
2026-03-14T10:06:19Z,payments,INFO,refund 74917 completed
2026-03-14T10:06:24Z,postgres,INFO,"checkpoint complete, 53290 buffers written"
2026-03-14T10:06:26Z,postgres,INFO,replication lag 262ms
2026-03-14T10:06:53Z,checkout,INFO,cart 33567 converted in 42ms
2026-03-14T10:06:55Z,search,INFO,index segment 73399 merged
2026-03-14T10:07:12Z,billing,INFO,subscription 81681 renewed
2026-03-14T10:07:14Z,auth,INFO,token issued for session 86871
2026-03-14T10:07:28Z,search,INFO,index segment 66900 merged
2026-03-14T10:07:30Z,orders,INFO,order 90951 accepted
2026-03-14T10:07:54Z,checkout,INFO,cart 21209 converted in 190ms
2026-03-14T10:08:09Z,orders,INFO,order 96973 invoiced
2026-03-14T10:08:13Z,billing,INFO,credit note 41654 issued
2026-03-14T10:08:19Z,checkout,INFO,cart 3832 abandoned after 153ms
2026-03-14T10:08:23Z,auth,INFO,logout for session 29693
2026-03-14T10:08:24Z,auth,INFO,session 28935 refreshed
2026-03-14T10:08:27Z,payments,INFO,webhook 98751 acknowledged
2026-03-14T10:08:29Z,checkout,INFO,session 64468 started
2026-03-14T10:08:45Z,checkout,INFO,session 9121 started
2026-03-14T10:08:50Z,payments,INFO,webhook 71909 acknowledged
2026-03-14T10:08:51Z,orders,INFO,order 12992 accepted
2026-03-14T10:09:01Z,auth,INFO,logout for session 58135
2026-03-14T10:09:10Z,checkout,INFO,session 10300 started
2026-03-14T10:09:36Z,billing,INFO,credit note 18348 issued
2026-03-14T10:09:39Z,payments,INFO,charge 76500 authorised in 157ms
2026-03-14T10:09:45Z,payments,INFO,settlement batch 89384 queued
2026-03-14T10:09:51Z,search,INFO,index segment 3308 merged
2026-03-14T10:09:52Z,billing,INFO,credit note 22951 issued
2026-03-14T10:10:03Z,deploy,INFO,release 4.18.5 rolling out to 12 of 12 pods
2026-03-14T10:10:04Z,billing,INFO,subscription 17529 renewed
2026-03-14T10:10:06Z,auth,INFO,session 68814 refreshed
2026-03-14T10:10:10Z,search,INFO,query 36936 served in 273ms
2026-03-14T10:10:20Z,orders,ERROR,connection reset by peer
2026-03-14T10:10:21Z,postgres,INFO,connection 32425 authorised
2026-03-14T10:10:28Z,checkout,INFO,payment intent 97925 created
2026-03-14T10:10:35Z,billing,INFO,invoice 20903 rendered in 119ms
2026-03-14T10:10:35Z,orders,ERROR,connection reset by peer
2026-03-14T10:10:40Z,billing,INFO,dunning run 31638 complete
2026-03-14T10:10:50Z,orders,ERROR,connection reset by peer
2026-03-14T10:10:53Z,payments,INFO,webhook 13993 acknowledged
2026-03-14T10:11:02Z,postgres,INFO,replication lag 230ms
2026-03-14T10:11:05Z,orders,ERROR,connection reset by peer
2026-03-14T10:11:06Z,payments,INFO,settlement batch 2074 queued
2026-03-14T10:11:09Z,orders,INFO,order 15011 invoiced
2026-03-14T10:11:17Z,billing,INFO,dunning run 79144 complete
2026-03-14T10:11:20Z,orders,ERROR,connection reset by peer
2026-03-14T10:11:27Z,checkout,INFO,session 88540 started
2026-03-14T10:11:35Z,orders,ERROR,connection reset by peer
2026-03-14T10:11:39Z,billing,INFO,credit note 17483 issued
2026-03-14T10:11:39Z,payments,INFO,refund 37123 completed
2026-03-14T10:11:45Z,search,INFO,query 3154 served in 125ms
2026-03-14T10:11:48Z,billing,INFO,subscription 78221 renewed
2026-03-14T10:11:49Z,orders,INFO,order 35134 accepted
2026-03-14T10:11:50Z,orders,ERROR,connection reset by peer
2026-03-14T10:11:52Z,payments,INFO,refund 48717 completed
2026-03-14T10:12:05Z,orders,ERROR,connection reset by peer
2026-03-14T10:12:06Z,postgres,INFO,"checkpoint complete, 83553 buffers written"
2026-03-14T10:12:13Z,auth,INFO,session 28457 refreshed
2026-03-14T10:12:20Z,orders,ERROR,connection reset by peer
2026-03-14T10:12:22Z,search,INFO,query 23957 served in 103ms
2026-03-14T10:12:26Z,payments,INFO,webhook 18495 acknowledged
2026-03-14T10:12:29Z,auth,INFO,token issued for session 9318
2026-03-14T10:12:35Z,orders,ERROR,connection reset by peer
2026-03-14T10:12:44Z,auth,INFO,login succeeded in 43ms
2026-03-14T10:12:50Z,orders,ERROR,connection reset by peer
2026-03-14T10:12:50Z,search,INFO,index segment 22282 merged
2026-03-14T10:12:53Z,search,INFO,query 32921 served in 105ms
2026-03-14T10:13:02Z,postgres,INFO,replication lag 183ms
2026-03-14T10:13:03Z,billing,INFO,invoice 82571 rendered in 47ms
2026-03-14T10:13:03Z,search,INFO,query 59720 served in 138ms
2026-03-14T10:13:05Z,orders,ERROR,connection reset by peer
2026-03-14T10:13:09Z,orders,INFO,order 65784 invoiced
2026-03-14T10:13:19Z,orders,INFO,order 87602 dispatched in 86ms
2026-03-14T10:13:20Z,orders,ERROR,connection reset by peer
2026-03-14T10:13:27Z,deploy,INFO,pipeline 74340 green
2026-03-14T10:13:31Z,checkout,INFO,cart 49276 abandoned after 194ms
2026-03-14T10:13:35Z,orders,ERROR,connection reset by peer
2026-03-14T10:13:35Z,orders,INFO,order 72925 accepted
2026-03-14T10:13:38Z,payments,INFO,webhook 21159 acknowledged
2026-03-14T10:13:39Z,checkout,INFO,payment intent 85059 created
2026-03-14T10:13:45Z,payments,INFO,webhook 93435 acknowledged
2026-03-14T10:13:50Z,orders,ERROR,connection reset by peer
2026-03-14T10:13:52Z,postgres,INFO,replication lag 98ms
2026-03-14T10:13:56Z,billing,INFO,credit note 34938 issued
2026-03-14T10:13:57Z,orders,INFO,order 99272 invoiced
2026-03-14T10:14:05Z,orders,ERROR,connection reset by peer
2026-03-14T10:14:05Z,payments,INFO,refund 50854 completed
2026-03-14T10:14:06Z,postgres,INFO,"checkpoint complete, 83199 buffers written"
2026-03-14T10:14:12Z,checkout,INFO,cart 32340 converted in 227ms
2026-03-14T10:14:18Z,postgres,INFO,replication lag 310ms
2026-03-14T10:14:34Z,billing,INFO,dunning run 38284 complete
2026-03-14T10:14:50Z,auth,INFO,login succeeded in 119ms
2026-03-14T10:14:54Z,payments,INFO,charge 83652 authorised in 26ms
2026-03-14T10:15:13Z,orders,WARN,inventory check 96926 took 1115ms
2026-03-14T10:15:13Z,search,INFO,"suggest cache warm, 81300 entries"
2026-03-14T10:15:15Z,auth,INFO,token issued for session 34361
2026-03-14T10:15:15Z,postgres,INFO,"checkpoint complete, 15443 buffers written"
2026-03-14T10:15:16Z,checkout,INFO,cart 86985 converted in 303ms
2026-03-14T10:15:17Z,postgres,INFO,replication lag 68ms
2026-03-14T10:15:19Z,auth,INFO,logout for session 17593
2026-03-14T10:15:20Z,orders,ERROR,connection reset by peer
2026-03-14T10:15:22Z,payments,INFO,settlement batch 61567 queued
2026-03-14T10:15:24Z,checkout,INFO,payment intent 4757 created
2026-03-14T10:15:26Z,checkout,INFO,session 65336 started
2026-03-14T10:15:35Z,orders,ERROR,connection reset by peer
2026-03-14T10:15:36Z,payments,INFO,refund 28963 completed
2026-03-14T10:15:38Z,billing,INFO,subscription 40511 renewed
2026-03-14T10:15:42Z,deploy,INFO,canary 67325 healthy
2026-03-14T10:15:45Z,auth,INFO,token issued for session 31455
2026-03-14T10:15:50Z,orders,ERROR,connection reset by peer
2026-03-14T10:15:58Z,postgres,INFO,autovacuum finished on table 68965
2026-03-14T10:15:59Z,search,INFO,"suggest cache warm, 96152 entries"
2026-03-14T10:16:01Z,billing,INFO,subscription 93349 renewed
2026-03-14T10:16:05Z,orders,ERROR,connection reset by peer
2026-03-14T10:16:20Z,orders,ERROR,connection reset by peer
2026-03-14T10:16:22Z,payments,INFO,charge 75580 authorised in 218ms
2026-03-14T10:16:26Z,search,INFO,query 58128 served in 236ms
2026-03-14T10:16:29Z,payments,INFO,webhook 57850 acknowledged
2026-03-14T10:16:35Z,orders,ERROR,connection reset by peer
2026-03-14T10:16:37Z,payments,INFO,charge 24080 authorised in 158ms
2026-03-14T10:16:39Z,checkout,INFO,cart 43157 abandoned after 43ms
2026-03-14T10:16:42Z,search,INFO,query 32681 served in 63ms
2026-03-14T10:16:50Z,orders,ERROR,connection reset by peer
2026-03-14T10:16:52Z,payments,INFO,webhook 2149 acknowledged
2026-03-14T10:16:55Z,checkout,INFO,session 60438 started
2026-03-14T10:17:05Z,orders,ERROR,connection reset by peer
2026-03-14T10:17:07Z,checkout,INFO,cart 45725 abandoned after 115ms
2026-03-14T10:17:08Z,orders,INFO,order 12152 invoiced
2026-03-14T10:17:14Z,auth,INFO,token issued for session 41567
2026-03-14T10:17:20Z,orders,ERROR,connection reset by peer
2026-03-14T10:17:20Z,payments,INFO,webhook 39705 acknowledged
2026-03-14T10:17:28Z,billing,INFO,dunning run 44054 complete
2026-03-14T10:17:29Z,auth,INFO,logout for session 62000
2026-03-14T10:17:30Z,auth,INFO,logout for session 4016
2026-03-14T10:17:35Z,orders,ERROR,connection reset by peer
2026-03-14T10:17:35Z,search,INFO,index segment 30159 merged
2026-03-14T10:17:50Z,orders,ERROR,connection reset by peer
2026-03-14T10:17:54Z,checkout,INFO,cart 78920 converted in 25ms
2026-03-14T10:18:04Z,postgres,INFO,autovacuum finished on table 37551
2026-03-14T10:18:04Z,search,INFO,query 6667 served in 37ms
2026-03-14T10:18:05Z,orders,ERROR,connection reset by peer
2026-03-14T10:18:20Z,orders,ERROR,connection reset by peer
2026-03-14T10:18:26Z,auth,INFO,logout for session 25142
2026-03-14T10:18:28Z,checkout,INFO,cart 85702 abandoned after 29ms
2026-03-14T10:18:34Z,postgres,INFO,"checkpoint complete, 56662 buffers written"
2026-03-14T10:18:35Z,orders,ERROR,connection reset by peer
2026-03-14T10:18:35Z,orders,INFO,order 41021 invoiced
2026-03-14T10:18:37Z,postgres,INFO,"checkpoint complete, 39089 buffers written"
2026-03-14T10:18:43Z,deploy,INFO,pipeline 7276 green
2026-03-14T10:18:50Z,orders,ERROR,connection reset by peer
2026-03-14T10:18:51Z,billing,INFO,credit note 9305 issued
2026-03-14T10:19:01Z,auth,INFO,login succeeded in 125ms
2026-03-14T10:19:05Z,checkout,INFO,payment intent 69609 created
2026-03-14T10:19:05Z,orders,ERROR,connection reset by peer
2026-03-14T10:19:05Z,postgres,INFO,"checkpoint complete, 71088 buffers written"
2026-03-14T10:19:07Z,payments,INFO,settlement batch 88296 queued
2026-03-14T10:19:16Z,orders,INFO,order 98942 invoiced
2026-03-14T10:19:17Z,billing,INFO,subscription 47993 renewed
2026-03-14T10:19:20Z,orders,INFO,order 20643 dispatched in 70ms
2026-03-14T10:19:24Z,postgres,INFO,"checkpoint complete, 91557 buffers written"
2026-03-14T10:19:26Z,auth,INFO,login succeeded in 202ms
2026-03-14T10:19:30Z,orders,INFO,"healthy, 12 of 12 pods ready"
2026-03-14T10:19:33Z,search,INFO,"suggest cache warm, 68302 entries"
2026-03-14T10:19:35Z,deploy,INFO,"release complete, no rollback"
2026-03-14T10:19:45Z,orders,INFO,inventory check 29821 passed
2026-03-14T10:20:03Z,postgres,INFO,autovacuum finished on table 16574
2026-03-14T10:20:05Z,payments,INFO,settlement batch 53111 queued
2026-03-14T10:20:15Z,checkout,INFO,cart 8478 abandoned after 156ms
2026-03-14T10:20:19Z,search,INFO,index segment 59975 merged
2026-03-14T10:20:20Z,auth,INFO,token issued for session 79889
2026-03-14T10:20:31Z,checkout,INFO,payment intent 51023 created
2026-03-14T10:20:37Z,orders,INFO,order 81555 dispatched in 80ms
2026-03-14T10:20:42Z,orders,INFO,inventory check 77053 passed
2026-03-14T10:20:44Z,postgres,INFO,autovacuum finished on table 71466
2026-03-14T10:20:46Z,billing,INFO,invoice 77983 rendered in 30ms
2026-03-14T10:21:00Z,payments,INFO,webhook 30524 acknowledged
2026-03-14T10:21:01Z,orders,INFO,order 22889 accepted
2026-03-14T10:21:06Z,orders,INFO,inventory check 94761 passed
2026-03-14T10:21:18Z,postgres,INFO,replication lag 270ms
2026-03-14T10:21:19Z,search,INFO,query 60716 served in 220ms
2026-03-14T10:21:41Z,payments,INFO,charge 93757 authorised in 79ms
2026-03-14T10:22:07Z,checkout,INFO,session 19338 started
2026-03-14T10:22:13Z,auth,INFO,token issued for session 74271
2026-03-14T10:22:16Z,billing,INFO,subscription 23986 renewed
2026-03-14T10:22:19Z,billing,INFO,dunning run 38182 complete
2026-03-14T10:22:23Z,checkout,INFO,payment intent 27949 created
2026-03-14T10:22:24Z,billing,INFO,credit note 23730 issued
2026-03-14T10:22:25Z,orders,INFO,order 39063 dispatched in 222ms
2026-03-14T10:22:37Z,checkout,INFO,session 39952 started
2026-03-14T10:22:44Z,payments,INFO,settlement batch 41043 queued
2026-03-14T10:22:59Z,payments,INFO,webhook 1054 acknowledged
2026-03-14T10:23:02Z,billing,INFO,invoice 49424 rendered in 274ms
2026-03-14T10:23:08Z,deploy,INFO,artefact 77506 published
2026-03-14T10:23:09Z,search,INFO,query 94781 served in 47ms
2026-03-14T10:23:10Z,postgres,INFO,autovacuum finished on table 77359
2026-03-14T10:23:31Z,orders,INFO,order 87656 invoiced
2026-03-14T10:23:47Z,payments,INFO,refund 53642 completed
2026-03-14T10:23:54Z,payments,INFO,settlement batch 25519 queued
2026-03-14T10:23:58Z,checkout,INFO,cart 60067 abandoned after 114ms
2026-03-14T10:24:00Z,search,INFO,index segment 8874 merged
2026-03-14T10:24:01Z,billing,INFO,dunning run 82211 complete
2026-03-14T10:24:07Z,checkout,INFO,payment intent 49211 created
2026-03-14T10:24:12Z,auth,INFO,session 64253 refreshed
2026-03-14T10:24:14Z,auth,INFO,logout for session 6834
2026-03-14T10:24:15Z,postgres,INFO,autovacuum finished on table 97413
2026-03-14T10:24:22Z,search,INFO,index segment 41048 merged
2026-03-14T10:24:23Z,orders,INFO,order 25577 invoiced
2026-03-14T10:24:31Z,payments,INFO,charge 73647 authorised in 85ms
2026-03-14T10:24:37Z,checkout,INFO,cart 80526 abandoned after 27ms
2026-03-14T10:24:40Z,auth,INFO,token issued for session 96882
2026-03-14T10:24:43Z,payments,INFO,charge 85936 authorised in 261ms
2026-03-14T10:24:43Z,search,INFO,query 9429 served in 186ms
2026-03-14T10:24:45Z,search,INFO,"suggest cache warm, 18537 entries"
2026-03-14T10:24:48Z,checkout,INFO,cart 39155 converted in 142ms
2026-03-14T10:25:00Z,checkout,ERROR,healthz timeout after 2000ms
2026-03-14T10:25:00Z,checkout,INFO,session 37578 started
2026-03-14T10:25:05Z,checkout,INFO,cart 75653 converted in 196ms
2026-03-14T10:25:06Z,checkout,ERROR,healthz timeout after 2000ms
2026-03-14T10:25:12Z,checkout,ERROR,healthz timeout after 2000ms
2026-03-14T10:25:16Z,auth,INFO,session 2206 refreshed
2026-03-14T10:25:18Z,checkout,ERROR,healthz timeout after 2000ms
2026-03-14T10:25:21Z,search,INFO,index segment 20465 merged
2026-03-14T10:25:24Z,checkout,ERROR,healthz timeout after 2000ms
2026-03-14T10:25:24Z,search,INFO,query 11627 served in 305ms
2026-03-14T10:25:29Z,billing,INFO,subscription 37463 renewed
2026-03-14T10:25:30Z,checkout,ERROR,healthz timeout after 2000ms
2026-03-14T10:25:35Z,payments,INFO,refund 59327 completed
2026-03-14T10:25:36Z,checkout,ERROR,healthz timeout after 2000ms
2026-03-14T10:25:36Z,checkout,INFO,session 2892 started
2026-03-14T10:25:38Z,checkout,INFO,cart 76191 abandoned after 319ms
2026-03-14T10:25:40Z,orders,INFO,order 18438 dispatched in 272ms
2026-03-14T10:25:40Z,search,INFO,query 5794 served in 112ms
2026-03-14T10:25:41Z,billing,INFO,invoice 21304 rendered in 302ms
2026-03-14T10:25:42Z,checkout,ERROR,healthz timeout after 2000ms
2026-03-14T10:25:42Z,payments,INFO,settlement batch 17134 queued
2026-03-14T10:25:44Z,auth,INFO,session 97074 refreshed
2026-03-14T10:25:48Z,checkout,ERROR,healthz timeout after 2000ms
2026-03-14T10:25:49Z,postgres,INFO,autovacuum finished on table 58817
2026-03-14T10:25:54Z,checkout,ERROR,healthz timeout after 2000ms
2026-03-14T10:26:00Z,checkout,ERROR,healthz timeout after 2000ms
2026-03-14T10:26:02Z,payments,INFO,refund 12830 completed
2026-03-14T10:26:06Z,checkout,ERROR,healthz timeout after 2000ms
2026-03-14T10:26:09Z,orders,INFO,order 87275 dispatched in 262ms
2026-03-14T10:26:10Z,payments,INFO,settlement batch 92812 queued
2026-03-14T10:26:12Z,checkout,ERROR,healthz timeout after 2000ms
2026-03-14T10:26:16Z,orders,INFO,order 32682 dispatched in 172ms
2026-03-14T10:26:18Z,checkout,ERROR,healthz timeout after 2000ms
2026-03-14T10:26:24Z,checkout,ERROR,healthz timeout after 2000ms
2026-03-14T10:26:25Z,payments,INFO,charge 82237 authorised in 236ms
2026-03-14T10:26:30Z,checkout,ERROR,healthz timeout after 2000ms
2026-03-14T10:26:31Z,postgres,INFO,autovacuum finished on table 15215
2026-03-14T10:26:36Z,checkout,ERROR,healthz timeout after 2000ms
2026-03-14T10:26:42Z,checkout,ERROR,healthz timeout after 2000ms
2026-03-14T10:26:48Z,checkout,ERROR,healthz timeout after 2000ms
2026-03-14T10:26:48Z,checkout,INFO,session 63856 started
2026-03-14T10:26:48Z,orders,INFO,order 25353 dispatched in 26ms
2026-03-14T10:26:54Z,checkout,ERROR,healthz timeout after 2000ms
2026-03-14T10:27:00Z,checkout,ERROR,healthz timeout after 2000ms
2026-03-14T10:27:04Z,auth,INFO,login succeeded in 175ms
2026-03-14T10:27:06Z,checkout,ERROR,healthz timeout after 2000ms
2026-03-14T10:27:09Z,billing,INFO,dunning run 60757 complete
2026-03-14T10:27:11Z,payments,INFO,webhook 52411 acknowledged
2026-03-14T10:27:12Z,checkout,ERROR,healthz timeout after 2000ms
2026-03-14T10:27:17Z,checkout,WARN,"slow downstream call to search, 936ms"
2026-03-14T10:27:18Z,checkout,ERROR,healthz timeout after 2000ms
2026-03-14T10:27:24Z,checkout,ERROR,healthz timeout after 2000ms
2026-03-14T10:27:30Z,checkout,ERROR,healthz timeout after 2000ms
2026-03-14T10:27:36Z,checkout,ERROR,healthz timeout after 2000ms
2026-03-14T10:27:42Z,checkout,ERROR,healthz timeout after 2000ms
2026-03-14T10:27:43Z,auth,INFO,logout for session 80496
2026-03-14T10:27:48Z,checkout,ERROR,healthz timeout after 2000ms
2026-03-14T10:27:54Z,checkout,ERROR,healthz timeout after 2000ms
2026-03-14T10:27:58Z,checkout,INFO,cart 66979 converted in 248ms
2026-03-14T10:28:00Z,checkout,ERROR,healthz timeout after 2000ms
2026-03-14T10:28:03Z,checkout,INFO,session 75897 started
2026-03-14T10:28:04Z,orders,INFO,order 36290 dispatched in 122ms
2026-03-14T10:28:06Z,checkout,ERROR,healthz timeout after 2000ms
2026-03-14T10:28:07Z,billing,INFO,dunning run 78263 complete
2026-03-14T10:28:12Z,checkout,ERROR,healthz timeout after 2000ms
2026-03-14T10:28:18Z,checkout,ERROR,healthz timeout after 2000ms
2026-03-14T10:28:18Z,search,INFO,query 55901 served in 38ms
2026-03-14T10:28:22Z,orders,INFO,inventory check 31214 passed
2026-03-14T10:28:22Z,postgres,INFO,connection 33419 authorised
2026-03-14T10:28:24Z,checkout,ERROR,healthz timeout after 2000ms
2026-03-14T10:28:29Z,billing,INFO,dunning run 2238 complete
2026-03-14T10:28:30Z,checkout,ERROR,healthz timeout after 2000ms
2026-03-14T10:28:31Z,postgres,INFO,"checkpoint complete, 12122 buffers written"
2026-03-14T10:28:35Z,billing,INFO,credit note 68681 issued
2026-03-14T10:28:35Z,postgres,INFO,replication lag 123ms
2026-03-14T10:28:36Z,checkout,ERROR,healthz timeout after 2000ms
2026-03-14T10:28:40Z,checkout,INFO,session 53378 started
2026-03-14T10:28:42Z,checkout,ERROR,healthz timeout after 2000ms
2026-03-14T10:28:48Z,auth,INFO,logout for session 22366
2026-03-14T10:28:48Z,checkout,ERROR,healthz timeout after 2000ms
2026-03-14T10:28:49Z,orders,INFO,order 43602 accepted
2026-03-14T10:28:54Z,checkout,ERROR,healthz timeout after 2000ms
2026-03-14T10:29:00Z,checkout,ERROR,healthz timeout after 2000ms
2026-03-14T10:29:06Z,checkout,ERROR,healthz timeout after 2000ms
2026-03-14T10:29:09Z,deploy,INFO,pipeline 28000 green
2026-03-14T10:29:12Z,checkout,ERROR,healthz timeout after 2000ms
2026-03-14T10:29:18Z,checkout,ERROR,healthz timeout after 2000ms
2026-03-14T10:29:19Z,billing,INFO,dunning run 93165 complete
2026-03-14T10:29:24Z,checkout,ERROR,healthz timeout after 2000ms
2026-03-14T10:29:30Z,checkout,ERROR,healthz timeout after 2000ms
2026-03-14T10:29:36Z,checkout,ERROR,healthz timeout after 2000ms
2026-03-14T10:29:37Z,deploy,INFO,pipeline 65834 green
2026-03-14T10:29:55Z,search,INFO,"suggest cache warm, 90997 entries"
2026-03-14T10:30:01Z,search,INFO,query 2885 served in 187ms
2026-03-14T10:30:09Z,search,INFO,"suggest cache warm, 84837 entries"
2026-03-14T10:30:15Z,auth,INFO,login succeeded in 35ms
2026-03-14T10:30:16Z,orders,INFO,order 19800 invoiced
2026-03-14T10:30:20Z,payments,INFO,refund 66931 completed
2026-03-14T10:30:21Z,auth,INFO,login succeeded in 110ms
2026-03-14T10:30:23Z,checkout,INFO,payment intent 83296 created
2026-03-14T10:30:23Z,postgres,INFO,replication lag 216ms
2026-03-14T10:30:26Z,payments,INFO,charge 41285 authorised in 177ms
2026-03-14T10:30:32Z,search,INFO,query 84294 served in 229ms
2026-03-14T10:30:37Z,postgres,INFO,replication lag 110ms
2026-03-14T10:30:46Z,billing,INFO,subscription 85324 renewed
2026-03-14T10:30:48Z,orders,INFO,order 53185 accepted
2026-03-14T10:30:56Z,orders,INFO,order 53323 accepted
2026-03-14T10:31:05Z,billing,INFO,invoice 80100 rendered in 84ms
2026-03-14T10:31:14Z,billing,INFO,dunning run 70844 complete
2026-03-14T10:31:18Z,billing,INFO,credit note 61044 issued
2026-03-14T10:31:26Z,payments,INFO,charge 50118 authorised in 96ms
2026-03-14T10:31:43Z,checkout,INFO,payment intent 31479 created
2026-03-14T10:31:44Z,billing,INFO,subscription 12297 renewed
2026-03-14T10:31:46Z,orders,INFO,inventory check 98111 passed
2026-03-14T10:31:55Z,orders,INFO,order 77994 invoiced
2026-03-14T10:32:07Z,billing,INFO,subscription 37393 renewed
2026-03-14T10:32:07Z,search,INFO,query 20222 served in 178ms
2026-03-14T10:32:07Z,search,INFO,query 2072 served in 300ms
2026-03-14T10:32:10Z,auth,INFO,session 45117 refreshed
2026-03-14T10:32:19Z,auth,INFO,logout for session 31585
2026-03-14T10:32:23Z,orders,INFO,order 1444 invoiced
2026-03-14T10:32:31Z,search,INFO,query 70858 served in 98ms
2026-03-14T10:32:41Z,auth,INFO,login succeeded in 241ms
2026-03-14T10:32:41Z,auth,INFO,token issued for session 56973
2026-03-14T10:32:55Z,search,INFO,query 42074 served in 59ms
2026-03-14T10:32:59Z,auth,INFO,token issued for session 25025
2026-03-14T10:33:07Z,search,INFO,query 18920 served in 73ms
2026-03-14T10:33:12Z,deploy,INFO,pipeline 11875 green
2026-03-14T10:33:15Z,checkout,INFO,cart 95914 converted in 169ms
2026-03-14T10:33:26Z,auth,INFO,session 73433 refreshed
2026-03-14T10:33:35Z,orders,INFO,order 38602 accepted
2026-03-14T10:33:48Z,billing,INFO,credit note 99981 issued
2026-03-14T10:33:49Z,checkout,INFO,cart 94825 abandoned after 147ms
2026-03-14T10:33:57Z,postgres,INFO,replication lag 21ms
2026-03-14T10:33:59Z,checkout,INFO,session 52775 started
2026-03-14T10:34:07Z,checkout,INFO,payment intent 33754 created
2026-03-14T10:34:13Z,payments,INFO,charge 72823 authorised in 314ms
2026-03-14T10:34:33Z,postgres,INFO,"checkpoint complete, 27011 buffers written"
2026-03-14T10:34:36Z,checkout,INFO,cart 74673 abandoned after 6ms
2026-03-14T10:34:43Z,payments,INFO,settlement batch 69105 queued
2026-03-14T10:34:47Z,postgres,INFO,autovacuum finished on table 36785
2026-03-14T10:34:57Z,auth,INFO,session 1267 refreshed
2026-03-14T10:35:11Z,orders,INFO,inventory check 96315 passed
2026-03-14T10:35:13Z,postgres,INFO,connection 19245 authorised
2026-03-14T10:35:14Z,payments,INFO,settlement batch 32845 queued
2026-03-14T10:35:15Z,billing,INFO,credit note 33509 issued
2026-03-14T10:35:21Z,orders,INFO,order 78889 dispatched in 31ms
2026-03-14T10:35:22Z,payments,INFO,settlement batch 8597 queued
2026-03-14T10:35:23Z,orders,INFO,order 19574 invoiced
2026-03-14T10:35:24Z,postgres,INFO,replication lag 245ms
2026-03-14T10:35:31Z,checkout,INFO,payment intent 82734 created
2026-03-14T10:35:48Z,checkout,INFO,cart 98015 converted in 211ms
2026-03-14T10:35:52Z,checkout,INFO,session 43068 started
2026-03-14T10:35:55Z,billing,WARN,invoice 75383 re-rendered after template cache miss
2026-03-14T10:35:59Z,orders,INFO,order 32147 dispatched in 319ms
2026-03-14T10:36:00Z,orders,INFO,order 72932 dispatched in 222ms
2026-03-14T10:36:17Z,payments,INFO,settlement batch 69872 queued
2026-03-14T10:36:19Z,payments,INFO,webhook 69030 acknowledged
2026-03-14T10:36:29Z,checkout,INFO,cart 7776 converted in 99ms
2026-03-14T10:36:33Z,auth,INFO,session 25531 refreshed
2026-03-14T10:36:44Z,deploy,INFO,canary 68655 healthy
2026-03-14T10:36:52Z,checkout,INFO,cart 29101 converted in 221ms
2026-03-14T10:37:05Z,deploy,INFO,artefact 5759 published
2026-03-14T10:37:09Z,payments,INFO,webhook 54782 acknowledged
2026-03-14T10:37:13Z,auth,INFO,session 39648 refreshed
2026-03-14T10:37:19Z,postgres,INFO,connection 59350 authorised
2026-03-14T10:37:24Z,payments,INFO,charge 12879 authorised in 44ms
2026-03-14T10:37:26Z,orders,INFO,order 62567 accepted
2026-03-14T10:37:36Z,checkout,INFO,session 98261 started
2026-03-14T10:37:39Z,checkout,INFO,payment intent 89149 created
2026-03-14T10:37:49Z,billing,INFO,credit note 46011 issued
2026-03-14T10:37:57Z,auth,INFO,session 31035 refreshed
2026-03-14T10:37:57Z,postgres,INFO,connection 71892 authorised
2026-03-14T10:38:06Z,orders,INFO,inventory check 92923 passed
2026-03-14T10:38:11Z,orders,INFO,order 89873 dispatched in 237ms
2026-03-14T10:38:26Z,payments,INFO,settlement batch 35460 queued
2026-03-14T10:38:35Z,auth,INFO,logout for session 75426
2026-03-14T10:38:45Z,billing,INFO,invoice 57650 rendered in 184ms
2026-03-14T10:38:57Z,postgres,INFO,autovacuum finished on table 46390
2026-03-14T10:39:04Z,billing,INFO,dunning run 36876 complete
2026-03-14T10:39:13Z,postgres,INFO,autovacuum finished on table 92374
2026-03-14T10:39:14Z,auth,INFO,logout for session 44977
2026-03-14T10:39:15Z,checkout,INFO,cart 81737 abandoned after 21ms
2026-03-14T10:39:22Z,billing,INFO,subscription 21490 renewed
2026-03-14T10:39:23Z,auth,INFO,logout for session 63024
2026-03-14T10:39:35Z,auth,INFO,logout for session 21058
2026-03-14T10:39:44Z,checkout,INFO,cart 48318 converted in 66ms
2026-03-14T10:40:17Z,payments,INFO,settlement batch 68142 queued
2026-03-14T10:40:18Z,postgres,INFO,connection 98828 authorised
2026-03-14T10:40:33Z,payments,INFO,webhook 31022 acknowledged
2026-03-14T10:40:41Z,payments,INFO,charge 27169 authorised in 4ms
2026-03-14T10:40:44Z,billing,INFO,subscription 28537 renewed
2026-03-14T10:40:45Z,billing,INFO,dunning run 36222 complete
2026-03-14T10:40:54Z,billing,INFO,dunning run 27135 complete
2026-03-14T10:41:06Z,auth,INFO,token issued for session 70628
2026-03-14T10:41:26Z,payments,INFO,refund 5067 completed
2026-03-14T10:41:32Z,orders,INFO,order 60453 invoiced
2026-03-14T10:41:39Z,billing,INFO,subscription 93682 renewed
2026-03-14T10:41:45Z,deploy,INFO,canary 20146 healthy
2026-03-14T10:41:49Z,checkout,INFO,cart 22807 abandoned after 248ms
2026-03-14T10:41:55Z,checkout,INFO,payment intent 25627 created
2026-03-14T10:42:05Z,postgres,INFO,"checkpoint complete, 67093 buffers written"
2026-03-14T10:42:08Z,payments,INFO,refund 43371 completed
2026-03-14T10:42:10Z,auth,INFO,login succeeded in 47ms
2026-03-14T10:42:28Z,payments,INFO,refund 84839 completed
2026-03-14T10:42:38Z,auth,INFO,session 4221 refreshed
2026-03-14T10:42:42Z,auth,INFO,session 95564 refreshed
2026-03-14T10:42:43Z,checkout,INFO,cart 94525 abandoned after 278ms
2026-03-14T10:42:59Z,orders,INFO,order 97508 dispatched in 20ms
2026-03-14T10:43:06Z,orders,INFO,order 5409 dispatched in 269ms
2026-03-14T10:43:07Z,auth,INFO,token issued for session 67402
2026-03-14T10:43:15Z,auth,INFO,session 51534 refreshed
2026-03-14T10:43:22Z,postgres,INFO,replication lag 233ms
2026-03-14T10:43:26Z,billing,INFO,invoice 33894 rendered in 246ms
2026-03-14T10:43:27Z,payments,INFO,settlement batch 30156 queued
2026-03-14T10:43:30Z,billing,INFO,invoice 20054 rendered in 191ms
2026-03-14T10:43:32Z,orders,INFO,inventory check 75237 passed
2026-03-14T10:43:34Z,checkout,INFO,cart 3941 converted in 212ms
2026-03-14T10:43:45Z,payments,INFO,refund 58129 completed
2026-03-14T10:43:57Z,auth,INFO,logout for session 49260
2026-03-14T10:43:58Z,postgres,INFO,autovacuum finished on table 25551
2026-03-14T10:44:16Z,auth,INFO,logout for session 88518
2026-03-14T10:44:18Z,orders,INFO,order 99803 invoiced
2026-03-14T10:44:19Z,postgres,INFO,replication lag 308ms
2026-03-14T10:44:29Z,postgres,INFO,"checkpoint complete, 14508 buffers written"
2026-03-14T10:44:34Z,postgres,INFO,connection 36519 authorised
2026-03-14T10:44:49Z,checkout,INFO,cart 27776 abandoned after 238ms
2026-03-14T10:44:54Z,auth,INFO,token issued for session 53918
2026-03-14T10:44:56Z,checkout,INFO,payment intent 95364 created
2026-03-14T10:44:57Z,payments,INFO,charge 65628 authorised in 75ms
2026-03-14T10:45:02Z,postgres,INFO,replication lag 72ms
2026-03-14T10:45:05Z,orders,INFO,order 23245 accepted
2026-03-14T10:45:07Z,auth,INFO,token issued for session 91809
2026-03-14T10:45:19Z,orders,INFO,order 59791 dispatched in 130ms
2026-03-14T10:45:21Z,checkout,INFO,cart 6234 converted in 279ms
2026-03-14T10:45:36Z,search,INFO,query 53486 served in 145ms
2026-03-14T10:45:53Z,checkout,INFO,session 92686 started
2026-03-14T10:46:09Z,orders,INFO,order 12339 accepted
2026-03-14T10:46:10Z,payments,INFO,charge 63485 authorised in 260ms
2026-03-14T10:46:11Z,billing,INFO,dunning run 62043 complete
2026-03-14T10:46:14Z,postgres,INFO,connection 51164 authorised
2026-03-14T10:46:17Z,payments,INFO,webhook 90283 acknowledged
2026-03-14T10:46:25Z,postgres,INFO,autovacuum finished on table 45555
2026-03-14T10:46:31Z,checkout,INFO,session 46191 started
2026-03-14T10:46:33Z,orders,INFO,inventory check 27634 passed
2026-03-14T10:46:51Z,checkout,INFO,session 96321 started
2026-03-14T10:46:51Z,deploy,INFO,pipeline 7218 green
2026-03-14T10:46:55Z,search,INFO,"suggest cache warm, 65452 entries"
2026-03-14T10:47:00Z,checkout,INFO,session 64044 started
2026-03-14T10:47:10Z,billing,INFO,credit note 18772 issued
2026-03-14T10:47:16Z,billing,INFO,invoice 46542 rendered in 182ms
2026-03-14T10:47:16Z,billing,INFO,subscription 33754 renewed
2026-03-14T10:47:24Z,auth,INFO,token issued for session 23551
2026-03-14T10:47:28Z,billing,INFO,subscription 1712 renewed
2026-03-14T10:47:32Z,billing,INFO,credit note 57256 issued
2026-03-14T10:47:33Z,auth,INFO,token issued for session 79368
2026-03-14T10:47:42Z,postgres,INFO,replication lag 113ms
2026-03-14T10:47:47Z,payments,INFO,refund 51236 completed
2026-03-14T10:47:48Z,checkout,INFO,session 3998 started
2026-03-14T10:47:48Z,search,INFO,query 10835 served in 299ms
2026-03-14T10:47:51Z,payments,INFO,settlement batch 15266 queued
2026-03-14T10:47:53Z,payments,INFO,refund 21949 completed
2026-03-14T10:47:56Z,search,INFO,query 64900 served in 174ms
2026-03-14T10:48:03Z,postgres,INFO,autovacuum finished on table 58415
2026-03-14T10:48:13Z,checkout,INFO,session 91392 started
2026-03-14T10:48:34Z,checkout,INFO,session 81831 started
2026-03-14T10:48:36Z,payments,INFO,webhook 49425 acknowledged
2026-03-14T10:48:40Z,payments,INFO,settlement batch 94844 queued
2026-03-14T10:49:05Z,orders,INFO,order 94629 accepted
2026-03-14T10:49:10Z,orders,INFO,order 65588 invoiced
2026-03-14T10:49:14Z,auth,INFO,login succeeded in 303ms
2026-03-14T10:49:15Z,payments,INFO,settlement batch 66249 queued
2026-03-14T10:49:16Z,search,INFO,"suggest cache warm, 86575 entries"
2026-03-14T10:49:17Z,search,INFO,index segment 86457 merged
2026-03-14T10:49:21Z,postgres,INFO,"checkpoint complete, 47788 buffers written"
2026-03-14T10:49:27Z,search,INFO,index segment 61653 merged
2026-03-14T10:49:28Z,auth,INFO,token issued for session 57084
2026-03-14T10:49:36Z,orders,INFO,inventory check 79740 passed
2026-03-14T10:49:36Z,payments,INFO,charge 62683 authorised in 106ms
2026-03-14T10:49:51Z,checkout,INFO,session 91339 started
2026-03-14T10:49:56Z,auth,INFO,session 88214 refreshed
2026-03-14T10:50:11Z,postgres,INFO,replication lag 13ms
2026-03-14T10:50:26Z,orders,INFO,order 89065 dispatched in 63ms
2026-03-14T10:50:26Z,search,INFO,query 1198 served in 116ms
2026-03-14T10:50:43Z,search,INFO,index segment 34741 merged
2026-03-14T10:50:45Z,orders,INFO,order 22855 invoiced
2026-03-14T10:50:48Z,auth,INFO,login succeeded in 164ms
2026-03-14T10:50:48Z,search,INFO,"suggest cache warm, 46839 entries"
2026-03-14T10:51:03Z,auth,INFO,logout for session 96227
2026-03-14T10:51:09Z,auth,INFO,session 45736 refreshed
2026-03-14T10:51:22Z,payments,INFO,webhook 20123 acknowledged
2026-03-14T10:51:24Z,billing,INFO,credit note 59708 issued
2026-03-14T10:51:26Z,search,INFO,index segment 72535 merged
2026-03-14T10:51:28Z,checkout,INFO,cart 6500 abandoned after 32ms
2026-03-14T10:51:37Z,orders,INFO,order 44079 invoiced
2026-03-14T10:51:42Z,orders,INFO,order 6646 dispatched in 73ms
2026-03-14T10:51:47Z,payments,INFO,charge 79083 authorised in 108ms
2026-03-14T10:51:50Z,payments,INFO,settlement batch 49009 queued
2026-03-14T10:51:56Z,deploy,INFO,pipeline 33822 green
2026-03-14T10:52:09Z,auth,INFO,session 68150 refreshed
2026-03-14T10:52:18Z,payments,INFO,charge 66688 authorised in 20ms
2026-03-14T10:52:24Z,orders,INFO,order 55774 dispatched in 208ms
2026-03-14T10:52:44Z,postgres,INFO,autovacuum finished on table 71099
2026-03-14T10:52:45Z,auth,INFO,session 11899 refreshed
2026-03-14T10:52:52Z,checkout,INFO,payment intent 5387 created
2026-03-14T10:52:54Z,checkout,INFO,session 41223 started
2026-03-14T10:52:55Z,auth,INFO,logout for session 9444
2026-03-14T10:52:59Z,postgres,INFO,connection 52631 authorised
2026-03-14T10:53:11Z,billing,INFO,credit note 78871 issued
2026-03-14T10:53:28Z,search,INFO,query 72339 served in 138ms
2026-03-14T10:53:47Z,payments,INFO,charge 84671 authorised in 171ms
2026-03-14T10:53:48Z,checkout,INFO,payment intent 36881 created
2026-03-14T10:53:55Z,payments,INFO,charge 73752 authorised in 266ms
2026-03-14T10:53:56Z,billing,INFO,invoice 54098 rendered in 27ms
2026-03-14T10:53:59Z,search,INFO,"suggest cache warm, 74261 entries"
2026-03-14T10:54:01Z,payments,INFO,webhook 45340 acknowledged
2026-03-14T10:54:05Z,checkout,INFO,cart 67407 abandoned after 281ms
2026-03-14T10:54:06Z,payments,INFO,refund 49839 completed
2026-03-14T10:54:10Z,checkout,INFO,session 28840 started
2026-03-14T10:54:17Z,auth,INFO,login succeeded in 56ms
2026-03-14T10:54:19Z,payments,INFO,charge 82732 authorised in 123ms
2026-03-14T10:54:20Z,auth,INFO,token issued for session 80360
2026-03-14T10:54:39Z,postgres,INFO,"checkpoint complete, 89174 buffers written"
2026-03-14T10:54:46Z,billing,INFO,credit note 76615 issued
2026-03-14T10:54:49Z,search,INFO,query 16174 served in 47ms
2026-03-14T10:54:51Z,billing,INFO,credit note 45210 issued
2026-03-14T10:54:52Z,checkout,INFO,cart 50244 converted in 112ms
2026-03-14T10:54:54Z,orders,INFO,order 84059 invoiced
2026-03-14T10:54:57Z,postgres,INFO,"checkpoint complete, 95679 buffers written"
2026-03-14T10:54:59Z,billing,INFO,credit note 75017 issued
2026-03-14T10:55:07Z,search,INFO,index segment 23308 merged
2026-03-14T10:55:08Z,checkout,INFO,payment intent 26157 created
2026-03-14T10:55:19Z,postgres,INFO,autovacuum finished on table 88344
2026-03-14T10:55:29Z,payments,INFO,webhook 75482 acknowledged
2026-03-14T10:55:33Z,postgres,INFO,connection 36055 authorised
2026-03-14T10:55:35Z,auth,INFO,session 96755 refreshed
2026-03-14T10:55:35Z,billing,INFO,invoice 80936 rendered in 153ms
2026-03-14T10:55:38Z,auth,INFO,logout for session 11200
2026-03-14T10:55:46Z,auth,INFO,token issued for session 13489
2026-03-14T10:55:52Z,payments,INFO,charge 51702 authorised in 111ms
2026-03-14T10:55:52Z,search,INFO,"suggest cache warm, 23621 entries"
2026-03-14T10:55:54Z,checkout,INFO,payment intent 57903 created
2026-03-14T10:55:58Z,orders,INFO,order 97442 invoiced
2026-03-14T10:56:08Z,billing,INFO,invoice 98736 rendered in 139ms
2026-03-14T10:56:22Z,auth,INFO,logout for session 2910
2026-03-14T10:56:31Z,checkout,INFO,cart 95631 converted in 128ms
2026-03-14T10:56:39Z,payments,INFO,settlement batch 11987 queued
2026-03-14T10:56:41Z,checkout,INFO,cart 74617 converted in 153ms
2026-03-14T10:56:48Z,search,INFO,index segment 29533 merged
2026-03-14T10:57:07Z,search,INFO,index segment 62256 merged
2026-03-14T10:57:08Z,auth,INFO,logout for session 32171
2026-03-14T10:57:14Z,auth,INFO,login succeeded in 192ms
2026-03-14T10:57:21Z,orders,INFO,order 84244 accepted
2026-03-14T10:57:24Z,search,INFO,"suggest cache warm, 81318 entries"
2026-03-14T10:57:25Z,payments,INFO,settlement batch 47168 queued
2026-03-14T10:57:25Z,payments,INFO,settlement batch 69471 queued
2026-03-14T10:57:44Z,payments,INFO,charge 99394 authorised in 8ms
2026-03-14T10:57:46Z,payments,INFO,charge 11066 authorised in 92ms
2026-03-14T10:57:48Z,billing,INFO,dunning run 90466 complete
2026-03-14T10:57:49Z,search,INFO,"suggest cache warm, 34816 entries"
2026-03-14T10:57:52Z,deploy,INFO,pipeline 70584 green
2026-03-14T10:57:55Z,billing,INFO,subscription 81911 renewed
2026-03-14T10:57:55Z,postgres,INFO,"checkpoint complete, 88127 buffers written"
2026-03-14T10:58:06Z,billing,INFO,subscription 43475 renewed
2026-03-14T10:58:06Z,postgres,INFO,replication lag 150ms
2026-03-14T10:58:10Z,payments,INFO,charge 57166 authorised in 207ms
2026-03-14T10:58:12Z,orders,INFO,order 98483 dispatched in 18ms
2026-03-14T10:58:28Z,billing,INFO,subscription 54703 renewed
2026-03-14T10:58:41Z,auth,INFO,session 77726 refreshed
2026-03-14T10:58:54Z,payments,INFO,webhook 83504 acknowledged
2026-03-14T10:59:04Z,search,INFO,index segment 34211 merged
2026-03-14T10:59:09Z,deploy,INFO,artefact 37017 published
2026-03-14T10:59:11Z,billing,INFO,dunning run 43942 complete
2026-03-14T10:59:12Z,postgres,INFO,connection 46993 authorised
2026-03-14T10:59:21Z,checkout,INFO,payment intent 53739 created
2026-03-14T10:59:26Z,postgres,INFO,autovacuum finished on table 35550
2026-03-14T10:59:28Z,auth,INFO,logout for session 30329
2026-03-14T10:59:33Z,orders,INFO,inventory check 79098 passed
2026-03-14T10:59:37Z,search,INFO,"suggest cache warm, 58245 entries"
2026-03-14T10:59:39Z,auth,INFO,logout for session 43647
2026-03-14T10:59:40Z,checkout,INFO,cart 61723 converted in 58ms
2026-03-14T10:59:48Z,billing,INFO,credit note 54797 issued
2026-03-14T10:59:54Z,billing,INFO,credit note 78122 issued
2026-03-14T10:59:57Z,orders,INFO,inventory check 44781 passed
2026-03-14T11:00:00Z,checkout,ERROR,healthz timeout after 2000ms
2026-03-14T11:00:06Z,checkout,ERROR,healthz timeout after 2000ms
2026-03-14T11:00:07Z,payments,INFO,charge 52095 authorised in 98ms
2026-03-14T11:00:12Z,checkout,ERROR,healthz timeout after 2000ms
2026-03-14T11:00:18Z,checkout,ERROR,healthz timeout after 2000ms
2026-03-14T11:00:22Z,billing,INFO,subscription 53412 renewed
2026-03-14T11:00:24Z,auth,INFO,logout for session 16507
2026-03-14T11:00:24Z,checkout,ERROR,healthz timeout after 2000ms
2026-03-14T11:00:30Z,checkout,ERROR,healthz timeout after 2000ms
2026-03-14T11:00:34Z,checkout,INFO,cart 93367 converted in 245ms
2026-03-14T11:00:36Z,checkout,ERROR,healthz timeout after 2000ms
2026-03-14T11:00:42Z,checkout,ERROR,healthz timeout after 2000ms
2026-03-14T11:00:44Z,billing,INFO,dunning run 61002 complete
2026-03-14T11:00:48Z,checkout,ERROR,healthz timeout after 2000ms
2026-03-14T11:00:52Z,payments,INFO,settlement batch 76587 queued
2026-03-14T11:00:53Z,auth,INFO,session 48652 refreshed
2026-03-14T11:00:54Z,checkout,ERROR,healthz timeout after 2000ms
2026-03-14T11:00:58Z,checkout,INFO,cart 67118 converted in 83ms
2026-03-14T11:01:00Z,checkout,ERROR,healthz timeout after 2000ms
2026-03-14T11:01:05Z,orders,INFO,order 40817 dispatched in 139ms
2026-03-14T11:01:06Z,checkout,ERROR,healthz timeout after 2000ms
2026-03-14T11:01:07Z,postgres,INFO,connection 15268 authorised
2026-03-14T11:01:12Z,checkout,ERROR,healthz timeout after 2000ms
2026-03-14T11:01:14Z,postgres,INFO,"checkpoint complete, 28584 buffers written"
2026-03-14T11:01:18Z,checkout,ERROR,healthz timeout after 2000ms
2026-03-14T11:01:20Z,checkout,INFO,session 11532 started
2026-03-14T11:01:24Z,checkout,ERROR,healthz timeout after 2000ms
2026-03-14T11:01:29Z,postgres,INFO,"checkpoint complete, 6476 buffers written"
2026-03-14T11:01:30Z,checkout,ERROR,healthz timeout after 2000ms
2026-03-14T11:01:31Z,search,INFO,index segment 37597 merged
2026-03-14T11:01:36Z,checkout,ERROR,healthz timeout after 2000ms
2026-03-14T11:01:36Z,payments,INFO,webhook 13825 acknowledged
2026-03-14T11:01:36Z,postgres,INFO,autovacuum finished on table 95862
2026-03-14T11:01:38Z,orders,INFO,order 56173 invoiced
2026-03-14T11:01:42Z,checkout,ERROR,healthz timeout after 2000ms
2026-03-14T11:01:48Z,checkout,ERROR,healthz timeout after 2000ms
2026-03-14T11:01:49Z,orders,WARN,inventory check 93247 took 1523ms
2026-03-14T11:01:53Z,auth,INFO,session 65892 refreshed
2026-03-14T11:01:54Z,checkout,ERROR,healthz timeout after 2000ms
2026-03-14T11:01:56Z,auth,INFO,session 23666 refreshed
2026-03-14T11:02:00Z,checkout,ERROR,healthz timeout after 2000ms
2026-03-14T11:02:05Z,payments,INFO,charge 89345 authorised in 19ms
2026-03-14T11:02:06Z,billing,INFO,subscription 62322 renewed
2026-03-14T11:02:06Z,checkout,ERROR,healthz timeout after 2000ms
2026-03-14T11:02:06Z,postgres,INFO,"checkpoint complete, 74731 buffers written"
2026-03-14T11:02:12Z,checkout,ERROR,healthz timeout after 2000ms
2026-03-14T11:02:18Z,checkout,ERROR,healthz timeout after 2000ms
2026-03-14T11:02:22Z,billing,INFO,dunning run 58215 complete
2026-03-14T11:02:24Z,checkout,ERROR,healthz timeout after 2000ms
2026-03-14T11:02:27Z,auth,INFO,session 41169 refreshed
2026-03-14T11:02:28Z,billing,INFO,dunning run 88920 complete
2026-03-14T11:02:30Z,checkout,ERROR,healthz timeout after 2000ms
2026-03-14T11:02:30Z,search,INFO,index segment 70388 merged
2026-03-14T11:02:33Z,checkout,INFO,session 56781 started
2026-03-14T11:02:36Z,checkout,ERROR,healthz timeout after 2000ms
2026-03-14T11:02:37Z,payments,INFO,webhook 95036 acknowledged
2026-03-14T11:02:39Z,deploy,INFO,canary 51716 healthy
2026-03-14T11:02:42Z,checkout,ERROR,healthz timeout after 2000ms
2026-03-14T11:02:48Z,checkout,ERROR,healthz timeout after 2000ms
2026-03-14T11:02:54Z,checkout,ERROR,healthz timeout after 2000ms
2026-03-14T11:02:58Z,billing,INFO,invoice 82674 rendered in 221ms
2026-03-14T11:03:00Z,checkout,INFO,cart 93305 converted in 267ms
2026-03-14T11:03:00Z,checkout,ERROR,healthz timeout after 2000ms
2026-03-14T11:03:00Z,orders,INFO,order 31822 dispatched in 182ms
2026-03-14T11:03:06Z,checkout,ERROR,healthz timeout after 2000ms
2026-03-14T11:03:12Z,checkout,ERROR,healthz timeout after 2000ms
2026-03-14T11:03:18Z,checkout,ERROR,healthz timeout after 2000ms
2026-03-14T11:03:20Z,auth,INFO,session 85384 refreshed
2026-03-14T11:03:24Z,checkout,ERROR,healthz timeout after 2000ms
2026-03-14T11:03:24Z,search,INFO,index segment 65055 merged
2026-03-14T11:03:30Z,checkout,ERROR,healthz timeout after 2000ms
2026-03-14T11:03:32Z,checkout,INFO,payment intent 32242 created
2026-03-14T11:03:36Z,checkout,ERROR,healthz timeout after 2000ms
2026-03-14T11:03:42Z,checkout,ERROR,healthz timeout after 2000ms
2026-03-14T11:03:48Z,checkout,ERROR,healthz timeout after 2000ms
2026-03-14T11:03:54Z,checkout,ERROR,healthz timeout after 2000ms
2026-03-14T11:03:55Z,auth,INFO,token issued for session 55521
2026-03-14T11:04:00Z,checkout,ERROR,healthz timeout after 2000ms
2026-03-14T11:04:03Z,auth,INFO,session 7747 refreshed
2026-03-14T11:04:06Z,checkout,ERROR,healthz timeout after 2000ms
2026-03-14T11:04:12Z,checkout,ERROR,healthz timeout after 2000ms
2026-03-14T11:04:12Z,checkout,INFO,payment intent 3792 created
2026-03-14T11:04:12Z,orders,INFO,order 91067 accepted
2026-03-14T11:04:14Z,orders,INFO,order 92257 dispatched in 178ms
2026-03-14T11:04:18Z,checkout,ERROR,healthz timeout after 2000ms
2026-03-14T11:04:18Z,payments,INFO,charge 67465 authorised in 266ms
2026-03-14T11:04:22Z,search,INFO,query 14270 served in 84ms
2026-03-14T11:04:24Z,checkout,ERROR,healthz timeout after 2000ms
2026-03-14T11:04:26Z,auth,INFO,logout for session 83639
2026-03-14T11:04:30Z,checkout,ERROR,healthz timeout after 2000ms
2026-03-14T11:04:33Z,search,INFO,index segment 52263 merged
2026-03-14T11:04:35Z,checkout,INFO,cart 82074 abandoned after 48ms
2026-03-14T11:04:36Z,checkout,ERROR,healthz timeout after 2000ms
2026-03-14T11:04:39Z,orders,INFO,inventory check 2530 passed
2026-03-14T11:04:43Z,billing,INFO,dunning run 72219 complete
2026-03-14T11:04:44Z,billing,INFO,invoice 78313 rendered in 53ms
2026-03-14T11:04:53Z,orders,INFO,inventory check 29051 passed
2026-03-14T11:04:54Z,billing,INFO,credit note 61533 issued
2026-03-14T11:04:56Z,orders,INFO,inventory check 57503 passed
2026-03-14T11:05:14Z,search,INFO,query 30552 served in 313ms
2026-03-14T11:05:15Z,postgres,INFO,connection 93980 authorised
2026-03-14T11:05:29Z,billing,INFO,credit note 85632 issued
2026-03-14T11:05:33Z,orders,INFO,order 34629 accepted
2026-03-14T11:05:37Z,checkout,INFO,cart 74110 converted in 179ms
2026-03-14T11:05:43Z,orders,INFO,order 50903 accepted
2026-03-14T11:05:55Z,search,INFO,index segment 7280 merged
2026-03-14T11:06:04Z,billing,INFO,subscription 7834 renewed
2026-03-14T11:06:09Z,auth,INFO,session 15710 refreshed
2026-03-14T11:06:11Z,billing,INFO,dunning run 14626 complete
2026-03-14T11:06:11Z,orders,INFO,order 88728 accepted
2026-03-14T11:06:22Z,billing,INFO,dunning run 78319 complete
2026-03-14T11:06:27Z,postgres,INFO,autovacuum finished on table 30898
2026-03-14T11:06:34Z,payments,INFO,settlement batch 7051 queued
2026-03-14T11:06:46Z,auth,INFO,token issued for session 41084
2026-03-14T11:06:58Z,search,INFO,"suggest cache warm, 35561 entries"
2026-03-14T11:07:10Z,postgres,INFO,connection 54088 authorised
2026-03-14T11:07:11Z,search,INFO,index segment 73192 merged
2026-03-14T11:07:15Z,deploy,WARN,canary 34843 restarted once before becoming healthy
2026-03-14T11:07:23Z,postgres,INFO,connection 93766 authorised
2026-03-14T11:07:24Z,checkout,INFO,session 82330 started
2026-03-14T11:07:27Z,auth,INFO,token issued for session 73002
2026-03-14T11:07:27Z,billing,INFO,subscription 63784 renewed
2026-03-14T11:07:27Z,orders,INFO,inventory check 61474 passed
2026-03-14T11:07:29Z,checkout,INFO,session 11794 started
2026-03-14T11:07:32Z,search,INFO,index segment 91886 merged
2026-03-14T11:07:33Z,payments,INFO,charge 84586 authorised in 196ms
2026-03-14T11:07:40Z,postgres,INFO,connection 52603 authorised
2026-03-14T11:07:43Z,checkout,INFO,cart 83475 converted in 173ms
2026-03-14T11:07:45Z,payments,INFO,settlement batch 30528 queued
2026-03-14T11:07:57Z,auth,INFO,session 24916 refreshed
2026-03-14T11:08:12Z,orders,INFO,order 35066 dispatched in 215ms
2026-03-14T11:08:16Z,billing,INFO,subscription 13771 renewed
2026-03-14T11:08:19Z,orders,INFO,order 30100 invoiced
2026-03-14T11:08:33Z,postgres,INFO,autovacuum finished on table 29829
2026-03-14T11:08:35Z,payments,INFO,refund 9545 completed
2026-03-14T11:08:39Z,orders,INFO,inventory check 58330 passed
2026-03-14T11:08:41Z,payments,INFO,webhook 36213 acknowledged
2026-03-14T11:08:43Z,orders,INFO,order 94752 accepted
2026-03-14T11:09:01Z,auth,INFO,logout for session 16696
2026-03-14T11:09:13Z,payments,INFO,charge 52691 authorised in 35ms
2026-03-14T11:09:21Z,checkout,INFO,session 25601 started
2026-03-14T11:09:30Z,billing,INFO,subscription 71533 renewed
2026-03-14T11:09:33Z,auth,INFO,token issued for session 39462
2026-03-14T11:09:43Z,payments,INFO,refund 42617 completed
2026-03-14T11:09:44Z,billing,INFO,invoice 57926 rendered in 30ms
2026-03-14T11:09:51Z,billing,INFO,credit note 88977 issued
2026-03-14T11:09:51Z,payments,INFO,webhook 13092 acknowledged
2026-03-14T11:10:13Z,payments,INFO,settlement batch 42049 queued
2026-03-14T11:10:16Z,postgres,INFO,"checkpoint complete, 46100 buffers written"
2026-03-14T11:10:16Z,postgres,INFO,"checkpoint complete, 54406 buffers written"
2026-03-14T11:10:21Z,postgres,INFO,connection 33252 authorised
2026-03-14T11:10:22Z,checkout,INFO,cart 28210 converted in 255ms
2026-03-14T11:10:31Z,checkout,INFO,cart 88359 converted in 274ms
2026-03-14T11:10:32Z,search,INFO,query 3561 served in 68ms
2026-03-14T11:10:33Z,postgres,INFO,"checkpoint complete, 65741 buffers written"
2026-03-14T11:10:43Z,payments,INFO,charge 97897 authorised in 256ms
2026-03-14T11:10:48Z,billing,INFO,dunning run 18729 complete
2026-03-14T11:10:55Z,auth,INFO,token issued for session 82948
2026-03-14T11:10:57Z,orders,INFO,order 80736 invoiced
2026-03-14T11:11:02Z,orders,INFO,order 18022 accepted
2026-03-14T11:11:09Z,orders,INFO,order 35172 accepted
2026-03-14T11:11:17Z,orders,INFO,order 32152 invoiced
2026-03-14T11:11:17Z,postgres,INFO,replication lag 113ms
2026-03-14T11:11:20Z,checkout,INFO,payment intent 51311 created
2026-03-14T11:11:22Z,billing,INFO,dunning run 18309 complete
2026-03-14T11:11:22Z,search,INFO,query 25972 served in 246ms
2026-03-14T11:11:28Z,payments,INFO,webhook 83474 acknowledged
2026-03-14T11:11:37Z,payments,INFO,settlement batch 34012 queued
2026-03-14T11:11:40Z,billing,INFO,subscription 29015 renewed
2026-03-14T11:11:54Z,checkout,INFO,session 8993 started
2026-03-14T11:11:57Z,auth,INFO,session 92787 refreshed
2026-03-14T11:12:00Z,auth,INFO,login succeeded in 300ms
2026-03-14T11:12:05Z,billing,INFO,credit note 97312 issued
2026-03-14T11:12:10Z,payments,INFO,settlement batch 71848 queued
2026-03-14T11:12:11Z,postgres,INFO,"checkpoint complete, 16360 buffers written"
2026-03-14T11:12:17Z,auth,INFO,token issued for session 2383
2026-03-14T11:12:20Z,search,INFO,index segment 67566 merged
2026-03-14T11:12:29Z,postgres,INFO,replication lag 7ms
2026-03-14T11:12:30Z,checkout,INFO,session 42698 started
2026-03-14T11:12:41Z,search,INFO,"suggest cache warm, 67933 entries"
2026-03-14T11:12:44Z,search,INFO,query 47716 served in 264ms
2026-03-14T11:12:51Z,checkout,INFO,payment intent 57711 created
2026-03-14T11:12:52Z,auth,INFO,session 70175 refreshed
2026-03-14T11:12:58Z,search,INFO,"suggest cache warm, 46475 entries"
2026-03-14T11:13:00Z,postgres,INFO,replication lag 176ms
2026-03-14T11:13:06Z,auth,INFO,login succeeded in 226ms
2026-03-14T11:13:19Z,payments,INFO,settlement batch 61416 queued
2026-03-14T11:13:23Z,auth,INFO,logout for session 20653
2026-03-14T11:13:28Z,search,INFO,query 16899 served in 304ms
2026-03-14T11:13:32Z,checkout,INFO,session 13299 started
2026-03-14T11:14:07Z,orders,INFO,order 44049 accepted
2026-03-14T11:14:12Z,billing,INFO,invoice 22715 rendered in 150ms
2026-03-14T11:14:27Z,payments,INFO,settlement batch 52317 queued
2026-03-14T11:14:29Z,auth,INFO,logout for session 52821
2026-03-14T11:14:37Z,search,INFO,query 93080 served in 293ms
2026-03-14T11:14:41Z,payments,INFO,charge 44664 authorised in 79ms
2026-03-14T11:14:48Z,billing,INFO,invoice 95432 rendered in 273ms
2026-03-14T11:14:59Z,auth,INFO,session 28490 refreshed
2026-03-14T11:14:59Z,checkout,INFO,session 94324 started
2026-03-14T11:15:00Z,checkout,ERROR,healthz timeout after 2000ms
2026-03-14T11:15:06Z,checkout,ERROR,healthz timeout after 2000ms
2026-03-14T11:15:10Z,billing,INFO,invoice 41590 rendered in 300ms
2026-03-14T11:15:11Z,orders,INFO,order 20303 dispatched in 309ms
2026-03-14T11:15:12Z,checkout,ERROR,healthz timeout after 2000ms
2026-03-14T11:15:12Z,search,INFO,index segment 86214 merged
2026-03-14T11:15:18Z,checkout,ERROR,healthz timeout after 2000ms
2026-03-14T11:15:23Z,orders,INFO,inventory check 81979 passed
2026-03-14T11:15:24Z,checkout,ERROR,healthz timeout after 2000ms
2026-03-14T11:15:26Z,billing,INFO,invoice 36719 rendered in 258ms
2026-03-14T11:15:26Z,search,INFO,query 45019 served in 29ms
2026-03-14T11:15:27Z,payments,INFO,refund 8617 completed
2026-03-14T11:15:28Z,auth,INFO,token issued for session 56499
2026-03-14T11:15:30Z,checkout,ERROR,healthz timeout after 2000ms
2026-03-14T11:15:35Z,payments,INFO,charge 3833 authorised in 169ms
2026-03-14T11:15:36Z,checkout,ERROR,healthz timeout after 2000ms
2026-03-14T11:15:37Z,search,INFO,query 59663 served in 67ms
2026-03-14T11:15:38Z,checkout,INFO,cart 85439 converted in 199ms
2026-03-14T11:15:38Z,orders,INFO,order 43321 invoiced
2026-03-14T11:15:39Z,postgres,INFO,autovacuum finished on table 29155
2026-03-14T11:15:42Z,checkout,ERROR,healthz timeout after 2000ms
2026-03-14T11:15:42Z,orders,INFO,order 22830 invoiced
2026-03-14T11:15:42Z,search,INFO,"suggest cache warm, 73075 entries"
2026-03-14T11:15:43Z,billing,INFO,invoice 26061 rendered in 159ms
2026-03-14T11:15:48Z,checkout,ERROR,healthz timeout after 2000ms
2026-03-14T11:15:52Z,billing,INFO,invoice 92543 rendered in 204ms
2026-03-14T11:15:52Z,checkout,INFO,cart 98794 converted in 160ms
2026-03-14T11:15:54Z,checkout,ERROR,healthz timeout after 2000ms
2026-03-14T11:15:57Z,search,INFO,"suggest cache warm, 95039 entries"
2026-03-14T11:15:59Z,search,INFO,"suggest cache warm, 5449 entries"
2026-03-14T11:16:00Z,checkout,ERROR,healthz timeout after 2000ms
2026-03-14T11:16:06Z,checkout,ERROR,healthz timeout after 2000ms
2026-03-14T11:16:12Z,checkout,ERROR,healthz timeout after 2000ms
2026-03-14T11:16:17Z,billing,INFO,dunning run 78421 complete
2026-03-14T11:16:18Z,checkout,ERROR,healthz timeout after 2000ms
2026-03-14T11:16:21Z,auth,INFO,login succeeded in 102ms
2026-03-14T11:16:24Z,checkout,ERROR,healthz timeout after 2000ms
2026-03-14T11:16:30Z,checkout,ERROR,healthz timeout after 2000ms
2026-03-14T11:16:31Z,search,INFO,"suggest cache warm, 99976 entries"
2026-03-14T11:16:36Z,checkout,ERROR,healthz timeout after 2000ms
2026-03-14T11:16:39Z,orders,INFO,order 50023 dispatched in 126ms
2026-03-14T11:16:42Z,checkout,ERROR,healthz timeout after 2000ms
2026-03-14T11:16:48Z,checkout,ERROR,healthz timeout after 2000ms
2026-03-14T11:16:54Z,checkout,ERROR,healthz timeout after 2000ms
2026-03-14T11:16:54Z,checkout,INFO,session 69762 started
2026-03-14T11:16:56Z,payments,INFO,refund 21547 completed
2026-03-14T11:17:00Z,checkout,ERROR,healthz timeout after 2000ms
2026-03-14T11:17:01Z,checkout,INFO,cart 8367 abandoned after 27ms
2026-03-14T11:17:06Z,checkout,ERROR,healthz timeout after 2000ms
2026-03-14T11:17:06Z,orders,INFO,order 15375 dispatched in 91ms
2026-03-14T11:17:12Z,checkout,ERROR,healthz timeout after 2000ms
2026-03-14T11:17:18Z,checkout,ERROR,healthz timeout after 2000ms
2026-03-14T11:17:18Z,postgres,INFO,connection 95445 authorised
2026-03-14T11:17:24Z,checkout,ERROR,healthz timeout after 2000ms
2026-03-14T11:17:24Z,payments,INFO,settlement batch 68286 queued
2026-03-14T11:17:27Z,checkout,INFO,cart 22321 converted in 251ms
2026-03-14T11:17:27Z,postgres,INFO,"checkpoint complete, 3871 buffers written"
2026-03-14T11:17:30Z,checkout,ERROR,healthz timeout after 2000ms
2026-03-14T11:17:36Z,checkout,ERROR,healthz timeout after 2000ms
2026-03-14T11:17:40Z,orders,INFO,order 94539 invoiced
2026-03-14T11:17:42Z,checkout,ERROR,healthz timeout after 2000ms
2026-03-14T11:17:48Z,checkout,ERROR,healthz timeout after 2000ms
2026-03-14T11:17:50Z,orders,INFO,order 26559 dispatched in 46ms
2026-03-14T11:17:54Z,checkout,ERROR,healthz timeout after 2000ms
2026-03-14T11:17:55Z,billing,INFO,dunning run 33434 complete
2026-03-14T11:18:00Z,checkout,ERROR,healthz timeout after 2000ms
2026-03-14T11:18:06Z,checkout,ERROR,healthz timeout after 2000ms
2026-03-14T11:18:11Z,payments,INFO,webhook 69104 acknowledged
2026-03-14T11:18:12Z,checkout,ERROR,healthz timeout after 2000ms
2026-03-14T11:18:18Z,checkout,ERROR,healthz timeout after 2000ms
2026-03-14T11:18:21Z,checkout,INFO,payment intent 92748 created
2026-03-14T11:18:24Z,checkout,ERROR,healthz timeout after 2000ms
2026-03-14T11:18:29Z,payments,INFO,refund 87006 completed
2026-03-14T11:18:30Z,checkout,ERROR,healthz timeout after 2000ms
2026-03-14T11:18:31Z,auth,INFO,logout for session 36916
2026-03-14T11:18:33Z,payments,INFO,charge 45723 authorised in 24ms
2026-03-14T11:18:36Z,checkout,INFO,cart 64643 converted in 90ms
2026-03-14T11:18:36Z,checkout,ERROR,healthz timeout after 2000ms
2026-03-14T11:18:42Z,auth,INFO,login succeeded in 188ms
2026-03-14T11:18:42Z,checkout,ERROR,healthz timeout after 2000ms
2026-03-14T11:18:44Z,payments,INFO,refund 56935 completed
2026-03-14T11:18:48Z,checkout,ERROR,healthz timeout after 2000ms
2026-03-14T11:18:50Z,orders,INFO,order 22056 dispatched in 151ms
2026-03-14T11:18:54Z,checkout,ERROR,healthz timeout after 2000ms
2026-03-14T11:18:55Z,auth,INFO,login succeeded in 266ms
2026-03-14T11:19:00Z,checkout,ERROR,healthz timeout after 2000ms
2026-03-14T11:19:06Z,checkout,ERROR,healthz timeout after 2000ms
2026-03-14T11:19:12Z,checkout,ERROR,healthz timeout after 2000ms
2026-03-14T11:19:13Z,checkout,INFO,payment intent 45053 created
2026-03-14T11:19:13Z,postgres,INFO,"checkpoint complete, 70674 buffers written"
2026-03-14T11:19:16Z,auth,INFO,login succeeded in 143ms
2026-03-14T11:19:18Z,checkout,ERROR,healthz timeout after 2000ms
2026-03-14T11:19:18Z,deploy,INFO,artefact 32877 published
2026-03-14T11:19:24Z,checkout,ERROR,healthz timeout after 2000ms
2026-03-14T11:19:30Z,checkout,ERROR,healthz timeout after 2000ms
2026-03-14T11:19:33Z,postgres,INFO,"checkpoint complete, 6778 buffers written"
2026-03-14T11:19:36Z,checkout,ERROR,healthz timeout after 2000ms
2026-03-14T11:19:38Z,auth,INFO,login succeeded in 92ms
2026-03-14T11:19:39Z,checkout,INFO,payment intent 51922 created
2026-03-14T11:19:43Z,deploy,INFO,pipeline 14354 green
2026-03-14T11:19:45Z,billing,INFO,subscription 49516 renewed
2026-03-14T11:19:55Z,billing,INFO,subscription 2854 renewed
2026-03-14T11:20:21Z,postgres,INFO,autovacuum finished on table 57316
2026-03-14T11:20:36Z,auth,INFO,session 63820 refreshed
2026-03-14T11:20:50Z,auth,INFO,session 73974 refreshed
2026-03-14T11:21:01Z,search,INFO,index segment 6302 merged
2026-03-14T11:21:04Z,auth,INFO,logout for session 69429
2026-03-14T11:21:08Z,orders,INFO,order 73965 invoiced
2026-03-14T11:21:11Z,billing,INFO,invoice 54612 rendered in 79ms
2026-03-14T11:21:19Z,auth,INFO,logout for session 76038
2026-03-14T11:21:25Z,search,INFO,"suggest cache warm, 59640 entries"
2026-03-14T11:21:31Z,auth,INFO,token issued for session 13826
2026-03-14T11:21:33Z,payments,INFO,refund 21257 completed
2026-03-14T11:21:37Z,auth,INFO,session 28147 refreshed
2026-03-14T11:21:42Z,billing,INFO,dunning run 1537 complete
2026-03-14T11:21:42Z,checkout,INFO,cart 38809 converted in 105ms
2026-03-14T11:21:43Z,auth,INFO,token issued for session 18922
2026-03-14T11:21:44Z,postgres,INFO,connection 63489 authorised
2026-03-14T11:21:48Z,checkout,INFO,payment intent 23756 created
2026-03-14T11:21:59Z,postgres,INFO,"checkpoint complete, 17235 buffers written"
2026-03-14T11:22:03Z,checkout,INFO,session 85007 started
2026-03-14T11:22:20Z,postgres,INFO,"checkpoint complete, 93746 buffers written"
2026-03-14T11:22:23Z,orders,INFO,order 22635 dispatched in 182ms
2026-03-14T11:22:29Z,checkout,INFO,cart 9515 converted in 240ms
2026-03-14T11:22:40Z,deploy,INFO,artefact 68621 published
2026-03-14T11:22:45Z,search,INFO,index segment 20792 merged
2026-03-14T11:22:59Z,checkout,INFO,cart 84055 abandoned after 293ms
2026-03-14T11:23:05Z,orders,INFO,order 85484 accepted
2026-03-14T11:23:28Z,payments,INFO,settlement batch 59837 queued
2026-03-14T11:23:31Z,auth,INFO,token issued for session 93978
2026-03-14T11:23:39Z,search,INFO,"suggest cache warm, 60722 entries"
2026-03-14T11:23:42Z,postgres,INFO,"checkpoint complete, 81830 buffers written"
2026-03-14T11:23:55Z,payments,INFO,charge 42238 authorised in 245ms
2026-03-14T11:23:59Z,billing,INFO,invoice 70405 rendered in 48ms
2026-03-14T11:24:03Z,billing,INFO,invoice 55315 rendered in 88ms
2026-03-14T11:24:03Z,checkout,INFO,cart 80610 converted in 306ms
2026-03-14T11:24:03Z,orders,INFO,order 42316 invoiced
2026-03-14T11:24:05Z,checkout,INFO,payment intent 23166 created
2026-03-14T11:24:07Z,search,INFO,index segment 38438 merged
2026-03-14T11:24:19Z,checkout,INFO,payment intent 29533 created
2026-03-14T11:24:30Z,orders,INFO,order 30211 invoiced
2026-03-14T11:24:35Z,payments,INFO,refund 69302 completed
2026-03-14T11:24:38Z,payments,INFO,settlement batch 76853 queued
2026-03-14T11:24:55Z,orders,INFO,order 95481 accepted
2026-03-14T11:24:59Z,billing,INFO,subscription 2484 renewed
2026-03-14T11:25:00Z,checkout,ERROR,healthz timeout after 2000ms
2026-03-14T11:25:06Z,checkout,ERROR,healthz timeout after 2000ms
2026-03-14T11:25:07Z,orders,INFO,inventory check 5644 passed
2026-03-14T11:25:09Z,payments,INFO,charge 53107 authorised in 163ms
2026-03-14T11:25:12Z,checkout,ERROR,healthz timeout after 2000ms
2026-03-14T11:25:12Z,payments,INFO,refund 59818 completed
2026-03-14T11:25:18Z,checkout,ERROR,healthz timeout after 2000ms
2026-03-14T11:25:20Z,postgres,INFO,replication lag 101ms
2026-03-14T11:25:24Z,auth,INFO,login succeeded in 259ms
2026-03-14T11:25:24Z,checkout,ERROR,healthz timeout after 2000ms
2026-03-14T11:25:30Z,checkout,ERROR,healthz timeout after 2000ms
2026-03-14T11:25:30Z,payments,INFO,settlement batch 13399 queued
2026-03-14T11:25:31Z,payments,INFO,webhook 7331 acknowledged
2026-03-14T11:25:35Z,payments,INFO,webhook 7273 acknowledged
2026-03-14T11:25:36Z,checkout,ERROR,healthz timeout after 2000ms
2026-03-14T11:25:37Z,postgres,INFO,"checkpoint complete, 99544 buffers written"
2026-03-14T11:25:38Z,search,INFO,"suggest cache warm, 60605 entries"
2026-03-14T11:25:42Z,checkout,ERROR,healthz timeout after 2000ms
2026-03-14T11:25:47Z,deploy,INFO,artefact 1584 published
2026-03-14T11:25:48Z,checkout,ERROR,healthz timeout after 2000ms
2026-03-14T11:25:49Z,orders,INFO,order 16943 invoiced
2026-03-14T11:25:54Z,checkout,ERROR,healthz timeout after 2000ms
2026-03-14T11:25:55Z,billing,INFO,dunning run 29310 complete
2026-03-14T11:25:59Z,search,INFO,"suggest cache warm, 13143 entries"
2026-03-14T11:26:00Z,checkout,ERROR,healthz timeout after 2000ms
2026-03-14T11:26:02Z,auth,INFO,logout for session 84874
2026-03-14T11:26:06Z,checkout,ERROR,healthz timeout after 2000ms
2026-03-14T11:26:12Z,checkout,ERROR,healthz timeout after 2000ms
2026-03-14T11:26:13Z,search,INFO,index segment 34491 merged
2026-03-14T11:26:18Z,checkout,ERROR,healthz timeout after 2000ms
2026-03-14T11:26:24Z,checkout,ERROR,healthz timeout after 2000ms
2026-03-14T11:26:25Z,orders,INFO,order 37915 dispatched in 190ms
2026-03-14T11:26:30Z,checkout,ERROR,healthz timeout after 2000ms
2026-03-14T11:26:32Z,postgres,INFO,autovacuum finished on table 26741
2026-03-14T11:26:36Z,checkout,ERROR,healthz timeout after 2000ms
2026-03-14T11:26:42Z,checkout,ERROR,healthz timeout after 2000ms
2026-03-14T11:26:45Z,auth,INFO,logout for session 28661
2026-03-14T11:26:46Z,auth,INFO,login succeeded in 162ms
2026-03-14T11:26:47Z,postgres,INFO,"checkpoint complete, 73565 buffers written"
2026-03-14T11:26:48Z,checkout,ERROR,healthz timeout after 2000ms
2026-03-14T11:26:52Z,postgres,INFO,replication lag 319ms
2026-03-14T11:26:54Z,checkout,ERROR,healthz timeout after 2000ms
2026-03-14T11:26:59Z,orders,INFO,inventory check 24390 passed
2026-03-14T11:26:59Z,postgres,INFO,connection 99345 authorised
2026-03-14T11:27:00Z,checkout,ERROR,healthz timeout after 2000ms
2026-03-14T11:27:00Z,postgres,INFO,connection 65143 authorised
2026-03-14T11:27:05Z,checkout,INFO,payment intent 63806 created
2026-03-14T11:27:05Z,checkout,INFO,session 18183 started
2026-03-14T11:27:06Z,checkout,ERROR,healthz timeout after 2000ms
2026-03-14T11:27:12Z,checkout,ERROR,healthz timeout after 2000ms
2026-03-14T11:27:18Z,checkout,ERROR,healthz timeout after 2000ms
2026-03-14T11:27:24Z,checkout,ERROR,healthz timeout after 2000ms
2026-03-14T11:27:28Z,search,INFO,query 19626 served in 58ms
2026-03-14T11:27:29Z,checkout,INFO,payment intent 78163 created
2026-03-14T11:27:30Z,checkout,ERROR,healthz timeout after 2000ms
2026-03-14T11:27:36Z,checkout,ERROR,healthz timeout after 2000ms
2026-03-14T11:27:42Z,checkout,ERROR,healthz timeout after 2000ms
2026-03-14T11:27:45Z,payments,INFO,webhook 75901 acknowledged
2026-03-14T11:27:48Z,checkout,ERROR,healthz timeout after 2000ms
2026-03-14T11:27:54Z,checkout,ERROR,healthz timeout after 2000ms
2026-03-14T11:28:00Z,checkout,ERROR,healthz timeout after 2000ms
2026-03-14T11:28:02Z,payments,INFO,refund 1220 completed
2026-03-14T11:28:06Z,checkout,ERROR,healthz timeout after 2000ms
2026-03-14T11:28:12Z,checkout,ERROR,healthz timeout after 2000ms
2026-03-14T11:28:18Z,checkout,ERROR,healthz timeout after 2000ms
2026-03-14T11:28:22Z,orders,INFO,order 15610 dispatched in 15ms
2026-03-14T11:28:24Z,checkout,ERROR,healthz timeout after 2000ms
2026-03-14T11:28:28Z,auth,INFO,session 22380 refreshed
2026-03-14T11:28:30Z,billing,INFO,credit note 92542 issued
2026-03-14T11:28:30Z,checkout,ERROR,healthz timeout after 2000ms
2026-03-14T11:28:34Z,checkout,INFO,session 41628 started
2026-03-14T11:28:36Z,billing,INFO,dunning run 74374 complete
2026-03-14T11:28:36Z,checkout,ERROR,healthz timeout after 2000ms
2026-03-14T11:28:42Z,checkout,ERROR,healthz timeout after 2000ms
2026-03-14T11:28:48Z,checkout,ERROR,healthz timeout after 2000ms
2026-03-14T11:28:49Z,payments,INFO,webhook 74049 acknowledged
2026-03-14T11:28:53Z,search,INFO,query 46917 served in 44ms
2026-03-14T11:28:54Z,checkout,ERROR,healthz timeout after 2000ms
2026-03-14T11:29:00Z,checkout,INFO,cart 33046 abandoned after 179ms
2026-03-14T11:29:00Z,checkout,ERROR,healthz timeout after 2000ms
2026-03-14T11:29:06Z,auth,INFO,login succeeded in 272ms
2026-03-14T11:29:06Z,checkout,ERROR,healthz timeout after 2000ms
2026-03-14T11:29:07Z,checkout,INFO,session 24447 started
2026-03-14T11:29:12Z,checkout,ERROR,healthz timeout after 2000ms
2026-03-14T11:29:17Z,auth,INFO,session 51065 refreshed
2026-03-14T11:29:18Z,checkout,ERROR,healthz timeout after 2000ms
2026-03-14T11:29:20Z,billing,INFO,subscription 18064 renewed
2026-03-14T11:29:22Z,orders,INFO,order 22990 accepted
2026-03-14T11:29:24Z,checkout,ERROR,healthz timeout after 2000ms
2026-03-14T11:29:30Z,checkout,ERROR,healthz timeout after 2000ms
2026-03-14T11:29:30Z,orders,INFO,inventory check 37328 passed
2026-03-14T11:29:30Z,postgres,INFO,connection 23177 authorised
2026-03-14T11:29:34Z,payments,INFO,settlement batch 72921 queued
2026-03-14T11:29:36Z,checkout,ERROR,healthz timeout after 2000ms
2026-03-14T11:29:41Z,auth,INFO,session 61547 refreshed
2026-03-14T11:29:48Z,checkout,INFO,session 63279 started
2026-03-14T11:29:49Z,orders,INFO,order 86788 invoiced
2026-03-14T11:29:49Z,search,INFO,"suggest cache warm, 51526 entries"
2026-03-14T11:29:52Z,auth,INFO,token issued for session 86224
2026-03-14T11:29:52Z,billing,INFO,dunning run 57645 complete
2026-03-14T11:30:08Z,billing,INFO,invoice 50915 rendered in 138ms
2026-03-14T11:30:17Z,search,INFO,query 25555 served in 99ms
2026-03-14T11:30:18Z,checkout,INFO,session 2194 started
2026-03-14T11:30:24Z,checkout,INFO,cart 12246 converted in 307ms
2026-03-14T11:30:30Z,search,INFO,"suggest cache warm, 92909 entries"
2026-03-14T11:30:39Z,payments,INFO,webhook 10909 acknowledged
2026-03-14T11:30:51Z,payments,INFO,charge 31801 authorised in 49ms
2026-03-14T11:30:55Z,checkout,INFO,session 25558 started
2026-03-14T11:30:55Z,postgres,INFO,autovacuum finished on table 49803
2026-03-14T11:31:05Z,orders,INFO,order 75560 invoiced
2026-03-14T11:31:11Z,billing,INFO,subscription 83674 renewed
2026-03-14T11:31:12Z,orders,INFO,order 69254 dispatched in 24ms
2026-03-14T11:31:12Z,postgres,INFO,replication lag 131ms
2026-03-14T11:31:17Z,payments,INFO,charge 73104 authorised in 21ms
2026-03-14T11:31:18Z,billing,INFO,dunning run 46492 complete
2026-03-14T11:31:21Z,checkout,INFO,session 56022 started
2026-03-14T11:31:21Z,payments,INFO,webhook 52188 acknowledged
2026-03-14T11:31:30Z,auth,INFO,logout for session 77363
2026-03-14T11:31:38Z,search,INFO,query 32635 served in 190ms
2026-03-14T11:31:42Z,orders,INFO,order 33512 dispatched in 87ms
2026-03-14T11:31:47Z,billing,INFO,credit note 41210 issued
2026-03-14T11:32:22Z,auth,INFO,session 60198 refreshed
2026-03-14T11:32:28Z,postgres,INFO,autovacuum finished on table 86250
2026-03-14T11:32:30Z,payments,INFO,settlement batch 20763 queued
2026-03-14T11:32:41Z,postgres,INFO,connection 31713 authorised
2026-03-14T11:32:41Z,search,INFO,index segment 9701 merged
2026-03-14T11:32:44Z,postgres,INFO,autovacuum finished on table 13174
2026-03-14T11:32:48Z,postgres,INFO,"checkpoint complete, 6738 buffers written"
2026-03-14T11:32:49Z,orders,INFO,order 70016 accepted
2026-03-14T11:32:50Z,payments,INFO,settlement batch 13683 queued
2026-03-14T11:32:54Z,billing,INFO,credit note 28839 issued
2026-03-14T11:33:00Z,billing,INFO,dunning run 5721 complete
2026-03-14T11:33:08Z,auth,INFO,token issued for session 76837
2026-03-14T11:33:12Z,orders,INFO,inventory check 89076 passed
2026-03-14T11:33:23Z,postgres,INFO,replication lag 135ms
2026-03-14T11:33:25Z,checkout,INFO,cart 30981 converted in 198ms
2026-03-14T11:33:36Z,search,INFO,index segment 27920 merged
2026-03-14T11:33:46Z,deploy,INFO,pipeline 67014 green
2026-03-14T11:33:59Z,billing,INFO,credit note 65037 issued
2026-03-14T11:34:00Z,payments,WARN,"retrying webhook 46750, attempt 2"
2026-03-14T11:34:07Z,search,INFO,query 45223 served in 44ms
2026-03-14T11:34:21Z,payments,INFO,settlement batch 19679 queued
2026-03-14T11:34:26Z,checkout,INFO,cart 57591 converted in 147ms
2026-03-14T11:34:26Z,search,INFO,index segment 31899 merged
2026-03-14T11:34:28Z,auth,INFO,token issued for session 71140
2026-03-14T11:34:29Z,payments,INFO,charge 76802 authorised in 60ms
2026-03-14T11:34:38Z,postgres,INFO,autovacuum finished on table 8276
2026-03-14T11:34:40Z,auth,INFO,login succeeded in 213ms
2026-03-14T11:34:43Z,billing,INFO,subscription 5004 renewed
2026-03-14T11:34:56Z,search,INFO,query 57758 served in 268ms
2026-03-14T11:35:02Z,orders,INFO,inventory check 55359 passed
2026-03-14T11:35:06Z,payments,INFO,refund 1222 completed
2026-03-14T11:35:19Z,auth,INFO,logout for session 94862
2026-03-14T11:35:19Z,billing,INFO,invoice 74556 rendered in 9ms
2026-03-14T11:35:21Z,payments,INFO,webhook 15897 acknowledged
2026-03-14T11:35:23Z,checkout,INFO,session 7038 started
2026-03-14T11:35:24Z,billing,INFO,subscription 28837 renewed
2026-03-14T11:35:26Z,checkout,INFO,payment intent 10832 created
2026-03-14T11:35:34Z,payments,INFO,refund 63377 completed
2026-03-14T11:35:42Z,auth,INFO,login succeeded in 189ms
2026-03-14T11:35:47Z,postgres,INFO,connection 27454 authorised
2026-03-14T11:35:53Z,checkout,INFO,cart 10372 converted in 277ms
2026-03-14T11:35:58Z,auth,INFO,token issued for session 49699
2026-03-14T11:36:13Z,search,INFO,index segment 43502 merged
2026-03-14T11:36:25Z,search,INFO,index segment 94731 merged
2026-03-14T11:36:38Z,auth,INFO,session 92484 refreshed
2026-03-14T11:36:39Z,checkout,INFO,session 68244 started
2026-03-14T11:36:46Z,checkout,INFO,cart 11791 converted in 282ms
2026-03-14T11:36:52Z,payments,INFO,webhook 79888 acknowledged
2026-03-14T11:37:03Z,postgres,INFO,"checkpoint complete, 17334 buffers written"
2026-03-14T11:37:07Z,orders,INFO,order 69424 dispatched in 222ms
2026-03-14T11:37:17Z,orders,INFO,order 14008 accepted
2026-03-14T11:37:42Z,orders,INFO,order 14101 accepted
2026-03-14T11:37:46Z,orders,INFO,order 7922 invoiced
2026-03-14T11:37:47Z,auth,INFO,session 37621 refreshed
2026-03-14T11:37:47Z,payments,INFO,charge 3943 authorised in 39ms
2026-03-14T11:37:47Z,postgres,INFO,connection 53810 authorised
2026-03-14T11:37:49Z,search,INFO,query 44196 served in 283ms
2026-03-14T11:37:50Z,postgres,INFO,autovacuum finished on table 16779
2026-03-14T11:37:55Z,search,INFO,query 5965 served in 125ms
2026-03-14T11:37:59Z,auth,INFO,token issued for session 39801
2026-03-14T11:38:33Z,billing,INFO,dunning run 12845 complete
2026-03-14T11:38:33Z,checkout,INFO,payment intent 22350 created
2026-03-14T11:38:34Z,billing,INFO,invoice 10171 rendered in 172ms
2026-03-14T11:38:40Z,payments,INFO,charge 66954 authorised in 26ms
2026-03-14T11:38:42Z,auth,INFO,logout for session 86754
2026-03-14T11:38:44Z,billing,INFO,credit note 18913 issued
2026-03-14T11:39:03Z,auth,INFO,session 99677 refreshed
2026-03-14T11:39:16Z,deploy,INFO,artefact 66758 published
2026-03-14T11:39:26Z,checkout,INFO,cart 55677 abandoned after 16ms
2026-03-14T11:39:27Z,postgres,INFO,autovacuum finished on table 76968
2026-03-14T11:39:31Z,payments,INFO,refund 26837 completed
2026-03-14T11:39:31Z,payments,INFO,refund 9210 completed
2026-03-14T11:39:33Z,payments,INFO,charge 66572 authorised in 192ms
2026-03-14T11:39:45Z,postgres,INFO,autovacuum finished on table 78505
2026-03-14T11:39:47Z,search,INFO,query 86902 served in 242ms
2026-03-14T11:39:52Z,billing,INFO,invoice 75239 rendered in 249ms
2026-03-14T11:40:02Z,postgres,INFO,"checkpoint complete, 19177 buffers written"
2026-03-14T11:40:05Z,checkout,INFO,cart 85455 converted in 142ms
2026-03-14T11:40:06Z,orders,INFO,order 20103 invoiced
2026-03-14T11:40:17Z,search,INFO,"suggest cache warm, 62365 entries"
2026-03-14T11:40:18Z,deploy,INFO,pipeline 39194 green
2026-03-14T11:40:26Z,checkout,INFO,cart 92663 abandoned after 261ms
2026-03-14T11:40:46Z,auth,INFO,session 71655 refreshed
2026-03-14T11:40:48Z,billing,INFO,dunning run 50788 complete
2026-03-14T11:40:52Z,search,INFO,query 53505 served in 167ms
2026-03-14T11:40:57Z,payments,INFO,settlement batch 29725 queued
2026-03-14T11:41:00Z,orders,INFO,order 7283 invoiced
2026-03-14T11:41:10Z,payments,INFO,refund 80092 completed
2026-03-14T11:41:25Z,postgres,INFO,connection 15107 authorised
2026-03-14T11:41:48Z,checkout,INFO,session 52133 started
2026-03-14T11:41:53Z,billing,INFO,credit note 59672 issued
2026-03-14T11:42:01Z,search,INFO,index segment 63507 merged
2026-03-14T11:42:04Z,search,INFO,query 1014 served in 319ms
2026-03-14T11:42:07Z,search,INFO,"suggest cache warm, 28123 entries"
2026-03-14T11:42:22Z,payments,INFO,webhook 73701 acknowledged
2026-03-14T11:42:30Z,checkout,INFO,cart 2571 abandoned after 260ms
2026-03-14T11:42:30Z,search,INFO,query 3921 served in 19ms
2026-03-14T11:42:42Z,orders,INFO,order 25852 dispatched in 229ms
2026-03-14T11:42:43Z,billing,INFO,subscription 83610 renewed
2026-03-14T11:42:47Z,auth,INFO,login succeeded in 240ms
2026-03-14T11:43:14Z,orders,INFO,order 58318 dispatched in 219ms
2026-03-14T11:43:15Z,payments,INFO,webhook 54777 acknowledged
2026-03-14T11:43:17Z,postgres,INFO,"checkpoint complete, 40415 buffers written"
2026-03-14T11:43:26Z,search,INFO,query 2241 served in 268ms
2026-03-14T11:43:37Z,postgres,INFO,replication lag 125ms
2026-03-14T11:43:38Z,billing,INFO,dunning run 77804 complete
2026-03-14T11:43:40Z,checkout,INFO,session 60441 started
2026-03-14T11:43:43Z,auth,INFO,login succeeded in 31ms
2026-03-14T11:43:51Z,postgres,INFO,"checkpoint complete, 61781 buffers written"
2026-03-14T11:43:53Z,auth,INFO,login succeeded in 238ms
2026-03-14T11:43:55Z,billing,INFO,dunning run 34072 complete
2026-03-14T11:44:05Z,billing,INFO,credit note 77581 issued
2026-03-14T11:44:16Z,orders,INFO,order 26307 dispatched in 166ms
2026-03-14T11:44:20Z,orders,INFO,inventory check 43339 passed
2026-03-14T11:44:20Z,postgres,INFO,"checkpoint complete, 63827 buffers written"
2026-03-14T11:44:23Z,postgres,INFO,"checkpoint complete, 55077 buffers written"
2026-03-14T11:44:24Z,orders,INFO,inventory check 46948 passed
2026-03-14T11:44:28Z,postgres,INFO,connection 10734 authorised
2026-03-14T11:44:46Z,postgres,INFO,"checkpoint complete, 57961 buffers written"
2026-03-14T11:44:48Z,payments,INFO,webhook 67760 acknowledged
2026-03-14T11:44:50Z,auth,INFO,login succeeded in 307ms
2026-03-14T11:45:01Z,billing,INFO,credit note 24841 issued
2026-03-14T11:45:01Z,orders,INFO,order 82787 accepted
2026-03-14T11:45:08Z,postgres,INFO,replication lag 248ms
2026-03-14T11:45:13Z,checkout,INFO,cart 60816 abandoned after 34ms
2026-03-14T11:45:21Z,search,INFO,index segment 69544 merged
2026-03-14T11:45:31Z,checkout,INFO,payment intent 79929 created
2026-03-14T11:45:49Z,checkout,INFO,payment intent 50103 created
2026-03-14T11:45:56Z,auth,INFO,session 88408 refreshed
2026-03-14T11:46:07Z,billing,INFO,subscription 67308 renewed
2026-03-14T11:46:08Z,orders,INFO,inventory check 7496 passed
2026-03-14T11:46:18Z,search,INFO,query 57446 served in 267ms
2026-03-14T11:46:37Z,payments,INFO,settlement batch 60184 queued
2026-03-14T11:46:56Z,billing,INFO,dunning run 12518 complete
2026-03-14T11:47:03Z,orders,INFO,order 74319 invoiced
2026-03-14T11:47:04Z,orders,INFO,inventory check 14555 passed
2026-03-14T11:47:06Z,checkout,INFO,session 77955 started
2026-03-14T11:47:06Z,payments,INFO,refund 59454 completed
2026-03-14T11:47:06Z,payments,INFO,settlement batch 28685 queued
2026-03-14T11:47:11Z,orders,INFO,order 7364 invoiced
2026-03-14T11:47:16Z,checkout,INFO,cart 51313 converted in 259ms
2026-03-14T11:47:18Z,payments,INFO,settlement batch 10671 queued
2026-03-14T11:47:27Z,billing,INFO,subscription 36758 renewed
2026-03-14T11:47:42Z,checkout,INFO,cart 70641 abandoned after 315ms
2026-03-14T11:47:45Z,deploy,INFO,artefact 5375 published
2026-03-14T11:47:50Z,auth,INFO,login succeeded in 177ms
2026-03-14T11:47:51Z,search,INFO,query 82892 served in 68ms
2026-03-14T11:47:58Z,checkout,INFO,cart 33971 converted in 32ms
2026-03-14T11:48:12Z,payments,INFO,settlement batch 34984 queued
2026-03-14T11:48:33Z,postgres,INFO,connection 10928 authorised
2026-03-14T11:48:34Z,auth,INFO,session 57273 refreshed
2026-03-14T11:48:35Z,auth,INFO,login succeeded in 88ms
2026-03-14T11:48:40Z,postgres,INFO,"checkpoint complete, 10192 buffers written"
2026-03-14T11:48:56Z,payments,INFO,settlement batch 81737 queued
2026-03-14T11:48:57Z,billing,INFO,dunning run 81526 complete
2026-03-14T11:48:57Z,orders,INFO,order 26874 accepted
2026-03-14T11:49:02Z,payments,INFO,charge 55538 authorised in 100ms
2026-03-14T11:49:05Z,search,INFO,query 37056 served in 231ms
2026-03-14T11:49:06Z,auth,INFO,login succeeded in 249ms
2026-03-14T11:49:09Z,billing,INFO,credit note 65420 issued
2026-03-14T11:49:10Z,postgres,INFO,autovacuum finished on table 5753
2026-03-14T11:49:12Z,orders,INFO,order 19883 invoiced
2026-03-14T11:49:23Z,postgres,INFO,autovacuum finished on table 49606
2026-03-14T11:49:28Z,search,INFO,query 74015 served in 98ms
2026-03-14T11:49:40Z,payments,INFO,webhook 56294 acknowledged
2026-03-14T11:49:41Z,orders,INFO,order 57980 accepted
2026-03-14T11:49:53Z,payments,INFO,settlement batch 65447 queued
2026-03-14T11:49:57Z,checkout,INFO,session 66287 started
2026-03-14T11:50:10Z,auth,INFO,token issued for session 63799
2026-03-14T11:50:18Z,billing,INFO,credit note 38992 issued
2026-03-14T11:50:37Z,checkout,INFO,session 27586 started
2026-03-14T11:50:44Z,orders,INFO,order 46075 dispatched in 202ms
2026-03-14T11:50:44Z,orders,INFO,order 50871 invoiced
2026-03-14T11:50:51Z,auth,INFO,logout for session 80492
2026-03-14T11:50:52Z,orders,INFO,order 24295 invoiced
2026-03-14T11:51:00Z,postgres,INFO,replication lag 173ms
2026-03-14T11:51:07Z,auth,INFO,logout for session 81733
2026-03-14T11:51:12Z,payments,INFO,settlement batch 31280 queued
2026-03-14T11:51:24Z,billing,INFO,invoice 84382 rendered in 274ms
2026-03-14T11:51:34Z,auth,INFO,token issued for session 79528
2026-03-14T11:51:40Z,postgres,INFO,connection 61097 authorised
2026-03-14T11:51:45Z,payments,INFO,webhook 2535 acknowledged
2026-03-14T11:51:52Z,postgres,INFO,"checkpoint complete, 38904 buffers written"
2026-03-14T11:52:00Z,auth,INFO,logout for session 69828
2026-03-14T11:52:00Z,search,INFO,index segment 73475 merged
2026-03-14T11:52:02Z,payments,WARN,"retrying webhook 74042, attempt 2"
2026-03-14T11:52:04Z,billing,INFO,subscription 84374 renewed
2026-03-14T11:52:18Z,search,INFO,query 36907 served in 289ms
2026-03-14T11:52:27Z,search,INFO,"suggest cache warm, 64894 entries"
2026-03-14T11:52:42Z,postgres,INFO,connection 71640 authorised
2026-03-14T11:52:43Z,checkout,INFO,payment intent 50841 created
2026-03-14T11:53:08Z,checkout,INFO,payment intent 35850 created
2026-03-14T11:53:12Z,auth,INFO,token issued for session 35102
2026-03-14T11:53:15Z,orders,INFO,order 60134 invoiced
2026-03-14T11:53:21Z,postgres,INFO,autovacuum finished on table 32864
2026-03-14T11:53:28Z,billing,INFO,credit note 52413 issued
2026-03-14T11:53:32Z,orders,INFO,inventory check 1198 passed
2026-03-14T11:53:40Z,payments,INFO,refund 2573 completed
2026-03-14T11:53:54Z,orders,INFO,order 32937 accepted
2026-03-14T11:53:57Z,checkout,INFO,payment intent 51705 created
2026-03-14T11:54:02Z,payments,INFO,charge 32291 authorised in 222ms
2026-03-14T11:54:04Z,checkout,INFO,cart 47818 converted in 231ms
2026-03-14T11:54:05Z,search,INFO,query 64680 served in 25ms
2026-03-14T11:54:06Z,payments,INFO,webhook 10586 acknowledged
2026-03-14T11:54:07Z,search,INFO,query 12290 served in 78ms
2026-03-14T11:54:10Z,orders,INFO,order 13166 accepted
2026-03-14T11:54:11Z,checkout,INFO,cart 13942 abandoned after 9ms
2026-03-14T11:54:13Z,billing,INFO,invoice 38510 rendered in 206ms
2026-03-14T11:54:24Z,orders,INFO,order 64525 accepted
2026-03-14T11:54:34Z,postgres,INFO,autovacuum finished on table 72939
2026-03-14T11:54:38Z,search,INFO,index segment 51221 merged
2026-03-14T11:54:42Z,auth,INFO,token issued for session 75632
2026-03-14T11:54:53Z,orders,INFO,order 4911 accepted
2026-03-14T11:54:56Z,search,INFO,index segment 26801 merged
2026-03-14T11:55:02Z,checkout,INFO,cart 85575 abandoned after 225ms
2026-03-14T11:55:18Z,orders,INFO,inventory check 83072 passed
2026-03-14T11:55:29Z,orders,INFO,order 48462 accepted
2026-03-14T11:55:30Z,checkout,INFO,payment intent 26341 created
2026-03-14T11:55:40Z,checkout,INFO,payment intent 57139 created
2026-03-14T11:55:41Z,auth,INFO,token issued for session 72100
2026-03-14T11:55:43Z,postgres,INFO,connection 97544 authorised
2026-03-14T11:55:46Z,search,INFO,query 8274 served in 4ms
2026-03-14T11:55:59Z,auth,INFO,session 12278 refreshed
2026-03-14T11:56:01Z,search,INFO,"suggest cache warm, 2811 entries"
2026-03-14T11:56:04Z,billing,INFO,dunning run 38400 complete
2026-03-14T11:56:12Z,billing,INFO,invoice 34908 rendered in 183ms
2026-03-14T11:56:19Z,search,INFO,query 8036 served in 42ms
2026-03-14T11:56:21Z,auth,INFO,token issued for session 12187
2026-03-14T11:56:24Z,billing,INFO,invoice 63068 rendered in 46ms
2026-03-14T11:56:43Z,payments,INFO,refund 97050 completed
2026-03-14T11:56:45Z,postgres,INFO,connection 25328 authorised
2026-03-14T11:56:45Z,postgres,INFO,connection 95549 authorised
2026-03-14T11:56:47Z,checkout,INFO,cart 85267 converted in 232ms
2026-03-14T11:56:59Z,postgres,INFO,autovacuum finished on table 41550
2026-03-14T11:57:09Z,postgres,INFO,autovacuum finished on table 77524
2026-03-14T11:57:27Z,auth,INFO,token issued for session 63844
2026-03-14T11:57:44Z,billing,INFO,subscription 62385 renewed
2026-03-14T11:58:00Z,payments,INFO,charge 44692 authorised in 289ms
2026-03-14T11:58:01Z,search,INFO,query 35307 served in 293ms
2026-03-14T11:58:09Z,checkout,INFO,cart 15099 abandoned after 305ms
2026-03-14T11:58:09Z,checkout,INFO,cart 56493 abandoned after 184ms
2026-03-14T11:58:13Z,postgres,INFO,autovacuum finished on table 75462
2026-03-14T11:58:19Z,postgres,INFO,autovacuum finished on table 77991
2026-03-14T11:58:25Z,orders,INFO,order 4835 dispatched in 26ms
2026-03-14T11:58:25Z,postgres,INFO,autovacuum finished on table 46092
2026-03-14T11:58:33Z,billing,INFO,subscription 34906 renewed
2026-03-14T11:58:40Z,search,INFO,query 16542 served in 61ms
2026-03-14T11:58:48Z,orders,INFO,order 85640 dispatched in 228ms
2026-03-14T11:58:53Z,checkout,INFO,cart 99802 converted in 90ms
2026-03-14T11:59:12Z,billing,INFO,subscription 23153 renewed
2026-03-14T11:59:15Z,payments,INFO,refund 68771 completed
2026-03-14T11:59:18Z,payments,INFO,settlement batch 53752 queued
2026-03-14T11:59:34Z,orders,INFO,order 93794 invoiced
2026-03-14T11:59:40Z,search,INFO,index segment 84785 merged
2026-03-14T11:59:40Z,search,INFO,query 13271 served in 207ms
2026-03-14T11:59:41Z,checkout,INFO,payment intent 26862 created
2026-03-14T11:59:43Z,auth,INFO,token issued for session 26338
2026-03-14T11:59:51Z,billing,INFO,credit note 23405 issued
2026-03-14T11:59:54Z,payments,INFO,refund 1446 completed
2026-03-14T12:00:01Z,auth,INFO,login succeeded in 242ms
2026-03-14T12:00:26Z,orders,INFO,inventory check 86111 passed
2026-03-14T12:00:31Z,postgres,INFO,autovacuum finished on table 54861
2026-03-14T12:00:39Z,orders,INFO,order 41885 invoiced
2026-03-14T12:00:40Z,search,INFO,index segment 37342 merged
2026-03-14T12:00:55Z,payments,INFO,webhook 96815 acknowledged
2026-03-14T12:01:07Z,search,INFO,index segment 59435 merged
2026-03-14T12:01:18Z,billing,INFO,subscription 54989 renewed
2026-03-14T12:01:20Z,orders,INFO,order 82176 dispatched in 301ms
2026-03-14T12:01:32Z,search,INFO,query 74293 served in 221ms
2026-03-14T12:01:38Z,orders,INFO,order 15560 dispatched in 258ms
2026-03-14T12:01:56Z,postgres,INFO,"checkpoint complete, 85646 buffers written"
2026-03-14T12:02:09Z,deploy,INFO,pipeline 60365 green
2026-03-14T12:02:12Z,auth,INFO,session 80705 refreshed
2026-03-14T12:02:15Z,checkout,INFO,cart 92008 converted in 298ms
2026-03-14T12:02:25Z,payments,INFO,charge 57947 authorised in 14ms
2026-03-14T12:02:26Z,auth,INFO,session 16775 refreshed
2026-03-14T12:02:31Z,auth,INFO,login succeeded in 112ms
2026-03-14T12:02:49Z,billing,INFO,invoice 83812 rendered in 140ms
2026-03-14T12:02:50Z,orders,INFO,order 91426 accepted
2026-03-14T12:02:50Z,payments,INFO,settlement batch 4822 queued
2026-03-14T12:02:55Z,checkout,INFO,cart 56236 abandoned after 191ms
2026-03-14T12:03:07Z,postgres,INFO,"checkpoint complete, 4080 buffers written"
2026-03-14T12:03:08Z,billing,INFO,subscription 6157 renewed
2026-03-14T12:03:22Z,search,INFO,"suggest cache warm, 4131 entries"
2026-03-14T12:03:32Z,orders,INFO,order 30302 accepted
2026-03-14T12:03:35Z,search,INFO,query 10797 served in 161ms
2026-03-14T12:03:37Z,checkout,INFO,session 11637 started
2026-03-14T12:03:54Z,orders,INFO,inventory check 49309 passed
2026-03-14T12:03:58Z,payments,INFO,settlement batch 49769 queued
2026-03-14T12:03:59Z,checkout,INFO,session 17321 started
2026-03-14T12:04:06Z,payments,INFO,webhook 42578 acknowledged
2026-03-14T12:04:10Z,auth,INFO,token issued for session 76009
2026-03-14T12:04:22Z,postgres,INFO,replication lag 8ms
2026-03-14T12:04:26Z,billing,INFO,credit note 24796 issued
2026-03-14T12:04:26Z,billing,INFO,invoice 55356 rendered in 27ms
2026-03-14T12:04:29Z,search,INFO,query 58495 served in 90ms
2026-03-14T12:04:36Z,orders,INFO,order 77721 invoiced
2026-03-14T12:04:40Z,auth,INFO,session 6967 refreshed
2026-03-14T12:04:46Z,postgres,INFO,"checkpoint complete, 31041 buffers written"
2026-03-14T12:04:48Z,billing,INFO,dunning run 41637 complete
2026-03-14T12:04:52Z,checkout,INFO,payment intent 83401 created
2026-03-14T12:04:53Z,postgres,INFO,connection 82545 authorised
2026-03-14T12:04:54Z,search,INFO,"suggest cache warm, 34079 entries"
2026-03-14T12:05:08Z,search,INFO,query 97963 served in 114ms
2026-03-14T12:05:09Z,search,INFO,index segment 58198 merged
2026-03-14T12:05:12Z,orders,INFO,order 78507 invoiced
2026-03-14T12:05:13Z,payments,INFO,refund 97316 completed
2026-03-14T12:05:13Z,search,INFO,"suggest cache warm, 94637 entries"
2026-03-14T12:05:31Z,orders,INFO,inventory check 17500 passed
2026-03-14T12:05:36Z,payments,INFO,settlement batch 29593 queued
2026-03-14T12:05:37Z,billing,INFO,invoice 16601 rendered in 80ms
2026-03-14T12:05:45Z,auth,INFO,login succeeded in 210ms
2026-03-14T12:06:11Z,billing,INFO,credit note 83453 issued
2026-03-14T12:06:18Z,postgres,INFO,autovacuum finished on table 25152
2026-03-14T12:06:27Z,checkout,INFO,cart 11269 converted in 243ms
2026-03-14T12:06:28Z,payments,INFO,refund 70751 completed
2026-03-14T12:06:30Z,payments,INFO,charge 64619 authorised in 51ms
2026-03-14T12:06:30Z,payments,INFO,refund 20899 completed
2026-03-14T12:06:41Z,billing,INFO,subscription 16793 renewed
2026-03-14T12:06:44Z,auth,INFO,session 19306 refreshed
2026-03-14T12:06:45Z,postgres,INFO,connection 15802 authorised
2026-03-14T12:06:49Z,search,INFO,"suggest cache warm, 24357 entries"
2026-03-14T12:07:00Z,billing,INFO,credit note 82037 issued
2026-03-14T12:07:02Z,payments,INFO,webhook 20648 acknowledged
2026-03-14T12:07:03Z,billing,INFO,credit note 13360 issued
2026-03-14T12:07:09Z,payments,INFO,webhook 74449 acknowledged
2026-03-14T12:07:22Z,postgres,INFO,replication lag 61ms
2026-03-14T12:07:26Z,orders,INFO,order 15570 accepted
2026-03-14T12:07:27Z,payments,INFO,charge 8853 authorised in 63ms
2026-03-14T12:07:37Z,auth,INFO,logout for session 21366
2026-03-14T12:07:43Z,postgres,INFO,replication lag 210ms
2026-03-14T12:07:48Z,search,INFO,query 43285 served in 136ms
2026-03-14T12:07:56Z,orders,INFO,order 10787 dispatched in 19ms
2026-03-14T12:08:09Z,checkout,INFO,cart 34930 converted in 112ms
2026-03-14T12:08:12Z,search,INFO,query 6603 served in 91ms
2026-03-14T12:08:16Z,auth,INFO,logout for session 43131
2026-03-14T12:08:26Z,postgres,INFO,connection 94450 authorised
2026-03-14T12:08:27Z,checkout,INFO,payment intent 7140 created
2026-03-14T12:08:33Z,postgres,INFO,"checkpoint complete, 26593 buffers written"
2026-03-14T12:08:39Z,search,INFO,"suggest cache warm, 13898 entries"
2026-03-14T12:08:48Z,checkout,INFO,session 25185 started
2026-03-14T12:08:50Z,billing,INFO,subscription 75458 renewed
2026-03-14T12:08:54Z,search,INFO,index segment 15800 merged
2026-03-14T12:09:00Z,checkout,INFO,session 62580 started
2026-03-14T12:09:01Z,postgres,INFO,"checkpoint complete, 68073 buffers written"
2026-03-14T12:09:08Z,deploy,INFO,canary 89584 healthy
2026-03-14T12:09:27Z,billing,INFO,dunning run 94814 complete
2026-03-14T12:09:35Z,checkout,INFO,payment intent 10525 created
2026-03-14T12:09:36Z,postgres,INFO,"checkpoint complete, 9626 buffers written"
2026-03-14T12:09:38Z,payments,INFO,refund 54029 completed
2026-03-14T12:09:40Z,postgres,INFO,connection 68169 authorised
2026-03-14T12:09:43Z,auth,INFO,session 79233 refreshed
2026-03-14T12:09:53Z,search,INFO,index segment 89216 merged
2026-03-14T12:09:54Z,checkout,INFO,payment intent 98665 created
2026-03-14T12:09:55Z,orders,INFO,order 18561 dispatched in 248ms
2026-03-14T12:10:00Z,checkout,ERROR,healthz timeout after 2000ms
2026-03-14T12:10:00Z,postgres,INFO,autovacuum finished on table 40772
2026-03-14T12:10:03Z,auth,INFO,token issued for session 44359
2026-03-14T12:10:06Z,checkout,ERROR,healthz timeout after 2000ms
2026-03-14T12:10:08Z,auth,INFO,session 60313 refreshed
2026-03-14T12:10:11Z,auth,INFO,token issued for session 13308
2026-03-14T12:10:12Z,checkout,ERROR,healthz timeout after 2000ms
2026-03-14T12:10:12Z,checkout,INFO,session 63962 started
2026-03-14T12:10:12Z,search,INFO,index segment 55748 merged
2026-03-14T12:10:15Z,checkout,INFO,payment intent 64596 created
2026-03-14T12:10:17Z,billing,INFO,subscription 12926 renewed
2026-03-14T12:10:18Z,checkout,ERROR,healthz timeout after 2000ms
2026-03-14T12:10:21Z,search,INFO,query 5920 served in 147ms
2026-03-14T12:10:24Z,checkout,ERROR,healthz timeout after 2000ms
2026-03-14T12:10:30Z,checkout,ERROR,healthz timeout after 2000ms
2026-03-14T12:10:36Z,checkout,ERROR,healthz timeout after 2000ms
2026-03-14T12:10:37Z,payments,INFO,charge 33642 authorised in 282ms
2026-03-14T12:10:42Z,checkout,ERROR,healthz timeout after 2000ms
2026-03-14T12:10:48Z,checkout,ERROR,healthz timeout after 2000ms
2026-03-14T12:10:54Z,checkout,ERROR,healthz timeout after 2000ms
2026-03-14T12:10:54Z,checkout,INFO,payment intent 33254 created
2026-03-14T12:11:00Z,checkout,ERROR,healthz timeout after 2000ms
2026-03-14T12:11:06Z,checkout,ERROR,healthz timeout after 2000ms
2026-03-14T12:11:10Z,postgres,INFO,replication lag 130ms
2026-03-14T12:11:11Z,orders,INFO,order 37207 dispatched in 313ms
2026-03-14T12:11:12Z,checkout,ERROR,healthz timeout after 2000ms
2026-03-14T12:11:13Z,orders,INFO,order 75639 dispatched in 103ms
2026-03-14T12:11:18Z,checkout,ERROR,healthz timeout after 2000ms
2026-03-14T12:11:24Z,checkout,ERROR,healthz timeout after 2000ms
2026-03-14T12:11:30Z,checkout,ERROR,healthz timeout after 2000ms
2026-03-14T12:11:35Z,search,INFO,query 51301 served in 122ms
2026-03-14T12:11:36Z,checkout,ERROR,healthz timeout after 2000ms
2026-03-14T12:11:42Z,checkout,ERROR,healthz timeout after 2000ms
2026-03-14T12:11:46Z,auth,INFO,token issued for session 88681
2026-03-14T12:11:48Z,checkout,ERROR,healthz timeout after 2000ms
2026-03-14T12:11:54Z,checkout,ERROR,healthz timeout after 2000ms
2026-03-14T12:12:00Z,checkout,ERROR,healthz timeout after 2000ms
2026-03-14T12:12:00Z,postgres,INFO,"checkpoint complete, 47760 buffers written"
2026-03-14T12:12:06Z,checkout,ERROR,healthz timeout after 2000ms
2026-03-14T12:12:12Z,checkout,ERROR,healthz timeout after 2000ms
2026-03-14T12:12:14Z,payments,INFO,refund 27241 completed
2026-03-14T12:12:15Z,postgres,INFO,"checkpoint complete, 58039 buffers written"
2026-03-14T12:12:16Z,search,INFO,index segment 22496 merged
2026-03-14T12:12:18Z,checkout,ERROR,healthz timeout after 2000ms
2026-03-14T12:12:20Z,checkout,INFO,session 50189 started
2026-03-14T12:12:21Z,payments,INFO,refund 40312 completed
2026-03-14T12:12:22Z,billing,INFO,dunning run 28780 complete
2026-03-14T12:12:24Z,checkout,ERROR,healthz timeout after 2000ms
2026-03-14T12:12:24Z,search,INFO,"suggest cache warm, 26970 entries"
2026-03-14T12:12:30Z,checkout,ERROR,healthz timeout after 2000ms
2026-03-14T12:12:36Z,checkout,ERROR,healthz timeout after 2000ms
2026-03-14T12:12:40Z,postgres,INFO,connection 30035 authorised
2026-03-14T12:12:42Z,checkout,ERROR,healthz timeout after 2000ms
2026-03-14T12:12:48Z,checkout,ERROR,healthz timeout after 2000ms
2026-03-14T12:12:54Z,billing,INFO,subscription 15706 renewed
2026-03-14T12:12:54Z,checkout,ERROR,healthz timeout after 2000ms
2026-03-14T12:13:00Z,checkout,ERROR,healthz timeout after 2000ms
2026-03-14T12:13:06Z,checkout,ERROR,healthz timeout after 2000ms
2026-03-14T12:13:12Z,checkout,ERROR,healthz timeout after 2000ms
2026-03-14T12:13:18Z,checkout,ERROR,healthz timeout after 2000ms
2026-03-14T12:13:24Z,checkout,ERROR,healthz timeout after 2000ms
2026-03-14T12:13:29Z,postgres,INFO,connection 32437 authorised
2026-03-14T12:13:30Z,checkout,ERROR,healthz timeout after 2000ms
2026-03-14T12:13:30Z,postgres,INFO,autovacuum finished on table 35483
2026-03-14T12:13:36Z,billing,INFO,invoice 27611 rendered in 165ms
2026-03-14T12:13:36Z,checkout,ERROR,healthz timeout after 2000ms
2026-03-14T12:13:42Z,checkout,ERROR,healthz timeout after 2000ms
2026-03-14T12:13:43Z,orders,INFO,inventory check 16741 passed
2026-03-14T12:13:44Z,postgres,INFO,"checkpoint complete, 52101 buffers written"
2026-03-14T12:13:45Z,checkout,INFO,payment intent 91686 created
2026-03-14T12:13:48Z,checkout,ERROR,healthz timeout after 2000ms
2026-03-14T12:13:54Z,checkout,ERROR,healthz timeout after 2000ms
2026-03-14T12:13:57Z,checkout,INFO,cart 77057 abandoned after 281ms
2026-03-14T12:13:59Z,orders,INFO,order 38462 dispatched in 178ms
2026-03-14T12:14:00Z,checkout,ERROR,healthz timeout after 2000ms
2026-03-14T12:14:00Z,search,INFO,"suggest cache warm, 74544 entries"
2026-03-14T12:14:04Z,search,INFO,"suggest cache warm, 27696 entries"
2026-03-14T12:14:05Z,orders,INFO,order 75325 accepted
2026-03-14T12:14:06Z,auth,INFO,session 78977 refreshed
2026-03-14T12:14:06Z,checkout,ERROR,healthz timeout after 2000ms
2026-03-14T12:14:09Z,billing,INFO,credit note 98716 issued
2026-03-14T12:14:09Z,deploy,INFO,pipeline 45743 green
2026-03-14T12:14:12Z,checkout,ERROR,healthz timeout after 2000ms
2026-03-14T12:14:15Z,payments,INFO,settlement batch 88666 queued
2026-03-14T12:14:16Z,orders,INFO,inventory check 26589 passed
2026-03-14T12:14:18Z,checkout,ERROR,healthz timeout after 2000ms
2026-03-14T12:14:19Z,search,INFO,query 11230 served in 226ms
2026-03-14T12:14:21Z,checkout,INFO,cart 94652 converted in 78ms
2026-03-14T12:14:24Z,checkout,ERROR,healthz timeout after 2000ms
2026-03-14T12:14:30Z,checkout,ERROR,healthz timeout after 2000ms
2026-03-14T12:14:31Z,payments,INFO,settlement batch 49062 queued
2026-03-14T12:14:36Z,checkout,ERROR,healthz timeout after 2000ms
2026-03-14T12:14:36Z,postgres,INFO,connection 76818 authorised
2026-03-14T12:14:37Z,payments,INFO,webhook 31843 acknowledged
2026-03-14T12:14:56Z,billing,INFO,credit note 27323 issued
2026-03-14T12:14:58Z,search,INFO,query 16848 served in 89ms
2026-03-14T12:15:04Z,checkout,INFO,session 60010 started
2026-03-14T12:15:13Z,payments,INFO,webhook 58256 acknowledged
2026-03-14T12:15:15Z,billing,INFO,credit note 40159 issued
2026-03-14T12:15:17Z,orders,INFO,order 37859 accepted
2026-03-14T12:15:18Z,auth,INFO,login succeeded in 123ms
2026-03-14T12:15:19Z,auth,INFO,logout for session 48693
2026-03-14T12:15:19Z,deploy,INFO,artefact 91070 published
2026-03-14T12:15:20Z,checkout,INFO,cart 26415 abandoned after 275ms
2026-03-14T12:15:26Z,checkout,INFO,cart 16011 abandoned after 167ms
2026-03-14T12:15:36Z,billing,INFO,dunning run 44286 complete
2026-03-14T12:15:38Z,payments,INFO,webhook 78210 acknowledged
2026-03-14T12:15:53Z,search,INFO,query 44306 served in 102ms
2026-03-14T12:16:00Z,payments,INFO,refund 2965 completed
2026-03-14T12:16:32Z,orders,INFO,order 39359 accepted
2026-03-14T12:16:50Z,payments,INFO,refund 77314 completed
2026-03-14T12:16:59Z,orders,INFO,order 80105 accepted
2026-03-14T12:16:59Z,postgres,INFO,autovacuum finished on table 58085
2026-03-14T12:17:03Z,auth,INFO,token issued for session 64508
2026-03-14T12:17:05Z,auth,INFO,token issued for session 86390
2026-03-14T12:17:31Z,auth,INFO,logout for session 86292
2026-03-14T12:17:36Z,search,INFO,query 10162 served in 112ms
2026-03-14T12:17:40Z,billing,INFO,dunning run 75281 complete
2026-03-14T12:17:49Z,postgres,INFO,replication lag 276ms
2026-03-14T12:17:58Z,billing,INFO,credit note 38543 issued
2026-03-14T12:18:06Z,deploy,INFO,artefact 17155 published
2026-03-14T12:18:08Z,auth,INFO,login succeeded in 159ms
2026-03-14T12:18:17Z,checkout,INFO,cart 21260 abandoned after 172ms
2026-03-14T12:18:19Z,checkout,INFO,payment intent 67760 created
2026-03-14T12:18:29Z,search,INFO,query 4997 served in 263ms
2026-03-14T12:18:33Z,payments,INFO,refund 56185 completed
2026-03-14T12:18:34Z,checkout,INFO,cart 75189 converted in 287ms
2026-03-14T12:18:36Z,search,INFO,query 43816 served in 133ms
2026-03-14T12:18:41Z,billing,INFO,invoice 26329 rendered in 277ms
2026-03-14T12:18:42Z,payments,INFO,charge 37819 authorised in 243ms
2026-03-14T12:19:00Z,postgres,INFO,autovacuum finished on table 79470
2026-03-14T12:19:01Z,payments,INFO,charge 51114 authorised in 117ms
2026-03-14T12:19:04Z,billing,INFO,invoice 79853 rendered in 200ms
2026-03-14T12:19:08Z,orders,INFO,order 43583 invoiced
2026-03-14T12:19:08Z,payments,INFO,refund 43598 completed
2026-03-14T12:19:09Z,postgres,INFO,autovacuum finished on table 46149
2026-03-14T12:19:15Z,postgres,INFO,"checkpoint complete, 20782 buffers written"
2026-03-14T12:19:20Z,payments,INFO,webhook 47256 acknowledged
2026-03-14T12:19:23Z,auth,INFO,logout for session 91247
2026-03-14T12:19:31Z,search,INFO,index segment 77417 merged
2026-03-14T12:19:38Z,auth,INFO,logout for session 7707
2026-03-14T12:19:38Z,checkout,INFO,payment intent 16081 created
2026-03-14T12:19:44Z,billing,INFO,subscription 51696 renewed
2026-03-14T12:19:56Z,orders,INFO,inventory check 36124 passed
2026-03-14T12:20:02Z,payments,INFO,settlement batch 44629 queued
2026-03-14T12:20:04Z,postgres,FATAL,the database system is shutting down
2026-03-14T12:20:05Z,postgres,FATAL,"could not write to WAL, device reports no space"
2026-03-14T12:20:06Z,orders,ERROR,could not connect to server: connection refused
2026-03-14T12:20:09Z,deploy,INFO,canary 84979 healthy
2026-03-14T12:20:10Z,payments,INFO,refund 81273 completed
2026-03-14T12:20:11Z,billing,ERROR,could not connect to server: connection refused
2026-03-14T12:20:11Z,billing,INFO,dunning run 45422 complete
2026-03-14T12:20:12Z,search,INFO,index segment 12856 merged
2026-03-14T12:20:16Z,checkout,ERROR,could not connect to server: connection refused
2026-03-14T12:20:21Z,payments,ERROR,could not connect to server: connection refused
2026-03-14T12:20:26Z,orders,ERROR,could not connect to server: connection refused
2026-03-14T12:20:26Z,search,INFO,index segment 54286 merged
2026-03-14T12:20:27Z,postgres,INFO,connection 78756 authorised
2026-03-14T12:20:31Z,billing,ERROR,could not connect to server: connection refused
2026-03-14T12:20:32Z,orders,INFO,order 16811 invoiced
2026-03-14T12:20:36Z,checkout,ERROR,could not connect to server: connection refused
2026-03-14T12:20:40Z,billing,INFO,dunning run 84219 complete
2026-03-14T12:20:41Z,payments,ERROR,could not connect to server: connection refused
2026-03-14T12:20:46Z,orders,ERROR,could not connect to server: connection refused
2026-03-14T12:20:51Z,billing,ERROR,could not connect to server: connection refused
2026-03-14T12:20:51Z,postgres,INFO,replication lag 188ms
2026-03-14T12:20:55Z,checkout,INFO,cart 67642 abandoned after 196ms
2026-03-14T12:20:56Z,checkout,ERROR,could not connect to server: connection refused
2026-03-14T12:21:01Z,payments,ERROR,could not connect to server: connection refused
2026-03-14T12:21:06Z,orders,ERROR,could not connect to server: connection refused
2026-03-14T12:21:10Z,auth,INFO,session 88287 refreshed
2026-03-14T12:21:10Z,auth,INFO,token issued for session 70739
2026-03-14T12:21:10Z,billing,INFO,credit note 78147 issued
2026-03-14T12:21:11Z,billing,ERROR,could not connect to server: connection refused
2026-03-14T12:21:11Z,postgres,INFO,replication lag 146ms
2026-03-14T12:21:16Z,checkout,ERROR,could not connect to server: connection refused
2026-03-14T12:21:16Z,search,INFO,query 34868 served in 280ms
2026-03-14T12:21:21Z,payments,ERROR,could not connect to server: connection refused
2026-03-14T12:21:26Z,orders,ERROR,could not connect to server: connection refused
2026-03-14T12:21:31Z,billing,ERROR,could not connect to server: connection refused
2026-03-14T12:21:32Z,orders,INFO,order 17812 accepted
2026-03-14T12:21:36Z,checkout,ERROR,could not connect to server: connection refused
2026-03-14T12:21:41Z,payments,ERROR,could not connect to server: connection refused
2026-03-14T12:21:43Z,postgres,INFO,autovacuum finished on table 87836
2026-03-14T12:21:46Z,orders,ERROR,could not connect to server: connection refused
2026-03-14T12:21:50Z,checkout,INFO,cart 91194 converted in 25ms
2026-03-14T12:21:51Z,billing,ERROR,could not connect to server: connection refused
2026-03-14T12:21:53Z,checkout,INFO,payment intent 2100 created
2026-03-14T12:21:56Z,checkout,ERROR,could not connect to server: connection refused
2026-03-14T12:21:57Z,payments,INFO,charge 44469 authorised in 295ms
2026-03-14T12:22:01Z,payments,ERROR,could not connect to server: connection refused
2026-03-14T12:22:05Z,billing,INFO,subscription 84604 renewed
2026-03-14T12:22:06Z,orders,ERROR,could not connect to server: connection refused
2026-03-14T12:22:11Z,billing,ERROR,could not connect to server: connection refused
2026-03-14T12:22:16Z,checkout,ERROR,could not connect to server: connection refused
2026-03-14T12:22:19Z,auth,INFO,token issued for session 82849
2026-03-14T12:22:21Z,payments,ERROR,could not connect to server: connection refused
2026-03-14T12:22:26Z,checkout,INFO,cart 60153 converted in 160ms
2026-03-14T12:22:26Z,orders,ERROR,could not connect to server: connection refused
2026-03-14T12:22:31Z,billing,ERROR,could not connect to server: connection refused
2026-03-14T12:22:31Z,payments,INFO,charge 2151 authorised in 12ms
2026-03-14T12:22:36Z,checkout,ERROR,could not connect to server: connection refused
2026-03-14T12:22:41Z,payments,ERROR,could not connect to server: connection refused
2026-03-14T12:22:46Z,orders,ERROR,could not connect to server: connection refused
2026-03-14T12:22:51Z,billing,ERROR,could not connect to server: connection refused
2026-03-14T12:22:52Z,auth,INFO,session 84495 refreshed
2026-03-14T12:22:54Z,billing,INFO,credit note 78287 issued
2026-03-14T12:22:55Z,postgres,INFO,"checkpoint complete, 53110 buffers written"
2026-03-14T12:22:56Z,checkout,ERROR,could not connect to server: connection refused
2026-03-14T12:23:01Z,payments,ERROR,could not connect to server: connection refused
2026-03-14T12:23:04Z,search,INFO,index segment 30730 merged
2026-03-14T12:23:06Z,orders,ERROR,could not connect to server: connection refused
2026-03-14T12:23:11Z,billing,ERROR,could not connect to server: connection refused
2026-03-14T12:23:13Z,billing,INFO,subscription 39852 renewed
2026-03-14T12:23:15Z,orders,INFO,order 31721 dispatched in 59ms
2026-03-14T12:23:15Z,postgres,INFO,autovacuum finished on table 44567
2026-03-14T12:23:16Z,checkout,ERROR,could not connect to server: connection refused
2026-03-14T12:23:21Z,payments,ERROR,could not connect to server: connection refused
2026-03-14T12:23:26Z,orders,ERROR,could not connect to server: connection refused
2026-03-14T12:23:31Z,billing,ERROR,could not connect to server: connection refused
2026-03-14T12:23:36Z,checkout,ERROR,could not connect to server: connection refused
2026-03-14T12:23:39Z,orders,INFO,order 74800 dispatched in 44ms
2026-03-14T12:23:40Z,search,INFO,index segment 77714 merged
2026-03-14T12:23:41Z,payments,ERROR,could not connect to server: connection refused
2026-03-14T12:23:46Z,orders,ERROR,could not connect to server: connection refused
2026-03-14T12:23:49Z,checkout,INFO,cart 44272 abandoned after 319ms
2026-03-14T12:23:51Z,billing,ERROR,could not connect to server: connection refused
2026-03-14T12:23:56Z,checkout,ERROR,could not connect to server: connection refused
2026-03-14T12:23:57Z,checkout,INFO,session 58671 started
2026-03-14T12:24:00Z,orders,INFO,inventory check 31274 passed
2026-03-14T12:24:01Z,payments,ERROR,could not connect to server: connection refused
2026-03-14T12:24:06Z,orders,ERROR,could not connect to server: connection refused
2026-03-14T12:24:10Z,search,INFO,"suggest cache warm, 9942 entries"
2026-03-14T12:24:11Z,billing,ERROR,could not connect to server: connection refused
2026-03-14T12:24:15Z,billing,INFO,dunning run 28537 complete
2026-03-14T12:24:16Z,checkout,ERROR,could not connect to server: connection refused
2026-03-14T12:24:21Z,payments,ERROR,could not connect to server: connection refused
2026-03-14T12:24:23Z,billing,INFO,dunning run 9377 complete
2026-03-14T12:24:28Z,payments,INFO,refund 33452 completed
2026-03-14T12:24:34Z,auth,INFO,token issued for session 39642
2026-03-14T12:24:37Z,auth,INFO,logout for session 46787
2026-03-14T12:24:39Z,search,INFO,index segment 65071 merged
2026-03-14T12:25:06Z,orders,ERROR,could not connect to server: connection refused
2026-03-14T12:25:08Z,orders,INFO,inventory check 75968 passed
2026-03-14T12:25:11Z,billing,ERROR,could not connect to server: connection refused
2026-03-14T12:25:11Z,postgres,INFO,autovacuum finished on table 63951
2026-03-14T12:25:16Z,checkout,ERROR,could not connect to server: connection refused
2026-03-14T12:25:19Z,auth,INFO,login succeeded in 214ms
2026-03-14T12:25:21Z,payments,ERROR,could not connect to server: connection refused
2026-03-14T12:25:25Z,payments,INFO,charge 34251 authorised in 168ms
2026-03-14T12:25:26Z,orders,ERROR,could not connect to server: connection refused
2026-03-14T12:25:27Z,billing,INFO,credit note 44525 issued
2026-03-14T12:25:28Z,checkout,INFO,cart 66727 converted in 20ms
2026-03-14T12:25:28Z,payments,INFO,settlement batch 70591 queued
2026-03-14T12:25:31Z,billing,ERROR,could not connect to server: connection refused
2026-03-14T12:25:32Z,auth,INFO,token issued for session 54236
2026-03-14T12:25:36Z,checkout,ERROR,could not connect to server: connection refused
2026-03-14T12:25:41Z,payments,ERROR,could not connect to server: connection refused
2026-03-14T12:25:46Z,orders,ERROR,could not connect to server: connection refused
2026-03-14T12:25:51Z,billing,ERROR,could not connect to server: connection refused
2026-03-14T12:25:55Z,deploy,INFO,artefact 98174 published
2026-03-14T12:25:55Z,postgres,INFO,connection 40058 authorised
2026-03-14T12:25:56Z,checkout,ERROR,could not connect to server: connection refused
2026-03-14T12:25:59Z,checkout,INFO,cart 8012 converted in 48ms
2026-03-14T12:26:01Z,payments,ERROR,could not connect to server: connection refused
2026-03-14T12:26:03Z,checkout,INFO,cart 49247 converted in 83ms
2026-03-14T12:26:06Z,orders,ERROR,could not connect to server: connection refused
2026-03-14T12:26:08Z,orders,INFO,order 19084 accepted
2026-03-14T12:26:11Z,billing,ERROR,could not connect to server: connection refused
2026-03-14T12:26:15Z,search,INFO,"suggest cache warm, 13433 entries"
2026-03-14T12:26:16Z,checkout,ERROR,could not connect to server: connection refused
2026-03-14T12:26:21Z,payments,ERROR,could not connect to server: connection refused
2026-03-14T12:26:23Z,payments,INFO,charge 54744 authorised in 100ms
2026-03-14T12:26:26Z,orders,ERROR,could not connect to server: connection refused
2026-03-14T12:26:28Z,billing,INFO,credit note 89685 issued
2026-03-14T12:26:31Z,billing,ERROR,could not connect to server: connection refused
2026-03-14T12:26:35Z,search,INFO,query 18748 served in 209ms
2026-03-14T12:26:36Z,checkout,ERROR,could not connect to server: connection refused
2026-03-14T12:26:39Z,payments,INFO,charge 53415 authorised in 289ms
2026-03-14T12:26:39Z,postgres,INFO,connection 48147 authorised
2026-03-14T12:26:41Z,payments,ERROR,could not connect to server: connection refused
2026-03-14T12:26:41Z,postgres,INFO,"checkpoint complete, 98713 buffers written"
2026-03-14T12:26:46Z,orders,ERROR,could not connect to server: connection refused
2026-03-14T12:26:49Z,auth,INFO,login succeeded in 12ms
2026-03-14T12:26:51Z,billing,ERROR,could not connect to server: connection refused
2026-03-14T12:26:56Z,checkout,ERROR,could not connect to server: connection refused
2026-03-14T12:27:01Z,orders,WARN,inventory check 14854 took 1357ms
2026-03-14T12:27:01Z,payments,ERROR,could not connect to server: connection refused
2026-03-14T12:27:03Z,auth,INFO,logout for session 59472
2026-03-14T12:27:06Z,orders,ERROR,could not connect to server: connection refused
2026-03-14T12:27:09Z,payments,INFO,charge 14476 authorised in 84ms
2026-03-14T12:27:10Z,orders,INFO,order 75407 accepted
2026-03-14T12:27:11Z,billing,ERROR,could not connect to server: connection refused
2026-03-14T12:27:16Z,checkout,ERROR,could not connect to server: connection refused
2026-03-14T12:27:20Z,search,INFO,query 31787 served in 14ms
2026-03-14T12:27:21Z,payments,ERROR,could not connect to server: connection refused
2026-03-14T12:27:26Z,orders,ERROR,could not connect to server: connection refused
2026-03-14T12:27:27Z,search,INFO,index segment 78521 merged
2026-03-14T12:27:31Z,billing,ERROR,could not connect to server: connection refused
2026-03-14T12:27:36Z,checkout,ERROR,could not connect to server: connection refused
2026-03-14T12:27:39Z,billing,INFO,invoice 51461 rendered in 73ms
2026-03-14T12:27:39Z,search,INFO,query 83232 served in 193ms
2026-03-14T12:27:41Z,payments,ERROR,could not connect to server: connection refused
2026-03-14T12:27:42Z,auth,INFO,login succeeded in 20ms
2026-03-14T12:27:46Z,orders,ERROR,could not connect to server: connection refused
2026-03-14T12:27:50Z,search,INFO,index segment 72751 merged
2026-03-14T12:27:51Z,billing,ERROR,could not connect to server: connection refused
2026-03-14T12:27:56Z,checkout,ERROR,could not connect to server: connection refused
2026-03-14T12:28:01Z,payments,ERROR,could not connect to server: connection refused
2026-03-14T12:28:03Z,billing,INFO,dunning run 34886 complete
2026-03-14T12:28:03Z,orders,INFO,order 70992 invoiced
2026-03-14T12:28:06Z,orders,ERROR,could not connect to server: connection refused
2026-03-14T12:28:11Z,billing,ERROR,could not connect to server: connection refused
2026-03-14T12:28:16Z,checkout,ERROR,could not connect to server: connection refused
2026-03-14T12:28:21Z,billing,INFO,subscription 84992 renewed
2026-03-14T12:28:21Z,payments,ERROR,could not connect to server: connection refused
2026-03-14T12:28:23Z,auth,INFO,login succeeded in 211ms
2026-03-14T12:28:26Z,orders,ERROR,could not connect to server: connection refused
2026-03-14T12:28:26Z,orders,INFO,order 79769 accepted
2026-03-14T12:28:28Z,search,INFO,query 94731 served in 53ms
2026-03-14T12:28:31Z,billing,ERROR,could not connect to server: connection refused
2026-03-14T12:28:32Z,postgres,INFO,connection 5239 authorised
2026-03-14T12:28:36Z,checkout,ERROR,could not connect to server: connection refused
2026-03-14T12:28:41Z,payments,ERROR,could not connect to server: connection refused
2026-03-14T12:28:45Z,payments,INFO,charge 36970 authorised in 313ms
2026-03-14T12:28:46Z,orders,ERROR,could not connect to server: connection refused
2026-03-14T12:28:51Z,billing,ERROR,could not connect to server: connection refused
2026-03-14T12:28:52Z,payments,INFO,settlement batch 28762 queued
2026-03-14T12:28:56Z,checkout,ERROR,could not connect to server: connection refused
2026-03-14T12:28:58Z,orders,INFO,order 20445 invoiced
2026-03-14T12:29:01Z,payments,ERROR,could not connect to server: connection refused
2026-03-14T12:29:01Z,search,INFO,"suggest cache warm, 29867 entries"
2026-03-14T12:29:02Z,checkout,INFO,payment intent 59630 created
2026-03-14T12:29:04Z,payments,INFO,webhook 12767 acknowledged
2026-03-14T12:29:05Z,checkout,INFO,payment intent 2315 created
2026-03-14T12:29:06Z,orders,ERROR,could not connect to server: connection refused
2026-03-14T12:29:11Z,billing,ERROR,could not connect to server: connection refused
2026-03-14T12:29:14Z,orders,INFO,order 91484 invoiced
2026-03-14T12:29:16Z,checkout,ERROR,could not connect to server: connection refused
2026-03-14T12:29:21Z,payments,ERROR,could not connect to server: connection refused
2026-03-14T12:29:36Z,auth,INFO,logout for session 71219
2026-03-14T12:29:38Z,billing,INFO,subscription 40865 renewed
2026-03-14T12:29:48Z,payments,INFO,settlement batch 29163 queued
2026-03-14T12:29:50Z,postgres,ERROR,"recovery in progress, 3 of 9 segments replayed"
2026-03-14T12:29:57Z,postgres,INFO,autovacuum finished on table 82965
2026-03-14T12:30:08Z,payments,INFO,settlement batch 45534 queued
2026-03-14T12:30:16Z,search,INFO,query 66287 served in 116ms
2026-03-14T12:30:24Z,checkout,INFO,cart 67332 abandoned after 45ms
2026-03-14T12:30:26Z,search,INFO,index segment 66632 merged
2026-03-14T12:30:29Z,checkout,INFO,cart 79255 converted in 4ms
2026-03-14T12:30:29Z,postgres,INFO,connection 77536 authorised
2026-03-14T12:30:45Z,search,INFO,index segment 5493 merged
2026-03-14T12:30:47Z,auth,INFO,token issued for session 63916
2026-03-14T12:30:47Z,checkout,INFO,payment intent 81701 created
2026-03-14T12:30:47Z,search,INFO,query 24557 served in 87ms
2026-03-14T12:30:48Z,auth,INFO,logout for session 45131
2026-03-14T12:30:53Z,payments,INFO,webhook 56191 acknowledged
2026-03-14T12:31:05Z,payments,INFO,refund 97032 completed
2026-03-14T12:31:07Z,postgres,INFO,connection 68517 authorised
2026-03-14T12:31:08Z,billing,INFO,invoice 50909 rendered in 119ms
2026-03-14T12:31:24Z,billing,INFO,dunning run 4208 complete
2026-03-14T12:31:36Z,postgres,INFO,"checkpoint complete, 48244 buffers written"
2026-03-14T12:31:38Z,payments,INFO,refund 71806 completed
2026-03-14T12:31:39Z,auth,INFO,token issued for session 4108
2026-03-14T12:31:59Z,billing,INFO,dunning run 9210 complete
2026-03-14T12:32:06Z,postgres,INFO,replication lag 70ms
2026-03-14T12:32:16Z,payments,INFO,webhook 40802 acknowledged
2026-03-14T12:32:29Z,payments,INFO,webhook 97275 acknowledged
2026-03-14T12:32:39Z,billing,INFO,dunning run 71847 complete
2026-03-14T12:32:40Z,search,INFO,query 94381 served in 231ms
2026-03-14T12:32:46Z,checkout,INFO,session 13084 started
2026-03-14T12:32:50Z,search,INFO,query 99960 served in 264ms
2026-03-14T12:32:51Z,orders,INFO,order 61749 accepted
2026-03-14T12:32:57Z,postgres,INFO,autovacuum finished on table 55317
2026-03-14T12:33:00Z,orders,INFO,order 92339 dispatched in 48ms
2026-03-14T12:33:05Z,postgres,INFO,autovacuum finished on table 20386
2026-03-14T12:33:06Z,payments,INFO,settlement batch 97113 queued
2026-03-14T12:33:14Z,checkout,INFO,payment intent 75124 created
2026-03-14T12:33:20Z,postgres,INFO,replication lag 151ms
2026-03-14T12:33:30Z,auth,INFO,login succeeded in 251ms
2026-03-14T12:33:32Z,billing,INFO,credit note 29942 issued
2026-03-14T12:33:35Z,auth,INFO,token issued for session 80045
2026-03-14T12:33:46Z,postgres,INFO,replication lag 30ms
2026-03-14T12:33:53Z,payments,INFO,webhook 3804 acknowledged
2026-03-14T12:33:55Z,payments,INFO,refund 70423 completed
2026-03-14T12:34:00Z,billing,INFO,credit note 99586 issued
2026-03-14T12:34:02Z,billing,INFO,subscription 63721 renewed
2026-03-14T12:34:06Z,checkout,INFO,payment intent 5170 created
2026-03-14T12:34:06Z,orders,INFO,order 69481 accepted
2026-03-14T12:34:13Z,orders,INFO,order 48794 accepted
2026-03-14T12:34:30Z,billing,INFO,credit note 65023 issued
2026-03-14T12:34:35Z,orders,INFO,inventory check 76365 passed
2026-03-14T12:34:55Z,checkout,INFO,cart 8428 abandoned after 252ms
2026-03-14T12:35:03Z,auth,INFO,token issued for session 25171
2026-03-14T12:35:03Z,deploy,INFO,release 4.18.7 rolling out to 12 of 12 pods
2026-03-14T12:35:06Z,checkout,INFO,session 51360 started
2026-03-14T12:35:17Z,billing,INFO,subscription 4988 renewed
2026-03-14T12:35:20Z,orders,ERROR,connection reset by peer
2026-03-14T12:35:22Z,billing,INFO,credit note 13929 issued
2026-03-14T12:35:35Z,orders,ERROR,connection reset by peer
2026-03-14T12:35:38Z,billing,INFO,invoice 68533 rendered in 281ms
2026-03-14T12:35:38Z,orders,INFO,inventory check 22859 passed
2026-03-14T12:35:48Z,auth,INFO,token issued for session 5136
2026-03-14T12:35:50Z,orders,ERROR,connection reset by peer
2026-03-14T12:35:54Z,postgres,INFO,"checkpoint complete, 89541 buffers written"
2026-03-14T12:35:56Z,search,INFO,"suggest cache warm, 18686 entries"
2026-03-14T12:35:57Z,auth,INFO,logout for session 80879
2026-03-14T12:36:05Z,billing,INFO,credit note 75777 issued
2026-03-14T12:36:05Z,orders,ERROR,connection reset by peer
2026-03-14T12:36:08Z,checkout,INFO,session 23762 started
2026-03-14T12:36:11Z,orders,INFO,inventory check 45659 passed
2026-03-14T12:36:14Z,payments,INFO,refund 84350 completed
2026-03-14T12:36:20Z,orders,ERROR,connection reset by peer
2026-03-14T12:36:35Z,orders,ERROR,connection reset by peer
2026-03-14T12:36:42Z,postgres,INFO,replication lag 319ms
2026-03-14T12:36:46Z,billing,INFO,invoice 2862 rendered in 311ms
2026-03-14T12:36:48Z,billing,INFO,credit note 69649 issued
2026-03-14T12:36:50Z,orders,ERROR,connection reset by peer
2026-03-14T12:36:51Z,orders,INFO,order 21292 accepted
2026-03-14T12:36:55Z,billing,INFO,dunning run 32378 complete
2026-03-14T12:37:05Z,orders,ERROR,connection reset by peer
2026-03-14T12:37:06Z,orders,INFO,order 4534 accepted
2026-03-14T12:37:13Z,postgres,INFO,"checkpoint complete, 54426 buffers written"
2026-03-14T12:37:14Z,checkout,INFO,payment intent 12738 created
2026-03-14T12:37:16Z,postgres,INFO,connection 21277 authorised
2026-03-14T12:37:18Z,payments,INFO,refund 41246 completed
2026-03-14T12:37:20Z,orders,ERROR,connection reset by peer
2026-03-14T12:37:22Z,auth,INFO,login succeeded in 189ms
2026-03-14T12:37:26Z,orders,INFO,order 23564 invoiced
2026-03-14T12:37:35Z,orders,ERROR,connection reset by peer
2026-03-14T12:37:41Z,billing,INFO,invoice 95233 rendered in 72ms
2026-03-14T12:37:43Z,payments,INFO,charge 53992 authorised in 217ms
2026-03-14T12:37:45Z,checkout,INFO,session 71638 started
2026-03-14T12:37:45Z,payments,INFO,refund 2826 completed
2026-03-14T12:37:46Z,auth,INFO,token issued for session 61288
2026-03-14T12:37:46Z,payments,INFO,webhook 71099 acknowledged
2026-03-14T12:37:50Z,orders,ERROR,connection reset by peer
2026-03-14T12:37:52Z,search,INFO,"suggest cache warm, 93487 entries"
2026-03-14T12:37:58Z,search,INFO,query 82971 served in 306ms
2026-03-14T12:38:01Z,orders,INFO,inventory check 86075 passed
2026-03-14T12:38:05Z,orders,ERROR,connection reset by peer
2026-03-14T12:38:08Z,search,INFO,"suggest cache warm, 86658 entries"
2026-03-14T12:38:10Z,search,INFO,query 74882 served in 260ms
2026-03-14T12:38:20Z,orders,ERROR,connection reset by peer
2026-03-14T12:38:23Z,postgres,INFO,autovacuum finished on table 68810
2026-03-14T12:38:27Z,search,INFO,query 65205 served in 315ms
2026-03-14T12:38:30Z,payments,INFO,settlement batch 52241 queued
2026-03-14T12:38:33Z,payments,INFO,charge 8809 authorised in 94ms
2026-03-14T12:38:34Z,checkout,INFO,session 34492 started
2026-03-14T12:38:35Z,orders,ERROR,connection reset by peer
2026-03-14T12:38:35Z,payments,INFO,refund 54134 completed
2026-03-14T12:38:41Z,auth,INFO,session 45435 refreshed
2026-03-14T12:38:50Z,orders,ERROR,connection reset by peer
2026-03-14T12:39:01Z,auth,INFO,logout for session 62992
2026-03-14T12:39:05Z,orders,ERROR,connection reset by peer
2026-03-14T12:39:07Z,postgres,INFO,replication lag 176ms
2026-03-14T12:39:18Z,auth,INFO,logout for session 1421
2026-03-14T12:39:21Z,orders,INFO,inventory check 61842 passed
2026-03-14T12:39:28Z,orders,INFO,inventory check 69143 passed
2026-03-14T12:39:39Z,checkout,INFO,cart 35170 converted in 80ms
2026-03-14T12:39:42Z,orders,INFO,inventory check 38454 passed
2026-03-14T12:39:43Z,payments,INFO,settlement batch 25653 queued
2026-03-14T12:39:46Z,billing,INFO,dunning run 97360 complete
2026-03-14T12:40:01Z,checkout,INFO,payment intent 39718 created
2026-03-14T12:40:08Z,postgres,INFO,replication lag 44ms
2026-03-14T12:40:14Z,auth,INFO,session 2243 refreshed
2026-03-14T12:40:16Z,auth,INFO,token issued for session 75484
2026-03-14T12:40:16Z,payments,INFO,webhook 65351 acknowledged
2026-03-14T12:40:20Z,orders,ERROR,connection reset by peer
2026-03-14T12:40:25Z,postgres,INFO,connection 56234 authorised
2026-03-14T12:40:29Z,billing,INFO,dunning run 60631 complete
2026-03-14T12:40:33Z,search,INFO,"suggest cache warm, 46105 entries"
2026-03-14T12:40:35Z,orders,ERROR,connection reset by peer
2026-03-14T12:40:41Z,billing,INFO,invoice 82386 rendered in 291ms
2026-03-14T12:40:48Z,payments,INFO,webhook 63506 acknowledged
2026-03-14T12:40:50Z,auth,INFO,session 21998 refreshed
2026-03-14T12:40:50Z,orders,ERROR,connection reset by peer
2026-03-14T12:40:55Z,search,INFO,index segment 57292 merged
2026-03-14T12:41:05Z,orders,ERROR,connection reset by peer
2026-03-14T12:41:19Z,payments,INFO,refund 90207 completed
2026-03-14T12:41:20Z,orders,ERROR,connection reset by peer
2026-03-14T12:41:25Z,search,INFO,"suggest cache warm, 69683 entries"
2026-03-14T12:41:34Z,postgres,INFO,"checkpoint complete, 87412 buffers written"
2026-03-14T12:41:34Z,postgres,INFO,replication lag 99ms
2026-03-14T12:41:35Z,orders,ERROR,connection reset by peer
2026-03-14T12:41:37Z,checkout,INFO,session 54710 started
2026-03-14T12:41:38Z,payments,INFO,webhook 40642 acknowledged
2026-03-14T12:41:47Z,payments,INFO,webhook 19891 acknowledged
2026-03-14T12:41:50Z,orders,ERROR,connection reset by peer
2026-03-14T12:41:50Z,orders,INFO,inventory check 2020 passed
2026-03-14T12:42:05Z,orders,ERROR,connection reset by peer
2026-03-14T12:42:16Z,checkout,INFO,cart 42019 abandoned after 108ms
2026-03-14T12:42:20Z,orders,ERROR,connection reset by peer
2026-03-14T12:42:30Z,billing,INFO,subscription 2247 renewed
2026-03-14T12:42:35Z,orders,ERROR,connection reset by peer
2026-03-14T12:42:36Z,checkout,INFO,session 90453 started
2026-03-14T12:42:39Z,orders,INFO,order 33982 dispatched in 317ms
2026-03-14T12:42:48Z,deploy,INFO,pipeline 47213 green
2026-03-14T12:42:49Z,search,INFO,query 37227 served in 178ms
2026-03-14T12:42:50Z,orders,ERROR,connection reset by peer
2026-03-14T12:42:50Z,payments,INFO,webhook 76983 acknowledged
2026-03-14T12:42:57Z,postgres,INFO,replication lag 218ms
2026-03-14T12:43:03Z,postgres,INFO,autovacuum finished on table 29947
2026-03-14T12:43:05Z,orders,ERROR,connection reset by peer
2026-03-14T12:43:10Z,billing,INFO,invoice 25022 rendered in 146ms
2026-03-14T12:43:17Z,auth,INFO,token issued for session 66229
2026-03-14T12:43:20Z,orders,ERROR,connection reset by peer
2026-03-14T12:43:21Z,auth,INFO,token issued for session 60725
2026-03-14T12:43:27Z,billing,INFO,invoice 39334 rendered in 26ms
2026-03-14T12:43:29Z,payments,INFO,charge 18088 authorised in 19ms
2026-03-14T12:43:35Z,orders,ERROR,connection reset by peer
2026-03-14T12:43:42Z,postgres,INFO,replication lag 144ms
2026-03-14T12:43:47Z,search,INFO,query 53516 served in 77ms
2026-03-14T12:43:50Z,orders,ERROR,connection reset by peer
2026-03-14T12:43:54Z,search,INFO,index segment 34251 merged
2026-03-14T12:43:58Z,checkout,INFO,cart 60447 abandoned after 54ms
2026-03-14T12:44:01Z,auth,INFO,session 81932 refreshed
2026-03-14T12:44:05Z,orders,ERROR,connection reset by peer
2026-03-14T12:44:06Z,payments,INFO,settlement batch 57760 queued
2026-03-14T12:44:11Z,orders,INFO,order 68029 accepted
2026-03-14T12:44:14Z,billing,INFO,credit note 52995 issued
2026-03-14T12:44:18Z,postgres,INFO,autovacuum finished on table 54666
2026-03-14T12:44:30Z,orders,INFO,"healthy, 12 of 12 pods ready"
2026-03-14T12:44:32Z,orders,INFO,order 31569 accepted
2026-03-14T12:44:35Z,deploy,INFO,"release complete, no rollback"
2026-03-14T12:44:42Z,auth,INFO,logout for session 75643
2026-03-14T12:44:49Z,orders,INFO,order 9290 accepted
2026-03-14T12:44:53Z,orders,INFO,order 88098 accepted
2026-03-14T12:44:53Z,postgres,INFO,replication lag 27ms
2026-03-14T12:44:54Z,billing,INFO,credit note 57602 issued
2026-03-14T12:44:54Z,orders,INFO,order 9035 dispatched in 243ms
2026-03-14T12:44:55Z,payments,INFO,webhook 82439 acknowledged
2026-03-14T12:44:56Z,auth,INFO,logout for session 56735
2026-03-14T12:45:02Z,orders,INFO,order 27720 invoiced
2026-03-14T12:45:12Z,payments,INFO,webhook 13286 acknowledged
2026-03-14T12:45:19Z,checkout,INFO,cart 24293 converted in 296ms
2026-03-14T12:45:28Z,postgres,INFO,replication lag 88ms
2026-03-14T12:45:30Z,search,INFO,"suggest cache warm, 94934 entries"
2026-03-14T12:45:32Z,search,INFO,"suggest cache warm, 4063 entries"
2026-03-14T12:45:34Z,orders,INFO,order 45542 invoiced
2026-03-14T12:45:46Z,payments,INFO,settlement batch 94471 queued
2026-03-14T12:45:51Z,auth,INFO,login succeeded in 18ms
2026-03-14T12:46:11Z,orders,INFO,order 96142 invoiced
2026-03-14T12:46:12Z,auth,INFO,token issued for session 65447
2026-03-14T12:46:26Z,payments,INFO,refund 24229 completed
2026-03-14T12:46:37Z,orders,WARN,inventory check 9475 took 2043ms
2026-03-14T12:46:49Z,checkout,INFO,session 80420 started
2026-03-14T12:46:49Z,orders,INFO,order 68792 invoiced
2026-03-14T12:46:53Z,checkout,INFO,session 80529 started
2026-03-14T12:47:07Z,payments,INFO,settlement batch 40461 queued
2026-03-14T12:47:14Z,payments,INFO,refund 7892 completed
2026-03-14T12:47:21Z,orders,INFO,order 52240 accepted
2026-03-14T12:47:22Z,orders,INFO,order 72722 accepted
2026-03-14T12:47:29Z,postgres,INFO,autovacuum finished on table 61186
2026-03-14T12:47:33Z,billing,INFO,invoice 42289 rendered in 156ms
2026-03-14T12:47:40Z,deploy,INFO,canary 61856 healthy
2026-03-14T12:47:54Z,postgres,INFO,connection 54596 authorised
2026-03-14T12:47:57Z,postgres,INFO,connection 68762 authorised
2026-03-14T12:47:58Z,billing,INFO,subscription 40229 renewed
2026-03-14T12:48:13Z,search,INFO,query 78375 served in 128ms
2026-03-14T12:48:17Z,billing,INFO,dunning run 76869 complete
2026-03-14T12:48:27Z,checkout,INFO,session 54034 started
2026-03-14T12:48:29Z,checkout,INFO,cart 88954 converted in 195ms
2026-03-14T12:48:43Z,billing,INFO,invoice 91858 rendered in 105ms
2026-03-14T12:48:46Z,orders,INFO,order 6145 invoiced
2026-03-14T12:48:49Z,orders,INFO,order 4192 accepted
2026-03-14T12:48:49Z,payments,INFO,webhook 20148 acknowledged
2026-03-14T12:48:56Z,payments,INFO,charge 81831 authorised in 7ms
2026-03-14T12:49:08Z,search,INFO,"suggest cache warm, 92781 entries"
2026-03-14T12:49:09Z,billing,INFO,credit note 76421 issued
2026-03-14T12:49:11Z,billing,INFO,invoice 97514 rendered in 170ms
2026-03-14T12:49:18Z,postgres,INFO,"checkpoint complete, 91055 buffers written"
2026-03-14T12:49:23Z,search,INFO,index segment 2638 merged
2026-03-14T12:49:24Z,auth,INFO,login succeeded in 7ms
2026-03-14T12:49:29Z,deploy,INFO,artefact 88568 published
2026-03-14T12:49:31Z,billing,INFO,subscription 83702 renewed
2026-03-14T12:49:33Z,auth,INFO,login succeeded in 186ms
2026-03-14T12:49:39Z,orders,INFO,order 48630 accepted
2026-03-14T12:49:47Z,auth,INFO,session 72563 refreshed
2026-03-14T12:50:01Z,orders,INFO,order 67128 invoiced
2026-03-14T12:50:01Z,payments,INFO,settlement batch 10168 queued
2026-03-14T12:50:12Z,auth,INFO,token issued for session 69751
2026-03-14T12:50:23Z,billing,INFO,credit note 58257 issued
2026-03-14T12:50:26Z,checkout,INFO,cart 70320 abandoned after 275ms
2026-03-14T12:50:29Z,checkout,INFO,cart 14460 abandoned after 29ms
2026-03-14T12:50:32Z,auth,INFO,token issued for session 80453
2026-03-14T12:50:39Z,orders,INFO,order 89366 dispatched in 207ms
2026-03-14T12:50:41Z,payments,INFO,settlement batch 97508 queued
2026-03-14T12:50:48Z,postgres,INFO,autovacuum finished on table 72900
2026-03-14T12:50:49Z,checkout,INFO,session 85289 started
2026-03-14T12:50:54Z,billing,INFO,subscription 99513 renewed
2026-03-14T12:50:57Z,postgres,INFO,connection 36944 authorised
2026-03-14T12:50:58Z,search,INFO,index segment 1495 merged
2026-03-14T12:51:02Z,checkout,INFO,session 98563 started
2026-03-14T12:51:07Z,orders,INFO,inventory check 29248 passed
2026-03-14T12:51:17Z,orders,INFO,order 46968 accepted
2026-03-14T12:51:26Z,search,INFO,index segment 44168 merged
2026-03-14T12:51:28Z,postgres,INFO,replication lag 162ms
2026-03-14T12:51:50Z,postgres,INFO,"checkpoint complete, 99615 buffers written"
2026-03-14T12:51:56Z,orders,INFO,order 16565 dispatched in 19ms
2026-03-14T12:51:58Z,payments,INFO,webhook 40443 acknowledged
2026-03-14T12:52:00Z,postgres,INFO,connection 54409 authorised
2026-03-14T12:52:05Z,billing,INFO,subscription 14205 renewed
2026-03-14T12:52:34Z,billing,INFO,invoice 98596 rendered in 259ms
2026-03-14T12:52:45Z,auth,INFO,session 96631 refreshed
2026-03-14T12:53:03Z,postgres,INFO,autovacuum finished on table 86896
2026-03-14T12:53:09Z,checkout,INFO,payment intent 59301 created
2026-03-14T12:53:13Z,checkout,INFO,payment intent 34621 created
2026-03-14T12:53:14Z,billing,INFO,subscription 29449 renewed
2026-03-14T12:53:16Z,postgres,INFO,"checkpoint complete, 93838 buffers written"
2026-03-14T12:53:20Z,search,INFO,index segment 55173 merged
2026-03-14T12:53:25Z,auth,INFO,token issued for session 96111
2026-03-14T12:53:25Z,billing,INFO,dunning run 36467 complete
2026-03-14T12:53:27Z,orders,INFO,order 75132 invoiced
2026-03-14T12:53:30Z,orders,INFO,order 8206 invoiced
2026-03-14T12:53:31Z,postgres,INFO,"checkpoint complete, 44035 buffers written"
2026-03-14T12:53:36Z,payments,INFO,refund 47195 completed
2026-03-14T12:53:43Z,auth,INFO,login succeeded in 223ms
2026-03-14T12:53:45Z,billing,INFO,credit note 16908 issued
2026-03-14T12:53:47Z,billing,INFO,dunning run 57278 complete
2026-03-14T12:53:50Z,orders,INFO,order 28728 dispatched in 117ms
2026-03-14T12:54:12Z,search,INFO,index segment 47990 merged
2026-03-14T12:54:14Z,payments,INFO,settlement batch 34588 queued
2026-03-14T12:54:18Z,checkout,INFO,session 62365 started
2026-03-14T12:54:21Z,orders,INFO,order 72430 dispatched in 23ms
2026-03-14T12:54:21Z,postgres,INFO,autovacuum finished on table 94320
2026-03-14T12:54:32Z,checkout,INFO,session 77407 started
2026-03-14T12:54:33Z,billing,INFO,invoice 72515 rendered in 85ms
2026-03-14T12:54:48Z,search,INFO,query 65109 served in 163ms
2026-03-14T12:54:59Z,search,INFO,index segment 84953 merged
2026-03-14T12:55:02Z,checkout,INFO,payment intent 30363 created
2026-03-14T12:55:09Z,billing,INFO,credit note 39691 issued
2026-03-14T12:55:16Z,orders,INFO,order 99950 invoiced
2026-03-14T12:55:44Z,search,INFO,query 15280 served in 99ms
2026-03-14T12:55:47Z,orders,INFO,order 48861 accepted
2026-03-14T12:55:49Z,checkout,INFO,cart 26495 converted in 148ms
2026-03-14T12:55:52Z,postgres,INFO,autovacuum finished on table 97878
2026-03-14T12:55:53Z,postgres,INFO,replication lag 220ms
2026-03-14T12:56:04Z,checkout,INFO,cart 16607 converted in 67ms
2026-03-14T12:56:25Z,search,INFO,"suggest cache warm, 66240 entries"
2026-03-14T12:56:33Z,payments,INFO,settlement batch 59988 queued
2026-03-14T12:56:34Z,orders,INFO,order 83370 invoiced
2026-03-14T12:56:36Z,postgres,INFO,connection 47072 authorised
2026-03-14T12:56:38Z,checkout,INFO,cart 15841 converted in 164ms
2026-03-14T12:56:45Z,payments,INFO,refund 21935 completed
2026-03-14T12:56:50Z,checkout,INFO,payment intent 19153 created
2026-03-14T12:56:53Z,payments,INFO,charge 68629 authorised in 283ms
2026-03-14T12:56:54Z,auth,INFO,token issued for session 36141
2026-03-14T12:56:57Z,postgres,INFO,connection 74535 authorised
2026-03-14T12:57:00Z,payments,INFO,webhook 42642 acknowledged
2026-03-14T12:57:00Z,search,INFO,query 3520 served in 4ms
2026-03-14T12:57:11Z,auth,INFO,logout for session 91306
2026-03-14T12:57:13Z,postgres,INFO,replication lag 186ms
2026-03-14T12:57:26Z,orders,INFO,order 20316 accepted
2026-03-14T12:57:26Z,search,INFO,query 13270 served in 145ms
2026-03-14T12:57:27Z,billing,INFO,credit note 22501 issued
2026-03-14T12:57:33Z,payments,INFO,refund 36215 completed
2026-03-14T12:57:38Z,auth,INFO,logout for session 81338
2026-03-14T12:57:38Z,payments,INFO,charge 19310 authorised in 214ms
2026-03-14T12:57:39Z,orders,INFO,order 85748 accepted
2026-03-14T12:57:47Z,checkout,INFO,payment intent 93600 created
2026-03-14T12:57:50Z,search,INFO,query 43034 served in 204ms
2026-03-14T12:57:56Z,auth,INFO,login succeeded in 110ms
2026-03-14T12:58:09Z,billing,INFO,subscription 15973 renewed
2026-03-14T12:58:11Z,postgres,INFO,"checkpoint complete, 3841 buffers written"
2026-03-14T12:58:18Z,search,INFO,index segment 90063 merged
2026-03-14T12:58:24Z,postgres,INFO,replication lag 273ms
2026-03-14T12:58:25Z,checkout,INFO,session 19016 started
2026-03-14T12:58:33Z,deploy,INFO,pipeline 34531 green
2026-03-14T12:58:36Z,billing,INFO,dunning run 57120 complete
2026-03-14T12:59:01Z,checkout,INFO,session 9526 started
2026-03-14T12:59:06Z,deploy,INFO,pipeline 65052 green
2026-03-14T12:59:16Z,auth,INFO,logout for session 58774
2026-03-14T12:59:19Z,auth,INFO,login succeeded in 79ms
2026-03-14T12:59:21Z,orders,INFO,order 76972 dispatched in 305ms
2026-03-14T12:59:24Z,billing,INFO,credit note 19703 issued
2026-03-14T12:59:30Z,payments,INFO,settlement batch 18689 queued
2026-03-14T12:59:30Z,postgres,INFO,replication lag 150ms
2026-03-14T12:59:38Z,checkout,INFO,cart 35721 abandoned after 19ms
2026-03-14T12:59:45Z,postgres,INFO,replication lag 233ms
2026-03-14T12:59:54Z,payments,INFO,webhook 43663 acknowledged
2026-03-14T12:59:59Z,orders,INFO,inventory check 62012 passed
2026-03-14T13:00:03Z,checkout,INFO,cart 14898 converted in 54ms
2026-03-14T13:00:03Z,orders,INFO,inventory check 44069 passed
2026-03-14T13:00:05Z,orders,INFO,inventory check 79099 passed
2026-03-14T13:00:28Z,search,INFO,"suggest cache warm, 87508 entries"
2026-03-14T13:00:32Z,checkout,INFO,cart 66833 converted in 80ms
2026-03-14T13:00:41Z,payments,INFO,settlement batch 60486 queued
2026-03-14T13:00:47Z,postgres,INFO,"checkpoint complete, 19649 buffers written"
2026-03-14T13:00:53Z,postgres,INFO,connection 38681 authorised
2026-03-14T13:01:08Z,search,INFO,index segment 91411 merged
2026-03-14T13:01:08Z,search,INFO,index segment 97390 merged
2026-03-14T13:01:20Z,search,INFO,"suggest cache warm, 62569 entries"
2026-03-14T13:01:22Z,postgres,INFO,"checkpoint complete, 65149 buffers written"
2026-03-14T13:01:23Z,orders,INFO,order 61685 accepted
2026-03-14T13:01:29Z,orders,INFO,inventory check 79670 passed
2026-03-14T13:01:39Z,payments,INFO,settlement batch 73028 queued
2026-03-14T13:01:45Z,auth,INFO,logout for session 84073
2026-03-14T13:02:01Z,auth,INFO,session 57738 refreshed
2026-03-14T13:02:13Z,billing,INFO,credit note 39690 issued
2026-03-14T13:02:14Z,deploy,INFO,artefact 91144 published
2026-03-14T13:02:20Z,billing,INFO,subscription 8919 renewed
2026-03-14T13:02:23Z,orders,INFO,inventory check 58558 passed
2026-03-14T13:02:24Z,auth,INFO,token issued for session 6618
2026-03-14T13:02:27Z,search,INFO,query 92940 served in 194ms
2026-03-14T13:02:39Z,auth,INFO,login succeeded in 6ms
2026-03-14T13:02:46Z,billing,INFO,subscription 21753 renewed
2026-03-14T13:02:46Z,postgres,INFO,connection 49547 authorised
2026-03-14T13:02:50Z,auth,INFO,logout for session 89701
2026-03-14T13:02:52Z,billing,INFO,dunning run 10642 complete
2026-03-14T13:02:55Z,checkout,INFO,cart 73353 abandoned after 168ms
2026-03-14T13:02:55Z,deploy,INFO,artefact 88018 published
2026-03-14T13:03:06Z,orders,INFO,order 55749 dispatched in 273ms
2026-03-14T13:03:08Z,search,INFO,index segment 93242 merged
2026-03-14T13:03:16Z,billing,INFO,subscription 77578 renewed
2026-03-14T13:03:20Z,checkout,INFO,payment intent 27481 created
2026-03-14T13:03:28Z,checkout,INFO,cart 90678 converted in 302ms
2026-03-14T13:03:31Z,checkout,INFO,cart 72380 abandoned after 180ms
2026-03-14T13:03:34Z,auth,INFO,login succeeded in 37ms
2026-03-14T13:03:46Z,postgres,INFO,"checkpoint complete, 17812 buffers written"
2026-03-14T13:03:49Z,auth,INFO,token issued for session 53795
2026-03-14T13:03:53Z,search,INFO,"suggest cache warm, 93147 entries"
2026-03-14T13:03:59Z,billing,INFO,subscription 81541 renewed
2026-03-14T13:04:03Z,payments,INFO,webhook 36911 acknowledged
2026-03-14T13:04:08Z,auth,INFO,token issued for session 12991
2026-03-14T13:04:15Z,billing,INFO,subscription 16569 renewed
2026-03-14T13:04:15Z,checkout,INFO,cart 47261 converted in 165ms
2026-03-14T13:04:28Z,payments,INFO,webhook 1362 acknowledged
2026-03-14T13:04:48Z,payments,INFO,charge 3009 authorised in 180ms
2026-03-14T13:04:56Z,billing,INFO,credit note 20494 issued
2026-03-14T13:05:01Z,postgres,INFO,"checkpoint complete, 28374 buffers written"
2026-03-14T13:05:03Z,billing,INFO,credit note 90840 issued
2026-03-14T13:05:07Z,search,INFO,query 63612 served in 271ms
2026-03-14T13:05:08Z,checkout,INFO,payment intent 2046 created
2026-03-14T13:05:16Z,search,INFO,query 82895 served in 272ms
2026-03-14T13:05:23Z,postgres,INFO,replication lag 306ms
2026-03-14T13:05:24Z,auth,INFO,token issued for session 5925
2026-03-14T13:05:30Z,checkout,INFO,payment intent 74896 created
2026-03-14T13:05:44Z,billing,INFO,dunning run 11901 complete
2026-03-14T13:06:04Z,auth,INFO,session 83816 refreshed
2026-03-14T13:06:06Z,orders,INFO,inventory check 65628 passed
2026-03-14T13:06:07Z,checkout,INFO,session 51025 started
2026-03-14T13:06:15Z,billing,INFO,subscription 18213 renewed
2026-03-14T13:06:20Z,payments,INFO,settlement batch 97529 queued
2026-03-14T13:06:35Z,orders,INFO,inventory check 86435 passed
2026-03-14T13:06:38Z,search,INFO,"suggest cache warm, 94689 entries"
2026-03-14T13:06:46Z,billing,INFO,dunning run 71663 complete
2026-03-14T13:06:51Z,postgres,WARN,"autovacuum on table 36278 skipped, lock not available"
2026-03-14T13:06:51Z,postgres,INFO,connection 36753 authorised
2026-03-14T13:06:57Z,postgres,INFO,autovacuum finished on table 56298
2026-03-14T13:06:59Z,auth,INFO,logout for session 80937
2026-03-14T13:07:01Z,payments,INFO,settlement batch 15124 queued
2026-03-14T13:07:02Z,billing,INFO,credit note 40313 issued
2026-03-14T13:07:26Z,billing,INFO,subscription 50665 renewed
2026-03-14T13:07:27Z,postgres,INFO,connection 17434 authorised
2026-03-14T13:07:29Z,checkout,INFO,payment intent 65476 created
2026-03-14T13:07:34Z,billing,INFO,subscription 38338 renewed
2026-03-14T13:07:34Z,checkout,INFO,payment intent 76446 created
2026-03-14T13:07:35Z,search,INFO,"suggest cache warm, 90559 entries"
2026-03-14T13:07:42Z,orders,INFO,order 51618 dispatched in 235ms
2026-03-14T13:07:43Z,checkout,INFO,cart 35899 abandoned after 177ms
2026-03-14T13:07:49Z,orders,INFO,inventory check 50005 passed
2026-03-14T13:07:57Z,auth,INFO,login succeeded in 305ms
2026-03-14T13:07:57Z,billing,INFO,invoice 53277 rendered in 238ms
2026-03-14T13:08:10Z,orders,INFO,order 54686 dispatched in 177ms
2026-03-14T13:08:13Z,checkout,INFO,cart 79487 abandoned after 159ms
2026-03-14T13:08:17Z,search,INFO,query 38741 served in 13ms
2026-03-14T13:08:18Z,search,INFO,query 9588 served in 154ms
2026-03-14T13:08:22Z,search,INFO,"suggest cache warm, 20435 entries"
2026-03-14T13:08:34Z,orders,INFO,order 83106 invoiced
2026-03-14T13:08:40Z,search,INFO,query 66933 served in 312ms
2026-03-14T13:08:43Z,search,INFO,query 49034 served in 231ms
2026-03-14T13:08:51Z,auth,INFO,token issued for session 11619
2026-03-14T13:09:01Z,orders,INFO,order 72503 dispatched in 57ms
2026-03-14T13:09:07Z,postgres,INFO,"checkpoint complete, 53368 buffers written"
2026-03-14T13:09:08Z,payments,INFO,webhook 7300 acknowledged
2026-03-14T13:09:10Z,auth,INFO,session 52790 refreshed
2026-03-14T13:09:11Z,postgres,INFO,replication lag 178ms
2026-03-14T13:09:12Z,payments,INFO,refund 88208 completed
2026-03-14T13:09:13Z,auth,INFO,session 99774 refreshed
2026-03-14T13:09:13Z,postgres,INFO,autovacuum finished on table 50523
2026-03-14T13:09:17Z,orders,INFO,order 36927 accepted
2026-03-14T13:09:19Z,payments,INFO,refund 13361 completed
2026-03-14T13:09:24Z,checkout,INFO,payment intent 81237 created
2026-03-14T13:09:28Z,billing,INFO,invoice 42264 rendered in 211ms
2026-03-14T13:09:48Z,payments,INFO,charge 85302 authorised in 104ms
2026-03-14T13:09:55Z,checkout,INFO,payment intent 9596 created
2026-03-14T13:09:55Z,orders,INFO,inventory check 18182 passed
2026-03-14T13:10:00Z,checkout,ERROR,healthz timeout after 2000ms
2026-03-14T13:10:03Z,search,INFO,index segment 46845 merged
2026-03-14T13:10:03Z,search,INFO,query 23561 served in 218ms
2026-03-14T13:10:04Z,checkout,INFO,cart 30400 converted in 126ms
2026-03-14T13:10:06Z,checkout,ERROR,healthz timeout after 2000ms
2026-03-14T13:10:12Z,checkout,ERROR,healthz timeout after 2000ms
2026-03-14T13:10:18Z,checkout,ERROR,healthz timeout after 2000ms
2026-03-14T13:10:24Z,billing,INFO,credit note 86012 issued
2026-03-14T13:10:24Z,checkout,ERROR,healthz timeout after 2000ms
2026-03-14T13:10:30Z,checkout,ERROR,healthz timeout after 2000ms
2026-03-14T13:10:31Z,auth,INFO,token issued for session 69573
2026-03-14T13:10:31Z,checkout,INFO,cart 1437 abandoned after 88ms
2026-03-14T13:10:32Z,payments,INFO,settlement batch 72291 queued
2026-03-14T13:10:35Z,auth,INFO,session 85534 refreshed
2026-03-14T13:10:36Z,checkout,ERROR,healthz timeout after 2000ms
2026-03-14T13:10:40Z,postgres,INFO,autovacuum finished on table 3036
2026-03-14T13:10:42Z,checkout,ERROR,healthz timeout after 2000ms
2026-03-14T13:10:47Z,payments,INFO,refund 29198 completed
2026-03-14T13:10:48Z,auth,INFO,token issued for session 13801
2026-03-14T13:10:48Z,checkout,ERROR,healthz timeout after 2000ms
2026-03-14T13:10:54Z,checkout,ERROR,healthz timeout after 2000ms
2026-03-14T13:10:55Z,orders,INFO,order 24795 invoiced
2026-03-14T13:10:57Z,billing,INFO,dunning run 1799 complete
2026-03-14T13:11:00Z,checkout,ERROR,healthz timeout after 2000ms
2026-03-14T13:11:01Z,billing,INFO,dunning run 48975 complete
2026-03-14T13:11:01Z,billing,INFO,dunning run 73078 complete
2026-03-14T13:11:06Z,checkout,ERROR,healthz timeout after 2000ms
2026-03-14T13:11:12Z,checkout,ERROR,healthz timeout after 2000ms
2026-03-14T13:11:17Z,checkout,INFO,cart 16240 abandoned after 177ms
2026-03-14T13:11:18Z,checkout,ERROR,healthz timeout after 2000ms
2026-03-14T13:11:24Z,checkout,ERROR,healthz timeout after 2000ms
2026-03-14T13:11:30Z,checkout,ERROR,healthz timeout after 2000ms
2026-03-14T13:11:36Z,checkout,ERROR,healthz timeout after 2000ms
2026-03-14T13:11:38Z,auth,INFO,session 95196 refreshed
2026-03-14T13:11:42Z,checkout,ERROR,healthz timeout after 2000ms
2026-03-14T13:11:45Z,search,INFO,index segment 64373 merged
2026-03-14T13:11:48Z,checkout,ERROR,healthz timeout after 2000ms
2026-03-14T13:11:54Z,checkout,ERROR,healthz timeout after 2000ms
2026-03-14T13:11:59Z,payments,INFO,webhook 97772 acknowledged
2026-03-14T13:12:00Z,checkout,ERROR,healthz timeout after 2000ms
2026-03-14T13:12:00Z,checkout,INFO,payment intent 93781 created
2026-03-14T13:12:05Z,postgres,INFO,"checkpoint complete, 25036 buffers written"
2026-03-14T13:12:06Z,checkout,ERROR,healthz timeout after 2000ms
2026-03-14T13:12:11Z,search,INFO,index segment 77182 merged
2026-03-14T13:12:12Z,checkout,ERROR,healthz timeout after 2000ms
2026-03-14T13:12:16Z,billing,INFO,subscription 80483 renewed
2026-03-14T13:12:18Z,checkout,ERROR,healthz timeout after 2000ms
2026-03-14T13:12:19Z,checkout,INFO,payment intent 32311 created
2026-03-14T13:12:23Z,billing,INFO,subscription 21793 renewed
2026-03-14T13:12:24Z,checkout,ERROR,healthz timeout after 2000ms
2026-03-14T13:12:27Z,payments,INFO,refund 13939 completed
2026-03-14T13:12:30Z,checkout,ERROR,healthz timeout after 2000ms
2026-03-14T13:12:31Z,checkout,INFO,payment intent 1961 created
2026-03-14T13:12:36Z,checkout,ERROR,healthz timeout after 2000ms
2026-03-14T13:12:42Z,checkout,ERROR,healthz timeout after 2000ms
2026-03-14T13:12:48Z,checkout,ERROR,healthz timeout after 2000ms
2026-03-14T13:12:48Z,payments,INFO,settlement batch 21771 queued
2026-03-14T13:12:49Z,billing,INFO,subscription 79742 renewed
2026-03-14T13:12:54Z,checkout,ERROR,healthz timeout after 2000ms
2026-03-14T13:12:58Z,orders,INFO,order 1423 invoiced
2026-03-14T13:13:00Z,checkout,ERROR,healthz timeout after 2000ms
2026-03-14T13:13:06Z,checkout,ERROR,healthz timeout after 2000ms
2026-03-14T13:13:12Z,checkout,ERROR,healthz timeout after 2000ms
2026-03-14T13:13:18Z,checkout,ERROR,healthz timeout after 2000ms
2026-03-14T13:13:22Z,search,INFO,query 97378 served in 230ms
2026-03-14T13:13:24Z,checkout,ERROR,healthz timeout after 2000ms
2026-03-14T13:13:30Z,checkout,ERROR,healthz timeout after 2000ms
2026-03-14T13:13:36Z,checkout,ERROR,healthz timeout after 2000ms
2026-03-14T13:13:42Z,checkout,ERROR,healthz timeout after 2000ms
2026-03-14T13:13:48Z,checkout,ERROR,healthz timeout after 2000ms
2026-03-14T13:13:50Z,auth,INFO,session 16862 refreshed
2026-03-14T13:13:52Z,payments,INFO,settlement batch 27381 queued
2026-03-14T13:13:54Z,checkout,ERROR,healthz timeout after 2000ms
2026-03-14T13:13:54Z,orders,INFO,order 70916 accepted
2026-03-14T13:13:58Z,billing,INFO,dunning run 34090 complete
2026-03-14T13:14:00Z,checkout,ERROR,healthz timeout after 2000ms
2026-03-14T13:14:06Z,checkout,ERROR,healthz timeout after 2000ms
2026-03-14T13:14:11Z,orders,INFO,order 53607 accepted
2026-03-14T13:14:12Z,auth,INFO,token issued for session 45775
2026-03-14T13:14:12Z,checkout,ERROR,healthz timeout after 2000ms
2026-03-14T13:14:16Z,auth,INFO,logout for session 12439
2026-03-14T13:14:18Z,checkout,ERROR,healthz timeout after 2000ms
2026-03-14T13:14:19Z,billing,INFO,dunning run 96702 complete
2026-03-14T13:14:19Z,postgres,INFO,autovacuum finished on table 73586
2026-03-14T13:14:21Z,postgres,INFO,replication lag 251ms
2026-03-14T13:14:22Z,deploy,INFO,pipeline 39151 green
2026-03-14T13:14:24Z,checkout,ERROR,healthz timeout after 2000ms
2026-03-14T13:14:30Z,checkout,ERROR,healthz timeout after 2000ms
2026-03-14T13:14:35Z,payments,INFO,charge 87480 authorised in 247ms
2026-03-14T13:14:36Z,checkout,ERROR,healthz timeout after 2000ms
2026-03-14T13:14:37Z,search,INFO,"suggest cache warm, 23323 entries"
2026-03-14T13:14:38Z,payments,INFO,refund 85737 completed
2026-03-14T13:14:46Z,orders,INFO,inventory check 61305 passed
2026-03-14T13:14:51Z,search,INFO,index segment 22239 merged
2026-03-14T13:14:55Z,postgres,INFO,"checkpoint complete, 65341 buffers written"
2026-03-14T13:15:05Z,postgres,INFO,replication lag 120ms
2026-03-14T13:15:06Z,auth,INFO,login succeeded in 238ms
2026-03-14T13:15:07Z,payments,INFO,settlement batch 26750 queued
2026-03-14T13:15:17Z,checkout,INFO,session 88945 started
2026-03-14T13:15:20Z,payments,INFO,refund 59893 completed
2026-03-14T13:15:29Z,postgres,INFO,connection 30406 authorised
2026-03-14T13:15:37Z,checkout,INFO,cart 81857 converted in 202ms
2026-03-14T13:15:45Z,search,INFO,query 60976 served in 104ms
2026-03-14T13:15:48Z,search,INFO,index segment 31769 merged
2026-03-14T13:15:54Z,orders,INFO,inventory check 50091 passed
2026-03-14T13:15:56Z,payments,INFO,refund 2983 completed
2026-03-14T13:16:01Z,auth,INFO,login succeeded in 100ms
2026-03-14T13:16:04Z,billing,INFO,dunning run 50256 complete
2026-03-14T13:16:14Z,auth,INFO,session 38017 refreshed
2026-03-14T13:16:23Z,billing,INFO,dunning run 80995 complete
2026-03-14T13:16:40Z,orders,INFO,inventory check 10927 passed
2026-03-14T13:16:43Z,billing,INFO,subscription 19242 renewed
2026-03-14T13:16:48Z,search,INFO,index segment 48452 merged
2026-03-14T13:16:49Z,orders,INFO,order 50623 accepted
2026-03-14T13:16:58Z,orders,INFO,order 70623 dispatched in 5ms
2026-03-14T13:16:59Z,postgres,INFO,connection 39833 authorised
2026-03-14T13:17:00Z,payments,INFO,webhook 31793 acknowledged
2026-03-14T13:17:17Z,postgres,INFO,autovacuum finished on table 9238
2026-03-14T13:17:20Z,checkout,INFO,cart 31572 converted in 164ms
2026-03-14T13:17:28Z,payments,INFO,settlement batch 67525 queued
2026-03-14T13:17:29Z,deploy,INFO,canary 19704 healthy
2026-03-14T13:17:30Z,orders,INFO,inventory check 50782 passed
2026-03-14T13:17:34Z,checkout,INFO,cart 66917 abandoned after 44ms
2026-03-14T13:17:37Z,postgres,INFO,connection 68232 authorised
2026-03-14T13:17:37Z,search,INFO,query 74407 served in 274ms
2026-03-14T13:17:39Z,postgres,INFO,replication lag 31ms
2026-03-14T13:17:46Z,auth,INFO,token issued for session 92999
2026-03-14T13:17:48Z,auth,INFO,login succeeded in 271ms
2026-03-14T13:17:59Z,payments,INFO,webhook 49042 acknowledged
2026-03-14T13:18:09Z,checkout,INFO,payment intent 29612 created
2026-03-14T13:18:10Z,payments,INFO,charge 79013 authorised in 176ms
2026-03-14T13:18:29Z,checkout,INFO,cart 56619 converted in 38ms
2026-03-14T13:18:33Z,auth,INFO,logout for session 1172
2026-03-14T13:18:35Z,payments,INFO,charge 11018 authorised in 301ms
2026-03-14T13:18:44Z,orders,INFO,order 8383 invoiced
2026-03-14T13:18:47Z,billing,INFO,credit note 71665 issued
2026-03-14T13:18:48Z,postgres,INFO,replication lag 184ms
2026-03-14T13:19:06Z,billing,INFO,credit note 13077 issued
2026-03-14T13:19:10Z,checkout,INFO,payment intent 39417 created
2026-03-14T13:19:11Z,billing,INFO,dunning run 40207 complete
2026-03-14T13:19:14Z,search,INFO,query 25157 served in 231ms
2026-03-14T13:19:18Z,checkout,INFO,session 46463 started
2026-03-14T13:19:32Z,auth,INFO,login succeeded in 202ms
2026-03-14T13:19:39Z,postgres,INFO,autovacuum finished on table 57600
2026-03-14T13:19:52Z,billing,INFO,subscription 2361 renewed
2026-03-14T13:19:53Z,checkout,INFO,cart 80907 converted in 150ms
2026-03-14T13:20:00Z,checkout,ERROR,healthz timeout after 2000ms
2026-03-14T13:20:05Z,orders,INFO,order 29806 dispatched in 23ms
2026-03-14T13:20:06Z,checkout,ERROR,healthz timeout after 2000ms
2026-03-14T13:20:07Z,checkout,INFO,session 61317 started
2026-03-14T13:20:12Z,checkout,ERROR,healthz timeout after 2000ms
2026-03-14T13:20:14Z,search,INFO,"suggest cache warm, 10434 entries"
2026-03-14T13:20:18Z,checkout,ERROR,healthz timeout after 2000ms
2026-03-14T13:20:24Z,checkout,ERROR,healthz timeout after 2000ms
2026-03-14T13:20:30Z,checkout,ERROR,healthz timeout after 2000ms
2026-03-14T13:20:36Z,checkout,ERROR,healthz timeout after 2000ms
2026-03-14T13:20:42Z,checkout,ERROR,healthz timeout after 2000ms
2026-03-14T13:20:48Z,checkout,ERROR,healthz timeout after 2000ms
2026-03-14T13:20:49Z,search,INFO,"suggest cache warm, 4400 entries"
2026-03-14T13:20:54Z,checkout,ERROR,healthz timeout after 2000ms
2026-03-14T13:20:54Z,postgres,INFO,"checkpoint complete, 55857 buffers written"
2026-03-14T13:20:54Z,postgres,INFO,connection 18582 authorised
2026-03-14T13:21:00Z,checkout,ERROR,healthz timeout after 2000ms
2026-03-14T13:21:00Z,search,INFO,query 62801 served in 180ms
2026-03-14T13:21:02Z,postgres,INFO,replication lag 210ms
2026-03-14T13:21:05Z,payments,INFO,refund 13531 completed
2026-03-14T13:21:06Z,billing,INFO,credit note 83849 issued
2026-03-14T13:21:06Z,checkout,ERROR,healthz timeout after 2000ms
2026-03-14T13:21:09Z,orders,INFO,order 64378 dispatched in 274ms
2026-03-14T13:21:12Z,checkout,ERROR,healthz timeout after 2000ms
2026-03-14T13:21:18Z,checkout,ERROR,healthz timeout after 2000ms
2026-03-14T13:21:24Z,checkout,ERROR,healthz timeout after 2000ms
2026-03-14T13:21:30Z,checkout,ERROR,healthz timeout after 2000ms
2026-03-14T13:21:31Z,search,INFO,index segment 35439 merged
2026-03-14T13:21:32Z,orders,INFO,order 72444 invoiced
2026-03-14T13:21:36Z,checkout,ERROR,healthz timeout after 2000ms
2026-03-14T13:21:42Z,checkout,INFO,cart 14766 converted in 155ms
2026-03-14T13:21:42Z,checkout,ERROR,healthz timeout after 2000ms
2026-03-14T13:21:48Z,checkout,ERROR,healthz timeout after 2000ms
2026-03-14T13:21:50Z,auth,INFO,logout for session 68072
2026-03-14T13:21:54Z,checkout,ERROR,healthz timeout after 2000ms
2026-03-14T13:21:57Z,orders,INFO,order 97780 accepted
2026-03-14T13:22:00Z,checkout,ERROR,healthz timeout after 2000ms
2026-03-14T13:22:05Z,billing,INFO,credit note 85097 issued
2026-03-14T13:22:06Z,checkout,ERROR,healthz timeout after 2000ms
2026-03-14T13:22:06Z,checkout,INFO,session 84358 started
2026-03-14T13:22:09Z,billing,INFO,dunning run 37399 complete
2026-03-14T13:22:10Z,checkout,INFO,payment intent 18405 created
2026-03-14T13:22:10Z,payments,INFO,webhook 27234 acknowledged
2026-03-14T13:22:12Z,checkout,ERROR,healthz timeout after 2000ms
2026-03-14T13:22:12Z,orders,INFO,order 30575 invoiced
2026-03-14T13:22:18Z,checkout,ERROR,healthz timeout after 2000ms
2026-03-14T13:22:24Z,checkout,ERROR,healthz timeout after 2000ms
2026-03-14T13:22:26Z,auth,INFO,logout for session 2717
2026-03-14T13:22:30Z,checkout,ERROR,healthz timeout after 2000ms
2026-03-14T13:22:36Z,checkout,ERROR,healthz timeout after 2000ms
2026-03-14T13:22:42Z,checkout,ERROR,healthz timeout after 2000ms
2026-03-14T13:22:44Z,postgres,INFO,autovacuum finished on table 19867
2026-03-14T13:22:48Z,checkout,ERROR,healthz timeout after 2000ms
2026-03-14T13:22:50Z,postgres,INFO,autovacuum finished on table 12797
2026-03-14T13:22:54Z,checkout,ERROR,healthz timeout after 2000ms
2026-03-14T13:22:55Z,auth,INFO,login succeeded in 286ms
2026-03-14T13:22:55Z,orders,INFO,order 74417 dispatched in 186ms
2026-03-14T13:22:59Z,checkout,INFO,session 56590 started
2026-03-14T13:23:00Z,checkout,ERROR,healthz timeout after 2000ms
2026-03-14T13:23:06Z,checkout,ERROR,healthz timeout after 2000ms
2026-03-14T13:23:12Z,auth,INFO,token issued for session 71884
2026-03-14T13:23:12Z,checkout,ERROR,healthz timeout after 2000ms
2026-03-14T13:23:13Z,payments,INFO,charge 32915 authorised in 136ms
2026-03-14T13:23:16Z,orders,INFO,order 39444 dispatched in 271ms
2026-03-14T13:23:18Z,checkout,ERROR,healthz timeout after 2000ms
2026-03-14T13:23:19Z,orders,INFO,order 83654 accepted
2026-03-14T13:23:23Z,payments,INFO,webhook 21284 acknowledged
2026-03-14T13:23:24Z,checkout,ERROR,healthz timeout after 2000ms
2026-03-14T13:23:26Z,orders,INFO,order 33126 dispatched in 261ms
2026-03-14T13:23:30Z,auth,INFO,login succeeded in 121ms
2026-03-14T13:23:30Z,checkout,ERROR,healthz timeout after 2000ms
2026-03-14T13:23:31Z,postgres,INFO,"checkpoint complete, 82947 buffers written"
2026-03-14T13:23:36Z,checkout,ERROR,healthz timeout after 2000ms
2026-03-14T13:23:42Z,auth,INFO,logout for session 75648
2026-03-14T13:23:42Z,checkout,ERROR,healthz timeout after 2000ms
2026-03-14T13:23:48Z,checkout,INFO,cart 77466 converted in 125ms
2026-03-14T13:23:48Z,checkout,ERROR,healthz timeout after 2000ms
2026-03-14T13:23:54Z,checkout,ERROR,healthz timeout after 2000ms
2026-03-14T13:23:55Z,payments,INFO,refund 66561 completed
2026-03-14T13:24:00Z,checkout,ERROR,healthz timeout after 2000ms
2026-03-14T13:24:06Z,checkout,ERROR,healthz timeout after 2000ms
2026-03-14T13:24:07Z,search,INFO,query 88712 served in 296ms
2026-03-14T13:24:12Z,checkout,ERROR,healthz timeout after 2000ms
2026-03-14T13:24:13Z,billing,INFO,invoice 80116 rendered in 196ms
2026-03-14T13:24:16Z,payments,INFO,webhook 75129 acknowledged
2026-03-14T13:24:18Z,checkout,ERROR,healthz timeout after 2000ms
2026-03-14T13:24:24Z,checkout,ERROR,healthz timeout after 2000ms
2026-03-14T13:24:30Z,checkout,ERROR,healthz timeout after 2000ms
2026-03-14T13:24:36Z,checkout,ERROR,healthz timeout after 2000ms
2026-03-14T13:24:43Z,billing,INFO,dunning run 42073 complete
2026-03-14T13:24:46Z,payments,INFO,refund 45662 completed
2026-03-14T13:24:47Z,search,INFO,query 11333 served in 186ms
2026-03-14T13:25:02Z,postgres,INFO,autovacuum finished on table 89699
2026-03-14T13:25:03Z,orders,INFO,inventory check 40478 passed
2026-03-14T13:25:09Z,search,INFO,index segment 68073 merged
2026-03-14T13:25:16Z,billing,INFO,invoice 18306 rendered in 232ms
2026-03-14T13:25:39Z,checkout,INFO,payment intent 68088 created
2026-03-14T13:25:42Z,billing,INFO,credit note 25013 issued
2026-03-14T13:25:52Z,auth,INFO,logout for session 31795
2026-03-14T13:25:53Z,postgres,INFO,replication lag 176ms
2026-03-14T13:25:56Z,orders,INFO,order 40773 accepted
2026-03-14T13:26:09Z,postgres,INFO,autovacuum finished on table 35237
2026-03-14T13:26:17Z,orders,INFO,order 27913 dispatched in 108ms
2026-03-14T13:26:26Z,billing,INFO,credit note 80685 issued
2026-03-14T13:26:34Z,orders,INFO,inventory check 83902 passed
2026-03-14T13:26:45Z,checkout,INFO,session 66349 started
2026-03-14T13:26:55Z,postgres,INFO,"checkpoint complete, 66710 buffers written"
2026-03-14T13:27:10Z,auth,INFO,login succeeded in 301ms
2026-03-14T13:27:13Z,billing,INFO,invoice 57246 rendered in 70ms
2026-03-14T13:27:19Z,search,INFO,"suggest cache warm, 17877 entries"
2026-03-14T13:27:26Z,payments,INFO,charge 40965 authorised in 183ms
2026-03-14T13:27:28Z,checkout,INFO,cart 14174 abandoned after 34ms
2026-03-14T13:27:32Z,checkout,INFO,cart 22035 converted in 173ms
2026-03-14T13:27:37Z,checkout,INFO,payment intent 15126 created
2026-03-14T13:27:39Z,billing,INFO,subscription 67484 renewed
2026-03-14T13:27:50Z,payments,INFO,refund 86900 completed
2026-03-14T13:27:56Z,deploy,INFO,canary 2173 healthy
2026-03-14T13:27:57Z,orders,INFO,order 25928 invoiced
2026-03-14T13:27:58Z,checkout,INFO,payment intent 27674 created
2026-03-14T13:28:07Z,payments,INFO,settlement batch 13555 queued
2026-03-14T13:28:09Z,payments,INFO,webhook 75043 acknowledged
2026-03-14T13:28:21Z,payments,INFO,charge 51031 authorised in 286ms
2026-03-14T13:28:24Z,auth,INFO,session 99350 refreshed
2026-03-14T13:28:34Z,search,INFO,query 18417 served in 120ms
2026-03-14T13:28:43Z,auth,INFO,login succeeded in 221ms
2026-03-14T13:28:44Z,orders,INFO,inventory check 74807 passed
2026-03-14T13:28:57Z,billing,INFO,dunning run 80062 complete
2026-03-14T13:28:59Z,billing,INFO,invoice 48593 rendered in 283ms
2026-03-14T13:29:09Z,auth,INFO,login succeeded in 28ms
2026-03-14T13:29:17Z,payments,INFO,charge 64026 authorised in 28ms
2026-03-14T13:29:17Z,search,INFO,index segment 95102 merged
2026-03-14T13:29:45Z,search,INFO,query 9506 served in 14ms
2026-03-14T13:29:47Z,search,INFO,index segment 11039 merged
2026-03-14T13:29:49Z,billing,INFO,dunning run 66168 complete
2026-03-14T13:29:59Z,postgres,INFO,replication lag 204ms
2026-03-14T13:30:00Z,search,INFO,query 1042 served in 255ms
2026-03-14T13:30:11Z,auth,INFO,login succeeded in 237ms
2026-03-14T13:30:13Z,billing,INFO,credit note 67512 issued
2026-03-14T13:30:16Z,auth,INFO,token issued for session 30478
2026-03-14T13:30:30Z,postgres,INFO,connection 48469 authorised
2026-03-14T13:30:31Z,billing,INFO,invoice 35102 rendered in 219ms
2026-03-14T13:30:37Z,auth,INFO,token issued for session 41368
2026-03-14T13:30:41Z,auth,INFO,session 75951 refreshed
2026-03-14T13:30:49Z,billing,INFO,dunning run 32911 complete
2026-03-14T13:31:08Z,postgres,INFO,replication lag 67ms
2026-03-14T13:31:20Z,billing,INFO,dunning run 14548 complete
2026-03-14T13:31:20Z,search,INFO,"suggest cache warm, 41816 entries"
2026-03-14T13:31:37Z,payments,INFO,charge 55049 authorised in 269ms
2026-03-14T13:31:55Z,auth,INFO,login succeeded in 252ms
2026-03-14T13:31:56Z,payments,INFO,settlement batch 59938 queued
2026-03-14T13:32:09Z,auth,INFO,token issued for session 8770
2026-03-14T13:32:09Z,orders,INFO,order 19744 invoiced
2026-03-14T13:32:11Z,payments,INFO,settlement batch 2725 queued
2026-03-14T13:32:22Z,orders,INFO,inventory check 36348 passed
2026-03-14T13:32:34Z,auth,INFO,logout for session 79075
2026-03-14T13:32:38Z,checkout,INFO,payment intent 22313 created
2026-03-14T13:32:38Z,deploy,INFO,pipeline 52064 green
2026-03-14T13:32:42Z,postgres,INFO,autovacuum finished on table 83893
2026-03-14T13:32:45Z,checkout,INFO,session 32497 started
2026-03-14T13:32:50Z,billing,INFO,credit note 68512 issued
2026-03-14T13:32:55Z,billing,INFO,invoice 68419 rendered in 111ms
2026-03-14T13:32:55Z,payments,INFO,settlement batch 89526 queued
2026-03-14T13:32:58Z,orders,INFO,order 10247 accepted
2026-03-14T13:32:59Z,payments,INFO,webhook 11109 acknowledged
2026-03-14T13:33:05Z,orders,INFO,inventory check 40477 passed
2026-03-14T13:33:10Z,search,INFO,query 28572 served in 94ms
2026-03-14T13:33:11Z,search,INFO,index segment 98261 merged
2026-03-14T13:33:15Z,orders,INFO,order 26132 dispatched in 213ms
2026-03-14T13:33:26Z,orders,INFO,order 49092 accepted
2026-03-14T13:33:32Z,checkout,INFO,cart 22750 abandoned after 187ms
2026-03-14T13:33:35Z,orders,INFO,inventory check 89170 passed
2026-03-14T13:33:41Z,search,INFO,query 30355 served in 221ms
2026-03-14T13:33:48Z,payments,INFO,charge 37319 authorised in 24ms
2026-03-14T13:34:05Z,payments,INFO,webhook 16379 acknowledged
2026-03-14T13:34:05Z,postgres,INFO,connection 53716 authorised
2026-03-14T13:34:09Z,checkout,INFO,payment intent 46817 created
2026-03-14T13:34:11Z,postgres,INFO,replication lag 211ms
2026-03-14T13:34:21Z,payments,INFO,charge 52853 authorised in 54ms
2026-03-14T13:34:24Z,orders,INFO,order 60880 invoiced
2026-03-14T13:34:29Z,checkout,INFO,cart 62125 converted in 208ms
2026-03-14T13:34:44Z,auth,INFO,token issued for session 43142
2026-03-14T13:34:51Z,auth,INFO,session 75766 refreshed
2026-03-14T13:34:52Z,deploy,INFO,artefact 83716 published
2026-03-14T13:34:55Z,billing,INFO,dunning run 42502 complete
2026-03-14T13:35:00Z,auth,INFO,login succeeded in 130ms
2026-03-14T13:35:03Z,deploy,INFO,release 4.18.1 rolling out to 12 of 12 pods
2026-03-14T13:35:03Z,postgres,INFO,connection 56923 authorised
2026-03-14T13:35:04Z,postgres,INFO,"checkpoint complete, 34327 buffers written"
2026-03-14T13:35:05Z,postgres,INFO,replication lag 298ms
2026-03-14T13:35:12Z,auth,INFO,logout for session 52322
2026-03-14T13:35:15Z,payments,INFO,refund 35893 completed
2026-03-14T13:35:17Z,checkout,INFO,session 48146 started
2026-03-14T13:35:17Z,orders,INFO,order 84981 dispatched in 191ms
2026-03-14T13:35:18Z,payments,INFO,charge 60978 authorised in 251ms
2026-03-14T13:35:19Z,auth,INFO,token issued for session 49729
2026-03-14T13:35:20Z,orders,ERROR,connection reset by peer
2026-03-14T13:35:20Z,orders,INFO,order 33286 invoiced
2026-03-14T13:35:35Z,orders,ERROR,connection reset by peer
2026-03-14T13:35:39Z,search,INFO,query 54706 served in 94ms
2026-03-14T13:35:40Z,checkout,INFO,session 96624 started
2026-03-14T13:35:50Z,orders,ERROR,connection reset by peer
2026-03-14T13:35:51Z,checkout,INFO,cart 9848 converted in 45ms
2026-03-14T13:35:55Z,auth,INFO,session 75170 refreshed
2026-03-14T13:35:56Z,billing,INFO,credit note 67429 issued
2026-03-14T13:35:59Z,payments,INFO,refund 25762 completed
2026-03-14T13:36:03Z,auth,INFO,login succeeded in 150ms
2026-03-14T13:36:05Z,orders,ERROR,connection reset by peer
2026-03-14T13:36:14Z,auth,INFO,logout for session 84783
2026-03-14T13:36:17Z,auth,INFO,session 38745 refreshed
2026-03-14T13:36:18Z,checkout,INFO,cart 64562 abandoned after 315ms
2026-03-14T13:36:20Z,orders,ERROR,connection reset by peer
2026-03-14T13:36:22Z,checkout,INFO,cart 72308 converted in 51ms
2026-03-14T13:36:24Z,deploy,INFO,canary 2832 healthy
2026-03-14T13:36:25Z,search,INFO,index segment 84622 merged
2026-03-14T13:36:27Z,payments,INFO,settlement batch 62710 queued
2026-03-14T13:36:35Z,orders,ERROR,connection reset by peer
2026-03-14T13:36:50Z,orders,ERROR,connection reset by peer
2026-03-14T13:36:59Z,search,INFO,query 99263 served in 12ms
2026-03-14T13:37:01Z,orders,INFO,inventory check 5714 passed
2026-03-14T13:37:05Z,orders,ERROR,connection reset by peer
2026-03-14T13:37:17Z,postgres,INFO,connection 24124 authorised
2026-03-14T13:37:20Z,orders,ERROR,connection reset by peer
2026-03-14T13:37:20Z,search,INFO,"suggest cache warm, 98664 entries"
2026-03-14T13:37:28Z,orders,INFO,inventory check 89858 passed
2026-03-14T13:37:30Z,orders,INFO,order 53241 accepted
2026-03-14T13:37:35Z,orders,ERROR,connection reset by peer
2026-03-14T13:37:35Z,search,INFO,query 93556 served in 305ms
2026-03-14T13:37:40Z,orders,INFO,order 7744 invoiced
2026-03-14T13:37:48Z,billing,INFO,subscription 71647 renewed
2026-03-14T13:37:50Z,orders,ERROR,connection reset by peer
2026-03-14T13:37:53Z,search,INFO,index segment 91071 merged
2026-03-14T13:38:03Z,payments,INFO,charge 46523 authorised in 206ms
2026-03-14T13:38:03Z,payments,INFO,webhook 66965 acknowledged
2026-03-14T13:38:04Z,billing,INFO,dunning run 67640 complete
2026-03-14T13:38:05Z,orders,ERROR,connection reset by peer
2026-03-14T13:38:18Z,billing,INFO,dunning run 64371 complete
2026-03-14T13:38:20Z,orders,ERROR,connection reset by peer
2026-03-14T13:38:20Z,postgres,INFO,autovacuum finished on table 76011
2026-03-14T13:38:24Z,payments,INFO,refund 63743 completed
2026-03-14T13:38:29Z,deploy,INFO,artefact 91532 published
2026-03-14T13:38:30Z,auth,INFO,logout for session 24385
2026-03-14T13:38:35Z,orders,ERROR,connection reset by peer
2026-03-14T13:38:45Z,orders,INFO,order 75749 dispatched in 27ms
2026-03-14T13:38:50Z,orders,ERROR,connection reset by peer
2026-03-14T13:38:55Z,payments,INFO,charge 90168 authorised in 310ms
2026-03-14T13:38:58Z,orders,INFO,order 14168 dispatched in 302ms
2026-03-14T13:39:05Z,orders,ERROR,connection reset by peer
2026-03-14T13:39:15Z,checkout,INFO,cart 64151 converted in 317ms
2026-03-14T13:39:23Z,auth,INFO,logout for session 83569
2026-03-14T13:39:28Z,orders,INFO,inventory check 45355 passed
2026-03-14T13:39:32Z,billing,INFO,dunning run 38998 complete
2026-03-14T13:39:32Z,postgres,INFO,"checkpoint complete, 36722 buffers written"
2026-03-14T13:39:39Z,billing,INFO,invoice 73207 rendered in 52ms
2026-03-14T13:39:46Z,checkout,INFO,payment intent 42560 created
2026-03-14T13:39:48Z,postgres,INFO,"checkpoint complete, 21053 buffers written"
2026-03-14T13:39:52Z,billing,INFO,credit note 53022 issued
2026-03-14T13:40:01Z,checkout,INFO,payment intent 53650 created
2026-03-14T13:40:06Z,billing,INFO,invoice 32675 rendered in 219ms
2026-03-14T13:40:09Z,payments,INFO,settlement batch 38051 queued
2026-03-14T13:40:20Z,orders,ERROR,connection reset by peer
2026-03-14T13:40:21Z,payments,INFO,charge 59531 authorised in 206ms
2026-03-14T13:40:35Z,orders,ERROR,connection reset by peer
2026-03-14T13:40:46Z,billing,INFO,subscription 75043 renewed
2026-03-14T13:40:50Z,orders,ERROR,connection reset by peer
2026-03-14T13:40:52Z,checkout,INFO,payment intent 47007 created
2026-03-14T13:41:05Z,orders,ERROR,connection reset by peer
2026-03-14T13:41:08Z,orders,INFO,order 27573 invoiced
2026-03-14T13:41:15Z,postgres,INFO,autovacuum finished on table 75036
2026-03-14T13:41:20Z,orders,ERROR,connection reset by peer
2026-03-14T13:41:20Z,search,INFO,query 29214 served in 278ms
2026-03-14T13:41:29Z,payments,INFO,refund 93963 completed
2026-03-14T13:41:35Z,orders,ERROR,connection reset by peer
2026-03-14T13:41:45Z,postgres,INFO,connection 86424 authorised
2026-03-14T13:41:47Z,auth,INFO,token issued for session 76302
2026-03-14T13:41:50Z,orders,ERROR,connection reset by peer
2026-03-14T13:41:51Z,orders,INFO,order 34643 dispatched in 135ms
2026-03-14T13:42:05Z,orders,ERROR,connection reset by peer
2026-03-14T13:42:12Z,postgres,INFO,autovacuum finished on table 55308
2026-03-14T13:42:16Z,billing,INFO,subscription 68309 renewed
2026-03-14T13:42:17Z,payments,INFO,webhook 24119 acknowledged
2026-03-14T13:42:20Z,orders,ERROR,connection reset by peer
2026-03-14T13:42:35Z,auth,INFO,logout for session 68028
2026-03-14T13:42:35Z,billing,INFO,subscription 3420 renewed
2026-03-14T13:42:35Z,orders,ERROR,connection reset by peer
2026-03-14T13:42:42Z,orders,INFO,order 13070 dispatched in 23ms
2026-03-14T13:42:45Z,auth,INFO,logout for session 83846
2026-03-14T13:42:45Z,auth,INFO,session 97714 refreshed
2026-03-14T13:42:46Z,postgres,INFO,autovacuum finished on table 36058
2026-03-14T13:42:50Z,orders,ERROR,connection reset by peer
2026-03-14T13:42:54Z,checkout,INFO,cart 66281 abandoned after 261ms
2026-03-14T13:42:58Z,billing,INFO,subscription 69453 renewed
2026-03-14T13:43:05Z,orders,ERROR,connection reset by peer
2026-03-14T13:43:06Z,payments,INFO,refund 95483 completed
2026-03-14T13:43:13Z,billing,INFO,dunning run 18490 complete
2026-03-14T13:43:14Z,auth,INFO,logout for session 80591
2026-03-14T13:43:14Z,checkout,INFO,session 85236 started
2026-03-14T13:43:17Z,orders,INFO,order 38648 dispatched in 103ms
2026-03-14T13:43:20Z,orders,ERROR,connection reset by peer
2026-03-14T13:43:20Z,search,INFO,"suggest cache warm, 56949 entries"
2026-03-14T13:43:27Z,postgres,INFO,autovacuum finished on table 62609
2026-03-14T13:43:35Z,orders,ERROR,connection reset by peer
2026-03-14T13:43:50Z,orders,ERROR,connection reset by peer
2026-03-14T13:43:51Z,checkout,INFO,payment intent 34469 created
2026-03-14T13:43:51Z,search,INFO,index segment 72870 merged
2026-03-14T13:43:56Z,search,INFO,query 3703 served in 254ms
2026-03-14T13:44:01Z,auth,INFO,login succeeded in 157ms
2026-03-14T13:44:01Z,billing,INFO,credit note 14740 issued
2026-03-14T13:44:05Z,orders,ERROR,connection reset by peer
2026-03-14T13:44:17Z,auth,INFO,session 36821 refreshed
2026-03-14T13:44:22Z,postgres,INFO,autovacuum finished on table 81752
2026-03-14T13:44:30Z,orders,INFO,"healthy, 12 of 12 pods ready"
2026-03-14T13:44:35Z,deploy,INFO,"release complete, no rollback"
2026-03-14T13:44:40Z,checkout,INFO,payment intent 65981 created
2026-03-14T13:44:43Z,auth,INFO,logout for session 29199
2026-03-14T13:44:43Z,checkout,INFO,payment intent 6297 created
2026-03-14T13:44:47Z,payments,INFO,charge 67174 authorised in 31ms
2026-03-14T13:44:51Z,search,INFO,query 22631 served in 110ms
2026-03-14T13:44:56Z,deploy,INFO,artefact 22336 published
2026-03-14T13:44:58Z,orders,INFO,order 48583 dispatched in 138ms
2026-03-14T13:45:05Z,search,INFO,query 89756 served in 178ms
2026-03-14T13:45:09Z,orders,INFO,order 27776 invoiced
2026-03-14T13:45:34Z,orders,INFO,order 54659 invoiced
2026-03-14T13:45:39Z,billing,INFO,credit note 2875 issued
2026-03-14T13:45:48Z,search,INFO,query 32357 served in 309ms
2026-03-14T13:46:03Z,auth,INFO,token issued for session 94819
2026-03-14T13:46:08Z,auth,INFO,logout for session 35387
2026-03-14T13:46:13Z,auth,INFO,session 25298 refreshed
2026-03-14T13:46:16Z,billing,INFO,dunning run 30636 complete
2026-03-14T13:46:18Z,billing,INFO,credit note 46400 issued
2026-03-14T13:46:19Z,checkout,INFO,cart 71615 abandoned after 22ms
2026-03-14T13:46:20Z,postgres,INFO,replication lag 280ms
2026-03-14T13:46:25Z,orders,INFO,order 55574 accepted
2026-03-14T13:46:27Z,postgres,INFO,"checkpoint complete, 91889 buffers written"
2026-03-14T13:46:33Z,checkout,INFO,cart 70661 converted in 201ms
2026-03-14T13:46:42Z,postgres,INFO,autovacuum finished on table 59323
2026-03-14T13:46:51Z,checkout,INFO,cart 60785 abandoned after 9ms
2026-03-14T13:46:56Z,payments,INFO,refund 81934 completed
2026-03-14T13:46:57Z,checkout,INFO,cart 84455 converted in 271ms
2026-03-14T13:46:58Z,orders,INFO,order 64853 accepted
2026-03-14T13:47:04Z,orders,INFO,order 3797 dispatched in 192ms
2026-03-14T13:47:04Z,postgres,INFO,connection 86328 authorised
2026-03-14T13:47:12Z,search,INFO,index segment 62611 merged
2026-03-14T13:47:19Z,postgres,INFO,connection 15770 authorised
2026-03-14T13:47:23Z,billing,INFO,dunning run 93661 complete
2026-03-14T13:47:27Z,payments,INFO,refund 77263 completed
2026-03-14T13:47:37Z,payments,INFO,settlement batch 56844 queued
2026-03-14T13:47:57Z,checkout,INFO,cart 96066 abandoned after 41ms
2026-03-14T13:48:09Z,checkout,INFO,payment intent 12140 created
2026-03-14T13:48:09Z,payments,INFO,refund 50383 completed
2026-03-14T13:48:10Z,auth,INFO,token issued for session 99164
2026-03-14T13:48:12Z,payments,INFO,webhook 93030 acknowledged
2026-03-14T13:48:13Z,billing,INFO,subscription 78794 renewed
2026-03-14T13:48:14Z,search,INFO,index segment 27160 merged
2026-03-14T13:48:22Z,auth,INFO,session 32939 refreshed
2026-03-14T13:48:24Z,payments,INFO,charge 10738 authorised in 206ms
2026-03-14T13:48:32Z,checkout,INFO,cart 32991 converted in 140ms
2026-03-14T13:48:42Z,orders,INFO,inventory check 9075 passed
2026-03-14T13:48:50Z,auth,INFO,logout for session 57497
2026-03-14T13:48:52Z,billing,INFO,subscription 78943 renewed
2026-03-14T13:48:55Z,search,INFO,query 57220 served in 166ms
2026-03-14T13:48:55Z,search,INFO,query 79412 served in 231ms
2026-03-14T13:48:58Z,search,INFO,query 84876 served in 129ms
2026-03-14T13:49:11Z,payments,INFO,charge 77310 authorised in 111ms
2026-03-14T13:49:19Z,checkout,INFO,session 24358 started
2026-03-14T13:49:23Z,deploy,INFO,artefact 14706 published
2026-03-14T13:49:29Z,orders,INFO,inventory check 40385 passed
2026-03-14T13:49:39Z,checkout,INFO,cart 63574 converted in 224ms
2026-03-14T13:49:41Z,search,INFO,index segment 13195 merged
2026-03-14T13:49:42Z,postgres,INFO,autovacuum finished on table 65468
2026-03-14T13:49:54Z,billing,INFO,credit note 56035 issued
2026-03-14T13:49:59Z,billing,INFO,credit note 89926 issued
2026-03-14T13:50:03Z,auth,INFO,login succeeded in 107ms
2026-03-14T13:50:03Z,auth,INFO,session 64864 refreshed
2026-03-14T13:50:04Z,postgres,INFO,connection 60841 authorised
2026-03-14T13:50:09Z,checkout,INFO,session 71514 started
2026-03-14T13:50:10Z,search,INFO,"suggest cache warm, 56755 entries"
2026-03-14T13:50:14Z,payments,INFO,refund 60612 completed
2026-03-14T13:50:16Z,billing,INFO,invoice 7921 rendered in 48ms
2026-03-14T13:50:19Z,postgres,INFO,connection 80739 authorised
2026-03-14T13:50:30Z,billing,INFO,subscription 5218 renewed
2026-03-14T13:50:31Z,orders,INFO,order 97238 invoiced
2026-03-14T13:50:32Z,billing,INFO,invoice 55169 rendered in 272ms
2026-03-14T13:50:37Z,checkout,INFO,session 47385 started
2026-03-14T13:50:51Z,postgres,INFO,replication lag 225ms
2026-03-14T13:50:53Z,payments,INFO,refund 18626 completed
2026-03-14T13:51:04Z,billing,INFO,invoice 94474 rendered in 233ms
2026-03-14T13:51:06Z,orders,INFO,order 23298 accepted
2026-03-14T13:51:13Z,search,INFO,index segment 2691 merged
2026-03-14T13:51:17Z,checkout,INFO,payment intent 84312 created
2026-03-14T13:51:22Z,billing,INFO,subscription 34461 renewed
2026-03-14T13:51:31Z,payments,INFO,settlement batch 24022 queued
2026-03-14T13:51:36Z,postgres,INFO,replication lag 98ms
2026-03-14T13:51:54Z,auth,INFO,token issued for session 35426
2026-03-14T13:52:01Z,search,INFO,"suggest cache warm, 29470 entries"
2026-03-14T13:52:08Z,checkout,INFO,session 46875 started
2026-03-14T13:52:13Z,orders,INFO,order 2947 dispatched in 289ms
2026-03-14T13:52:20Z,auth,INFO,logout for session 95494
2026-03-14T13:52:21Z,checkout,INFO,payment intent 82659 created
2026-03-14T13:52:44Z,orders,INFO,order 13126 accepted
2026-03-14T13:52:49Z,checkout,INFO,cart 16167 converted in 22ms
2026-03-14T13:52:54Z,payments,INFO,webhook 28892 acknowledged
2026-03-14T13:52:56Z,search,INFO,index segment 7434 merged
2026-03-14T13:53:00Z,search,INFO,"suggest cache warm, 67286 entries"
2026-03-14T13:53:11Z,payments,INFO,charge 75705 authorised in 140ms
2026-03-14T13:53:24Z,search,INFO,"suggest cache warm, 38979 entries"
2026-03-14T13:53:29Z,orders,INFO,order 50852 dispatched in 58ms
2026-03-14T13:53:31Z,search,INFO,query 6839 served in 53ms
2026-03-14T13:53:33Z,checkout,INFO,session 50054 started
2026-03-14T13:53:33Z,orders,INFO,order 73127 invoiced
2026-03-14T13:53:42Z,postgres,INFO,"checkpoint complete, 83010 buffers written"
2026-03-14T13:53:46Z,orders,INFO,order 78667 dispatched in 234ms
2026-03-14T13:53:53Z,billing,INFO,invoice 18795 rendered in 18ms
2026-03-14T13:53:56Z,auth,INFO,logout for session 85034
2026-03-14T13:54:20Z,search,INFO,index segment 13330 merged
2026-03-14T13:54:34Z,deploy,INFO,canary 94874 healthy
2026-03-14T13:54:46Z,billing,INFO,credit note 41654 issued
2026-03-14T13:54:46Z,payments,INFO,refund 10715 completed
2026-03-14T13:54:52Z,orders,INFO,inventory check 22829 passed
2026-03-14T13:54:53Z,auth,INFO,session 4502 refreshed
2026-03-14T13:54:56Z,billing,INFO,invoice 96284 rendered in 305ms
2026-03-14T13:54:56Z,orders,INFO,inventory check 16331 passed
2026-03-14T13:54:58Z,checkout,INFO,session 27897 started
2026-03-14T13:55:03Z,auth,INFO,login succeeded in 170ms
2026-03-14T13:55:09Z,payments,INFO,webhook 77247 acknowledged
2026-03-14T13:55:16Z,search,INFO,"suggest cache warm, 81907 entries"
2026-03-14T13:55:20Z,auth,INFO,logout for session 87273
2026-03-14T13:55:20Z,postgres,INFO,autovacuum finished on table 95357
2026-03-14T13:55:32Z,billing,INFO,subscription 38447 renewed
2026-03-14T13:55:32Z,checkout,INFO,cart 68937 converted in 76ms
2026-03-14T13:55:47Z,payments,INFO,webhook 85335 acknowledged
2026-03-14T13:56:00Z,checkout,INFO,payment intent 29484 created
2026-03-14T13:56:06Z,checkout,INFO,payment intent 71095 created
2026-03-14T13:56:11Z,billing,INFO,invoice 54714 rendered in 127ms
2026-03-14T13:56:11Z,payments,INFO,settlement batch 5457 queued
2026-03-14T13:56:12Z,auth,INFO,login succeeded in 303ms
2026-03-14T13:56:20Z,search,INFO,"suggest cache warm, 75359 entries"
2026-03-14T13:56:35Z,auth,INFO,login succeeded in 197ms
2026-03-14T13:56:37Z,auth,INFO,login succeeded in 224ms
2026-03-14T13:57:04Z,postgres,INFO,autovacuum finished on table 29497
2026-03-14T13:57:13Z,orders,INFO,order 18490 invoiced
2026-03-14T13:57:14Z,search,INFO,index segment 85218 merged
2026-03-14T13:57:18Z,orders,INFO,order 87574 accepted
2026-03-14T13:57:23Z,checkout,INFO,cart 78836 abandoned after 231ms
2026-03-14T13:57:27Z,payments,INFO,webhook 11012 acknowledged
2026-03-14T13:57:30Z,search,INFO,query 12659 served in 255ms
2026-03-14T13:57:38Z,payments,INFO,refund 39046 completed
2026-03-14T13:57:40Z,postgres,INFO,"checkpoint complete, 79803 buffers written"
2026-03-14T13:57:40Z,postgres,INFO,connection 58872 authorised
2026-03-14T13:57:50Z,billing,INFO,credit note 89620 issued
2026-03-14T13:57:57Z,postgres,INFO,autovacuum finished on table 1313
2026-03-14T13:58:01Z,billing,INFO,credit note 96030 issued
2026-03-14T13:58:14Z,deploy,INFO,artefact 12323 published
2026-03-14T13:58:14Z,search,INFO,query 43591 served in 149ms
2026-03-14T13:58:15Z,orders,INFO,order 36623 accepted
2026-03-14T13:58:30Z,search,INFO,query 6122 served in 214ms
2026-03-14T13:58:43Z,payments,INFO,charge 11248 authorised in 63ms
2026-03-14T13:58:52Z,search,INFO,query 56863 served in 62ms
2026-03-14T13:58:53Z,orders,INFO,order 53256 dispatched in 81ms
2026-03-14T13:58:53Z,payments,INFO,refund 65831 completed
2026-03-14T13:58:57Z,search,INFO,query 82639 served in 110ms
2026-03-14T13:59:04Z,billing,INFO,subscription 5066 renewed
2026-03-14T13:59:10Z,orders,INFO,inventory check 3634 passed
2026-03-14T13:59:13Z,payments,INFO,refund 71021 completed
2026-03-14T13:59:16Z,checkout,INFO,session 63495 started
2026-03-14T13:59:37Z,orders,INFO,order 94032 accepted
2026-03-14T14:00:00Z,checkout,ERROR,healthz timeout after 2000ms
2026-03-14T14:00:05Z,search,INFO,query 64364 served in 307ms
2026-03-14T14:00:06Z,checkout,ERROR,healthz timeout after 2000ms
2026-03-14T14:00:12Z,checkout,ERROR,healthz timeout after 2000ms
2026-03-14T14:00:13Z,postgres,INFO,replication lag 68ms
2026-03-14T14:00:15Z,search,INFO,"suggest cache warm, 44733 entries"
2026-03-14T14:00:17Z,auth,INFO,session 9319 refreshed
2026-03-14T14:00:18Z,checkout,ERROR,healthz timeout after 2000ms
2026-03-14T14:00:19Z,billing,INFO,subscription 47223 renewed
2026-03-14T14:00:21Z,billing,INFO,credit note 42904 issued
2026-03-14T14:00:23Z,orders,INFO,order 33911 invoiced
2026-03-14T14:00:24Z,checkout,ERROR,healthz timeout after 2000ms
2026-03-14T14:00:29Z,checkout,INFO,session 52759 started
2026-03-14T14:00:30Z,checkout,ERROR,healthz timeout after 2000ms
2026-03-14T14:00:34Z,search,INFO,index segment 20954 merged
2026-03-14T14:00:36Z,auth,INFO,session 77355 refreshed
2026-03-14T14:00:36Z,checkout,ERROR,healthz timeout after 2000ms
2026-03-14T14:00:42Z,checkout,ERROR,healthz timeout after 2000ms
2026-03-14T14:00:48Z,checkout,ERROR,healthz timeout after 2000ms
2026-03-14T14:00:48Z,orders,INFO,order 27241 accepted
2026-03-14T14:00:48Z,search,INFO,query 6940 served in 207ms
2026-03-14T14:00:54Z,checkout,ERROR,healthz timeout after 2000ms
2026-03-14T14:00:59Z,orders,INFO,inventory check 65678 passed
2026-03-14T14:01:00Z,checkout,ERROR,healthz timeout after 2000ms
2026-03-14T14:01:04Z,billing,INFO,credit note 21834 issued
2026-03-14T14:01:06Z,checkout,ERROR,healthz timeout after 2000ms
2026-03-14T14:01:12Z,checkout,ERROR,healthz timeout after 2000ms
2026-03-14T14:01:16Z,checkout,INFO,cart 7807 converted in 69ms
2026-03-14T14:01:18Z,checkout,ERROR,healthz timeout after 2000ms
2026-03-14T14:01:18Z,orders,INFO,order 58961 invoiced
2026-03-14T14:01:21Z,checkout,INFO,payment intent 11108 created
2026-03-14T14:01:24Z,checkout,ERROR,healthz timeout after 2000ms
2026-03-14T14:01:30Z,checkout,ERROR,healthz timeout after 2000ms
2026-03-14T14:01:31Z,checkout,INFO,cart 92660 converted in 54ms
2026-03-14T14:01:36Z,checkout,ERROR,healthz timeout after 2000ms
2026-03-14T14:01:39Z,billing,INFO,dunning run 3576 complete
2026-03-14T14:01:42Z,checkout,ERROR,healthz timeout after 2000ms
2026-03-14T14:01:42Z,checkout,INFO,session 45284 started
2026-03-14T14:01:43Z,postgres,INFO,"checkpoint complete, 14634 buffers written"
2026-03-14T14:01:48Z,checkout,ERROR,healthz timeout after 2000ms
2026-03-14T14:01:54Z,checkout,ERROR,healthz timeout after 2000ms
2026-03-14T14:01:55Z,postgres,INFO,connection 85271 authorised
2026-03-14T14:01:59Z,checkout,INFO,session 82637 started
2026-03-14T14:02:00Z,checkout,ERROR,healthz timeout after 2000ms
2026-03-14T14:02:01Z,auth,INFO,token issued for session 19887
2026-03-14T14:02:06Z,checkout,ERROR,healthz timeout after 2000ms
2026-03-14T14:02:06Z,postgres,INFO,autovacuum finished on table 50372
2026-03-14T14:02:09Z,auth,INFO,logout for session 6413
2026-03-14T14:02:12Z,checkout,ERROR,healthz timeout after 2000ms
2026-03-14T14:02:12Z,checkout,INFO,session 66695 started
2026-03-14T14:02:17Z,billing,INFO,dunning run 70971 complete
2026-03-14T14:02:17Z,billing,INFO,subscription 39762 renewed
2026-03-14T14:02:18Z,checkout,ERROR,healthz timeout after 2000ms
2026-03-14T14:02:22Z,payments,INFO,settlement batch 10540 queued
2026-03-14T14:02:23Z,payments,INFO,webhook 24189 acknowledged
2026-03-14T14:02:24Z,checkout,ERROR,healthz timeout after 2000ms
2026-03-14T14:02:29Z,search,INFO,query 86481 served in 215ms
2026-03-14T14:02:30Z,checkout,ERROR,healthz timeout after 2000ms
2026-03-14T14:02:35Z,auth,INFO,logout for session 44208
2026-03-14T14:02:35Z,postgres,INFO,"checkpoint complete, 76035 buffers written"
2026-03-14T14:02:36Z,checkout,ERROR,healthz timeout after 2000ms
2026-03-14T14:02:42Z,checkout,ERROR,healthz timeout after 2000ms
2026-03-14T14:02:48Z,checkout,ERROR,healthz timeout after 2000ms
2026-03-14T14:02:54Z,checkout,ERROR,healthz timeout after 2000ms
2026-03-14T14:02:54Z,payments,INFO,settlement batch 85673 queued
2026-03-14T14:02:59Z,auth,INFO,token issued for session 85192
2026-03-14T14:03:00Z,checkout,ERROR,healthz timeout after 2000ms
2026-03-14T14:03:06Z,checkout,ERROR,healthz timeout after 2000ms
2026-03-14T14:03:12Z,checkout,ERROR,healthz timeout after 2000ms
2026-03-14T14:03:14Z,billing,INFO,subscription 33019 renewed
2026-03-14T14:03:17Z,checkout,INFO,cart 32329 converted in 53ms
2026-03-14T14:03:18Z,checkout,ERROR,healthz timeout after 2000ms
2026-03-14T14:03:24Z,checkout,ERROR,healthz timeout after 2000ms
2026-03-14T14:03:24Z,postgres,INFO,autovacuum finished on table 23062
2026-03-14T14:03:30Z,checkout,ERROR,healthz timeout after 2000ms
2026-03-14T14:03:36Z,checkout,ERROR,healthz timeout after 2000ms
2026-03-14T14:03:42Z,checkout,ERROR,healthz timeout after 2000ms
2026-03-14T14:03:42Z,payments,INFO,settlement batch 31644 queued
2026-03-14T14:03:48Z,checkout,ERROR,healthz timeout after 2000ms
2026-03-14T14:03:54Z,checkout,ERROR,healthz timeout after 2000ms
2026-03-14T14:04:00Z,checkout,ERROR,healthz timeout after 2000ms
2026-03-14T14:04:06Z,checkout,ERROR,healthz timeout after 2000ms
2026-03-14T14:04:12Z,checkout,ERROR,healthz timeout after 2000ms
2026-03-14T14:04:13Z,auth,INFO,session 22600 refreshed
2026-03-14T14:04:18Z,checkout,ERROR,healthz timeout after 2000ms
2026-03-14T14:04:20Z,search,INFO,"suggest cache warm, 90661 entries"
2026-03-14T14:04:24Z,auth,INFO,logout for session 87905
2026-03-14T14:04:24Z,checkout,ERROR,healthz timeout after 2000ms
2026-03-14T14:04:25Z,search,INFO,query 81471 served in 26ms
2026-03-14T14:04:27Z,payments,INFO,settlement batch 79151 queued
2026-03-14T14:04:30Z,checkout,ERROR,healthz timeout after 2000ms
2026-03-14T14:04:36Z,checkout,ERROR,healthz timeout after 2000ms
2026-03-14T14:04:38Z,deploy,INFO,artefact 76148 published
2026-03-14T14:04:40Z,search,INFO,query 15897 served in 93ms
2026-03-14T14:04:44Z,billing,INFO,dunning run 30002 complete
2026-03-14T14:04:48Z,auth,INFO,login succeeded in 107ms
2026-03-14T14:04:48Z,orders,INFO,inventory check 90411 passed
2026-03-14T14:04:52Z,payments,INFO,webhook 58720 acknowledged
2026-03-14T14:04:54Z,postgres,INFO,"checkpoint complete, 40278 buffers written"
2026-03-14T14:05:02Z,billing,INFO,credit note 17626 issued
2026-03-14T14:05:10Z,auth,INFO,logout for session 7669
2026-03-14T14:05:11Z,orders,INFO,inventory check 85685 passed
2026-03-14T14:05:24Z,search,INFO,"suggest cache warm, 64721 entries"
2026-03-14T14:05:25Z,payments,INFO,webhook 48551 acknowledged
2026-03-14T14:05:31Z,billing,INFO,dunning run 12692 complete
2026-03-14T14:05:39Z,billing,INFO,dunning run 37794 complete
2026-03-14T14:05:59Z,auth,INFO,token issued for session 18128
2026-03-14T14:05:59Z,checkout,INFO,cart 78434 abandoned after 54ms
2026-03-14T14:06:22Z,postgres,INFO,connection 86085 authorised
2026-03-14T14:06:23Z,auth,INFO,login succeeded in 106ms
2026-03-14T14:06:27Z,search,INFO,query 63821 served in 266ms
2026-03-14T14:06:28Z,billing,INFO,invoice 25058 rendered in 75ms
2026-03-14T14:06:31Z,auth,INFO,token issued for session 51590
2026-03-14T14:06:37Z,payments,INFO,settlement batch 72863 queued
2026-03-14T14:06:39Z,checkout,WARN,"slow downstream call to search, 999ms"
2026-03-14T14:06:45Z,postgres,INFO,connection 21338 authorised
2026-03-14T14:06:50Z,billing,INFO,subscription 51289 renewed
2026-03-14T14:06:52Z,checkout,INFO,session 72006 started
2026-03-14T14:07:08Z,deploy,INFO,pipeline 27798 green
2026-03-14T14:07:08Z,payments,INFO,refund 54883 completed
2026-03-14T14:07:16Z,billing,INFO,subscription 76684 renewed
2026-03-14T14:07:24Z,checkout,INFO,cart 79976 converted in 265ms
2026-03-14T14:07:25Z,search,INFO,query 47996 served in 281ms
2026-03-14T14:07:26Z,postgres,INFO,replication lag 88ms
2026-03-14T14:07:31Z,billing,INFO,dunning run 48752 complete
2026-03-14T14:07:31Z,payments,INFO,refund 93176 completed
2026-03-14T14:07:33Z,orders,INFO,order 66549 dispatched in 113ms
2026-03-14T14:07:35Z,auth,INFO,login succeeded in 256ms
2026-03-14T14:07:36Z,auth,INFO,logout for session 13609
2026-03-14T14:07:38Z,postgres,INFO,replication lag 218ms
2026-03-14T14:07:39Z,checkout,INFO,payment intent 65126 created
2026-03-14T14:07:46Z,payments,INFO,charge 9450 authorised in 109ms
2026-03-14T14:07:46Z,search,INFO,query 92079 served in 166ms
2026-03-14T14:07:49Z,search,INFO,index segment 88361 merged
2026-03-14T14:08:01Z,postgres,INFO,connection 18582 authorised
2026-03-14T14:08:10Z,auth,INFO,token issued for session 93763
2026-03-14T14:08:13Z,billing,INFO,credit note 10279 issued
2026-03-14T14:08:17Z,orders,INFO,order 64034 accepted
2026-03-14T14:08:18Z,payments,INFO,webhook 40175 acknowledged
2026-03-14T14:08:21Z,search,INFO,query 17640 served in 4ms
2026-03-14T14:08:33Z,checkout,INFO,cart 20090 converted in 44ms
2026-03-14T14:08:36Z,auth,INFO,login succeeded in 138ms
2026-03-14T14:08:55Z,search,INFO,query 77089 served in 230ms
2026-03-14T14:08:57Z,payments,INFO,refund 38347 completed
2026-03-14T14:08:58Z,checkout,INFO,cart 15409 abandoned after 102ms
2026-03-14T14:09:04Z,orders,INFO,order 34606 accepted
2026-03-14T14:09:17Z,postgres,INFO,autovacuum finished on table 91988
2026-03-14T14:09:28Z,search,INFO,index segment 71331 merged
2026-03-14T14:09:42Z,checkout,INFO,payment intent 14212 created
2026-03-14T14:09:44Z,payments,INFO,settlement batch 73793 queued
2026-03-14T14:09:54Z,postgres,INFO,"checkpoint complete, 92859 buffers written"
2026-03-14T14:09:55Z,orders,INFO,order 16624 invoiced
2026-03-14T14:09:58Z,deploy,INFO,canary 26607 healthy
2026-03-14T14:10:16Z,payments,INFO,webhook 26731 acknowledged
2026-03-14T14:10:18Z,postgres,INFO,replication lag 227ms
2026-03-14T14:10:22Z,payments,INFO,refund 76986 completed
2026-03-14T14:10:29Z,postgres,INFO,replication lag 100ms
2026-03-14T14:10:37Z,billing,INFO,subscription 96794 renewed
2026-03-14T14:10:44Z,orders,INFO,order 33485 accepted
2026-03-14T14:10:44Z,search,INFO,index segment 36440 merged
2026-03-14T14:10:46Z,auth,INFO,token issued for session 58301
2026-03-14T14:10:51Z,search,INFO,query 68933 served in 46ms
2026-03-14T14:10:52Z,checkout,INFO,cart 90641 converted in 167ms
2026-03-14T14:11:23Z,orders,INFO,order 42019 dispatched in 59ms
2026-03-14T14:11:29Z,orders,INFO,order 5597 dispatched in 175ms
2026-03-14T14:11:37Z,search,INFO,query 44655 served in 207ms
2026-03-14T14:11:39Z,search,INFO,query 7910 served in 172ms
2026-03-14T14:11:40Z,payments,INFO,webhook 20741 acknowledged
2026-03-14T14:11:49Z,postgres,INFO,"checkpoint complete, 97896 buffers written"
2026-03-14T14:11:52Z,checkout,INFO,cart 24695 converted in 154ms
2026-03-14T14:11:56Z,payments,INFO,refund 51984 completed
2026-03-14T14:12:00Z,checkout,INFO,session 15417 started
2026-03-14T14:12:02Z,search,INFO,query 97846 served in 90ms
2026-03-14T14:12:06Z,search,INFO,query 46829 served in 129ms
2026-03-14T14:12:15Z,billing,INFO,invoice 38768 rendered in 261ms
2026-03-14T14:12:19Z,postgres,INFO,autovacuum finished on table 15951
2026-03-14T14:12:20Z,auth,INFO,login succeeded in 91ms
2026-03-14T14:12:35Z,auth,INFO,token issued for session 98813
2026-03-14T14:12:49Z,deploy,INFO,artefact 80457 published
2026-03-14T14:12:55Z,checkout,INFO,session 89327 started
2026-03-14T14:12:57Z,payments,INFO,webhook 13951 acknowledged
2026-03-14T14:12:58Z,postgres,INFO,autovacuum finished on table 94653
2026-03-14T14:13:01Z,billing,INFO,subscription 25303 renewed
2026-03-14T14:13:06Z,postgres,INFO,"checkpoint complete, 14742 buffers written"
2026-03-14T14:13:12Z,postgres,INFO,autovacuum finished on table 13313
2026-03-14T14:13:23Z,checkout,INFO,payment intent 40407 created
2026-03-14T14:13:27Z,billing,INFO,invoice 34302 rendered in 132ms
2026-03-14T14:13:47Z,checkout,INFO,session 79706 started
2026-03-14T14:13:56Z,billing,INFO,invoice 16466 rendered in 143ms
2026-03-14T14:13:58Z,deploy,INFO,canary 68091 healthy
2026-03-14T14:14:01Z,payments,INFO,charge 18267 authorised in 60ms
2026-03-14T14:14:22Z,search,INFO,"suggest cache warm, 50550 entries"
2026-03-14T14:14:38Z,billing,INFO,credit note 70827 issued
2026-03-14T14:14:41Z,search,INFO,query 76504 served in 144ms
2026-03-14T14:14:42Z,auth,INFO,token issued for session 16605
2026-03-14T14:14:44Z,orders,INFO,order 29847 accepted
2026-03-14T14:14:46Z,orders,INFO,order 75074 dispatched in 212ms
2026-03-14T14:14:48Z,checkout,INFO,session 51705 started
2026-03-14T14:14:51Z,auth,INFO,login succeeded in 167ms
2026-03-14T14:14:55Z,auth,INFO,login succeeded in 285ms
2026-03-14T14:15:00Z,checkout,INFO,cart 36468 converted in 106ms
2026-03-14T14:15:00Z,checkout,ERROR,healthz timeout after 2000ms
2026-03-14T14:15:06Z,checkout,ERROR,healthz timeout after 2000ms
2026-03-14T14:15:12Z,checkout,ERROR,healthz timeout after 2000ms
2026-03-14T14:15:12Z,payments,INFO,settlement batch 58486 queued
2026-03-14T14:15:18Z,checkout,ERROR,healthz timeout after 2000ms
2026-03-14T14:15:21Z,checkout,INFO,session 75437 started
2026-03-14T14:15:24Z,checkout,ERROR,healthz timeout after 2000ms
2026-03-14T14:15:26Z,billing,INFO,credit note 82207 issued
2026-03-14T14:15:30Z,checkout,ERROR,healthz timeout after 2000ms
2026-03-14T14:15:31Z,payments,INFO,refund 42052 completed
2026-03-14T14:15:35Z,auth,INFO,token issued for session 42926
2026-03-14T14:15:36Z,checkout,ERROR,healthz timeout after 2000ms
2026-03-14T14:15:42Z,checkout,ERROR,healthz timeout after 2000ms
2026-03-14T14:15:48Z,checkout,ERROR,healthz timeout after 2000ms
2026-03-14T14:15:50Z,postgres,INFO,replication lag 157ms
2026-03-14T14:15:51Z,auth,INFO,login succeeded in 316ms
2026-03-14T14:15:54Z,checkout,ERROR,healthz timeout after 2000ms
2026-03-14T14:15:58Z,orders,INFO,inventory check 22308 passed
2026-03-14T14:16:00Z,checkout,ERROR,healthz timeout after 2000ms
2026-03-14T14:16:00Z,orders,INFO,inventory check 24057 passed
2026-03-14T14:16:03Z,payments,INFO,webhook 72059 acknowledged
2026-03-14T14:16:06Z,checkout,ERROR,healthz timeout after 2000ms
2026-03-14T14:16:09Z,orders,INFO,order 63622 dispatched in 306ms
2026-03-14T14:16:12Z,checkout,ERROR,healthz timeout after 2000ms
2026-03-14T14:16:12Z,search,INFO,query 99301 served in 316ms
2026-03-14T14:16:18Z,checkout,ERROR,healthz timeout after 2000ms
2026-03-14T14:16:24Z,checkout,ERROR,healthz timeout after 2000ms
2026-03-14T14:16:26Z,orders,INFO,order 5386 invoiced
2026-03-14T14:16:30Z,checkout,ERROR,healthz timeout after 2000ms
2026-03-14T14:16:36Z,checkout,ERROR,healthz timeout after 2000ms
2026-03-14T14:16:41Z,billing,INFO,credit note 59801 issued
2026-03-14T14:16:42Z,checkout,ERROR,healthz timeout after 2000ms
2026-03-14T14:16:43Z,payments,INFO,charge 22016 authorised in 225ms
2026-03-14T14:16:47Z,postgres,INFO,replication lag 84ms
2026-03-14T14:16:48Z,checkout,ERROR,healthz timeout after 2000ms
2026-03-14T14:16:50Z,billing,INFO,credit note 94689 issued
2026-03-14T14:16:51Z,checkout,INFO,session 15525 started
2026-03-14T14:16:54Z,checkout,ERROR,healthz timeout after 2000ms
2026-03-14T14:16:56Z,auth,INFO,logout for session 68461
2026-03-14T14:17:00Z,checkout,ERROR,healthz timeout after 2000ms
2026-03-14T14:17:01Z,checkout,INFO,cart 70609 abandoned after 171ms
2026-03-14T14:17:02Z,checkout,INFO,cart 31667 converted in 257ms
2026-03-14T14:17:06Z,checkout,ERROR,healthz timeout after 2000ms
2026-03-14T14:17:07Z,search,INFO,index segment 52359 merged
2026-03-14T14:17:12Z,checkout,ERROR,healthz timeout after 2000ms
2026-03-14T14:17:18Z,checkout,ERROR,healthz timeout after 2000ms
2026-03-14T14:17:24Z,checkout,ERROR,healthz timeout after 2000ms
2026-03-14T14:17:30Z,checkout,ERROR,healthz timeout after 2000ms
2026-03-14T14:17:36Z,checkout,ERROR,healthz timeout after 2000ms
2026-03-14T14:17:37Z,payments,INFO,webhook 33584 acknowledged
2026-03-14T14:17:42Z,checkout,ERROR,healthz timeout after 2000ms
2026-03-14T14:17:48Z,checkout,ERROR,healthz timeout after 2000ms
2026-03-14T14:17:54Z,checkout,ERROR,healthz timeout after 2000ms
2026-03-14T14:17:57Z,auth,INFO,token issued for session 48953
2026-03-14T14:17:57Z,search,INFO,"suggest cache warm, 67270 entries"
2026-03-14T14:18:00Z,checkout,ERROR,healthz timeout after 2000ms
2026-03-14T14:18:06Z,checkout,ERROR,healthz timeout after 2000ms
2026-03-14T14:18:12Z,checkout,ERROR,healthz timeout after 2000ms
2026-03-14T14:18:14Z,auth,INFO,token issued for session 90653
2026-03-14T14:18:15Z,billing,INFO,subscription 32181 renewed
2026-03-14T14:18:18Z,checkout,ERROR,healthz timeout after 2000ms
2026-03-14T14:18:23Z,deploy,INFO,pipeline 80635 green
2026-03-14T14:18:24Z,checkout,ERROR,healthz timeout after 2000ms
2026-03-14T14:18:30Z,checkout,ERROR,healthz timeout after 2000ms
2026-03-14T14:18:33Z,postgres,INFO,autovacuum finished on table 50482
2026-03-14T14:18:36Z,checkout,ERROR,healthz timeout after 2000ms
2026-03-14T14:18:42Z,checkout,ERROR,healthz timeout after 2000ms
2026-03-14T14:18:48Z,checkout,ERROR,healthz timeout after 2000ms
2026-03-14T14:18:51Z,billing,INFO,subscription 67191 renewed
2026-03-14T14:18:52Z,auth,INFO,logout for session 16104
2026-03-14T14:18:54Z,checkout,ERROR,healthz timeout after 2000ms
2026-03-14T14:18:54Z,orders,INFO,inventory check 71241 passed
2026-03-14T14:19:00Z,checkout,ERROR,healthz timeout after 2000ms
2026-03-14T14:19:02Z,postgres,INFO,"checkpoint complete, 73703 buffers written"
2026-03-14T14:19:05Z,search,INFO,query 61940 served in 12ms
2026-03-14T14:19:06Z,auth,INFO,login succeeded in 196ms
2026-03-14T14:19:06Z,checkout,ERROR,healthz timeout after 2000ms
2026-03-14T14:19:12Z,checkout,ERROR,healthz timeout after 2000ms
2026-03-14T14:19:15Z,billing,INFO,dunning run 20734 complete
2026-03-14T14:19:17Z,deploy,INFO,artefact 20126 published
2026-03-14T14:19:18Z,checkout,ERROR,healthz timeout after 2000ms
2026-03-14T14:19:23Z,search,INFO,index segment 25386 merged
2026-03-14T14:19:24Z,checkout,ERROR,healthz timeout after 2000ms
2026-03-14T14:19:30Z,checkout,ERROR,healthz timeout after 2000ms
2026-03-14T14:19:31Z,billing,INFO,invoice 62113 rendered in 53ms
2026-03-14T14:19:31Z,billing,INFO,subscription 27599 renewed
2026-03-14T14:19:36Z,checkout,ERROR,healthz timeout after 2000ms
2026-03-14T14:19:50Z,postgres,INFO,"checkpoint complete, 11300 buffers written"
2026-03-14T14:19:52Z,checkout,INFO,cart 67582 abandoned after 233ms
2026-03-14T14:19:52Z,postgres,INFO,connection 31045 authorised
2026-03-14T14:19:53Z,auth,INFO,login succeeded in 262ms
2026-03-14T14:19:54Z,search,INFO,query 59124 served in 25ms
2026-03-14T14:20:10Z,postgres,INFO,connection 97975 authorised
2026-03-14T14:20:14Z,billing,INFO,credit note 59076 issued
2026-03-14T14:20:28Z,orders,INFO,order 85370 accepted
2026-03-14T14:20:44Z,checkout,INFO,cart 36792 abandoned after 55ms
2026-03-14T14:20:49Z,postgres,INFO,"checkpoint complete, 71752 buffers written"
2026-03-14T14:21:01Z,postgres,INFO,autovacuum finished on table 52003
2026-03-14T14:21:06Z,auth,INFO,logout for session 69200
2026-03-14T14:21:08Z,auth,INFO,login succeeded in 156ms
2026-03-14T14:21:11Z,payments,INFO,webhook 70120 acknowledged
2026-03-14T14:21:28Z,billing,INFO,dunning run 98238 complete
2026-03-14T14:21:31Z,auth,INFO,login succeeded in 263ms
2026-03-14T14:21:41Z,orders,INFO,order 19083 dispatched in 115ms
2026-03-14T14:21:52Z,orders,INFO,order 17801 accepted
2026-03-14T14:22:03Z,auth,INFO,login succeeded in 223ms
2026-03-14T14:22:12Z,orders,INFO,inventory check 20978 passed
2026-03-14T14:22:14Z,payments,INFO,charge 51917 authorised in 38ms
2026-03-14T14:22:19Z,search,INFO,index segment 66405 merged
2026-03-14T14:22:20Z,auth,INFO,session 61026 refreshed
2026-03-14T14:22:23Z,search,INFO,query 24488 served in 283ms
2026-03-14T14:22:24Z,payments,INFO,settlement batch 63407 queued
2026-03-14T14:22:30Z,checkout,INFO,cart 75188 abandoned after 200ms
2026-03-14T14:22:33Z,billing,INFO,subscription 22278 renewed
2026-03-14T14:22:46Z,deploy,INFO,pipeline 31393 green
2026-03-14T14:22:51Z,orders,INFO,inventory check 33446 passed
2026-03-14T14:22:55Z,checkout,INFO,session 15641 started
2026-03-14T14:23:01Z,orders,INFO,order 59474 invoiced
2026-03-14T14:23:18Z,checkout,INFO,cart 84121 converted in 253ms
2026-03-14T14:23:27Z,postgres,INFO,"checkpoint complete, 19447 buffers written"
2026-03-14T14:23:28Z,billing,INFO,invoice 23392 rendered in 94ms
2026-03-14T14:23:28Z,search,INFO,"suggest cache warm, 18959 entries"
2026-03-14T14:23:29Z,auth,INFO,token issued for session 46491
2026-03-14T14:23:35Z,checkout,INFO,payment intent 38662 created
2026-03-14T14:23:50Z,search,INFO,query 57889 served in 104ms
2026-03-14T14:24:05Z,auth,INFO,login succeeded in 5ms
2026-03-14T14:24:14Z,search,INFO,index segment 82060 merged
2026-03-14T14:24:15Z,orders,INFO,order 83827 accepted
2026-03-14T14:24:17Z,postgres,INFO,connection 36855 authorised
2026-03-14T14:24:20Z,search,INFO,"suggest cache warm, 8519 entries"
2026-03-14T14:24:22Z,search,INFO,"suggest cache warm, 97586 entries"
2026-03-14T14:24:25Z,billing,INFO,invoice 27062 rendered in 220ms
2026-03-14T14:24:27Z,payments,INFO,settlement batch 87282 queued
2026-03-14T14:24:29Z,billing,INFO,credit note 63891 issued
2026-03-14T14:24:36Z,postgres,INFO,autovacuum finished on table 44185
2026-03-14T14:24:40Z,billing,INFO,subscription 87664 renewed
2026-03-14T14:24:48Z,billing,INFO,dunning run 3556 complete
2026-03-14T14:24:50Z,payments,INFO,charge 45208 authorised in 296ms
2026-03-14T14:25:01Z,payments,INFO,webhook 24788 acknowledged
2026-03-14T14:25:03Z,deploy,INFO,release 4.18.2 rolling out to 12 of 12 pods
2026-03-14T14:25:08Z,orders,INFO,order 42923 invoiced
2026-03-14T14:25:09Z,checkout,INFO,payment intent 23544 created
2026-03-14T14:25:20Z,orders,ERROR,connection reset by peer
2026-03-14T14:25:22Z,orders,INFO,order 81015 accepted
2026-03-14T14:25:23Z,auth,INFO,logout for session 12274
2026-03-14T14:25:33Z,postgres,INFO,replication lag 6ms
2026-03-14T14:25:35Z,orders,ERROR,connection reset by peer
2026-03-14T14:25:36Z,billing,INFO,credit note 98356 issued
2026-03-14T14:25:49Z,auth,INFO,token issued for session 84588
2026-03-14T14:25:50Z,orders,ERROR,connection reset by peer
2026-03-14T14:25:51Z,deploy,INFO,canary 63142 healthy
2026-03-14T14:25:56Z,checkout,INFO,cart 88613 converted in 302ms
2026-03-14T14:26:05Z,orders,ERROR,connection reset by peer
2026-03-14T14:26:08Z,orders,INFO,order 9541 dispatched in 31ms
2026-03-14T14:26:16Z,payments,INFO,settlement batch 48195 queued
2026-03-14T14:26:20Z,orders,ERROR,connection reset by peer
2026-03-14T14:26:27Z,payments,INFO,webhook 93966 acknowledged
2026-03-14T14:26:35Z,orders,ERROR,connection reset by peer
2026-03-14T14:26:41Z,orders,INFO,order 36919 invoiced
2026-03-14T14:26:46Z,orders,INFO,order 13265 accepted
2026-03-14T14:26:49Z,payments,INFO,charge 59661 authorised in 125ms
2026-03-14T14:26:50Z,orders,ERROR,connection reset by peer
2026-03-14T14:26:53Z,postgres,INFO,connection 81652 authorised
2026-03-14T14:27:05Z,orders,ERROR,connection reset by peer
2026-03-14T14:27:19Z,payments,INFO,settlement batch 60675 queued
2026-03-14T14:27:20Z,orders,ERROR,connection reset by peer
2026-03-14T14:27:29Z,checkout,INFO,cart 48898 converted in 214ms
2026-03-14T14:27:30Z,postgres,INFO,autovacuum finished on table 12226
2026-03-14T14:27:35Z,orders,ERROR,connection reset by peer
2026-03-14T14:27:35Z,orders,INFO,order 4587 accepted
2026-03-14T14:27:44Z,auth,INFO,logout for session 14139
2026-03-14T14:27:46Z,checkout,INFO,cart 95643 abandoned after 284ms
2026-03-14T14:27:50Z,orders,ERROR,connection reset by peer
2026-03-14T14:27:55Z,billing,INFO,credit note 52493 issued
2026-03-14T14:27:56Z,orders,INFO,order 4867 accepted
2026-03-14T14:27:57Z,billing,INFO,credit note 7715 issued
2026-03-14T14:28:05Z,orders,ERROR,connection reset by peer
2026-03-14T14:28:07Z,auth,INFO,session 11457 refreshed
2026-03-14T14:28:08Z,postgres,INFO,connection 21221 authorised
2026-03-14T14:28:10Z,orders,INFO,order 72869 invoiced
2026-03-14T14:28:14Z,auth,INFO,token issued for session 22886
2026-03-14T14:28:15Z,checkout,INFO,payment intent 54093 created
2026-03-14T14:28:15Z,search,INFO,index segment 37454 merged
2026-03-14T14:28:20Z,orders,ERROR,connection reset by peer
2026-03-14T14:28:26Z,checkout,INFO,cart 37500 abandoned after 32ms
2026-03-14T14:28:27Z,auth,INFO,logout for session 62042
2026-03-14T14:28:27Z,checkout,INFO,cart 23958 abandoned after 243ms
2026-03-14T14:28:34Z,billing,INFO,credit note 30959 issued
2026-03-14T14:28:35Z,orders,ERROR,connection reset by peer
2026-03-14T14:28:40Z,search,INFO,query 25851 served in 294ms
2026-03-14T14:28:50Z,orders,ERROR,connection reset by peer
2026-03-14T14:28:50Z,postgres,INFO,"checkpoint complete, 49686 buffers written"
2026-03-14T14:29:01Z,search,INFO,query 1271 served in 180ms
2026-03-14T14:29:05Z,orders,ERROR,connection reset by peer
2026-03-14T14:29:15Z,search,INFO,index segment 1145 merged
2026-03-14T14:29:24Z,orders,INFO,inventory check 13776 passed
2026-03-14T14:29:27Z,billing,INFO,invoice 70929 rendered in 64ms
2026-03-14T14:29:28Z,search,INFO,"suggest cache warm, 58468 entries"
2026-03-14T14:29:29Z,checkout,INFO,cart 36409 converted in 100ms
2026-03-14T14:29:41Z,payments,INFO,webhook 6242 acknowledged
2026-03-14T14:29:46Z,auth,INFO,login succeeded in 134ms
2026-03-14T14:30:03Z,deploy,INFO,artefact 53077 published
2026-03-14T14:30:13Z,billing,INFO,credit note 59990 issued
2026-03-14T14:30:13Z,postgres,INFO,autovacuum finished on table 77719
2026-03-14T14:30:16Z,payments,INFO,charge 99387 authorised in 183ms
2026-03-14T14:30:20Z,orders,ERROR,connection reset by peer
2026-03-14T14:30:25Z,postgres,INFO,autovacuum finished on table 3047
2026-03-14T14:30:27Z,checkout,INFO,session 76539 started
2026-03-14T14:30:27Z,postgres,INFO,autovacuum finished on table 66342
2026-03-14T14:30:29Z,auth,INFO,token issued for session 88200
2026-03-14T14:30:35Z,orders,ERROR,connection reset by peer
2026-03-14T14:30:47Z,billing,INFO,subscription 51626 renewed
2026-03-14T14:30:48Z,postgres,INFO,autovacuum finished on table 5455
2026-03-14T14:30:49Z,search,INFO,query 62240 served in 26ms
2026-03-14T14:30:50Z,orders,ERROR,connection reset by peer
2026-03-14T14:30:58Z,postgres,INFO,"checkpoint complete, 55232 buffers written"
2026-03-14T14:30:59Z,search,INFO,"suggest cache warm, 22422 entries"
2026-03-14T14:31:05Z,orders,ERROR,connection reset by peer
2026-03-14T14:31:06Z,orders,INFO,inventory check 1222 passed
2026-03-14T14:31:10Z,checkout,INFO,session 1389 started
2026-03-14T14:31:19Z,postgres,INFO,autovacuum finished on table 51584
2026-03-14T14:31:20Z,orders,ERROR,connection reset by peer
2026-03-14T14:31:26Z,orders,INFO,inventory check 16304 passed
2026-03-14T14:31:27Z,payments,INFO,charge 82952 authorised in 215ms
2026-03-14T14:31:35Z,orders,ERROR,connection reset by peer
2026-03-14T14:31:36Z,checkout,INFO,cart 84601 converted in 179ms
2026-03-14T14:31:38Z,auth,INFO,session 30490 refreshed
2026-03-14T14:31:38Z,payments,INFO,settlement batch 75429 queued
2026-03-14T14:31:44Z,postgres,INFO,connection 91552 authorised
2026-03-14T14:31:46Z,postgres,INFO,connection 76502 authorised
2026-03-14T14:31:50Z,orders,ERROR,connection reset by peer
2026-03-14T14:31:50Z,search,INFO,query 81616 served in 180ms
2026-03-14T14:31:52Z,checkout,INFO,payment intent 14944 created
2026-03-14T14:31:53Z,search,INFO,query 2540 served in 63ms
2026-03-14T14:31:58Z,payments,INFO,charge 24951 authorised in 69ms
2026-03-14T14:32:04Z,payments,INFO,webhook 85923 acknowledged
2026-03-14T14:32:05Z,orders,ERROR,connection reset by peer
2026-03-14T14:32:07Z,orders,INFO,order 73809 accepted
2026-03-14T14:32:10Z,checkout,INFO,payment intent 57964 created
2026-03-14T14:32:15Z,checkout,INFO,cart 21713 abandoned after 131ms
2026-03-14T14:32:20Z,orders,ERROR,connection reset by peer
2026-03-14T14:32:22Z,payments,INFO,refund 64332 completed
2026-03-14T14:32:26Z,billing,INFO,credit note 17819 issued
2026-03-14T14:32:29Z,search,INFO,index segment 85449 merged
2026-03-14T14:32:35Z,orders,ERROR,connection reset by peer
2026-03-14T14:32:38Z,orders,INFO,order 88417 dispatched in 247ms
2026-03-14T14:32:50Z,orders,ERROR,connection reset by peer
2026-03-14T14:32:50Z,search,INFO,"suggest cache warm, 89269 entries"
2026-03-14T14:32:57Z,search,INFO,index segment 59260 merged
2026-03-14T14:33:05Z,orders,ERROR,connection reset by peer
2026-03-14T14:33:16Z,billing,INFO,subscription 73905 renewed
2026-03-14T14:33:17Z,orders,INFO,order 99080 invoiced
2026-03-14T14:33:19Z,auth,INFO,logout for session 94466
2026-03-14T14:33:20Z,orders,ERROR,connection reset by peer
2026-03-14T14:33:24Z,auth,INFO,login succeeded in 307ms
2026-03-14T14:33:29Z,orders,INFO,inventory check 91699 passed
2026-03-14T14:33:32Z,payments,INFO,refund 45591 completed
2026-03-14T14:33:35Z,orders,ERROR,connection reset by peer
2026-03-14T14:33:44Z,orders,INFO,inventory check 65277 passed
2026-03-14T14:33:50Z,billing,INFO,credit note 49956 issued
2026-03-14T14:33:50Z,checkout,INFO,cart 12593 converted in 231ms
2026-03-14T14:33:50Z,orders,ERROR,connection reset by peer
2026-03-14T14:33:51Z,checkout,INFO,payment intent 60984 created
2026-03-14T14:33:59Z,checkout,INFO,cart 47621 converted in 110ms
2026-03-14T14:34:05Z,orders,ERROR,connection reset by peer
2026-03-14T14:34:25Z,payments,INFO,charge 35467 authorised in 170ms
2026-03-14T14:34:30Z,orders,INFO,"healthy, 12 of 12 pods ready"
2026-03-14T14:34:33Z,payments,INFO,charge 74871 authorised in 31ms
2026-03-14T14:34:35Z,deploy,INFO,"release complete, no rollback"
2026-03-14T14:34:36Z,auth,INFO,token issued for session 58393
2026-03-14T14:34:38Z,billing,INFO,dunning run 46183 complete
2026-03-14T14:34:43Z,auth,INFO,token issued for session 28500
2026-03-14T14:34:51Z,postgres,INFO,replication lag 257ms
2026-03-14T14:35:02Z,payments,INFO,settlement batch 9492 queued
2026-03-14T14:35:08Z,billing,INFO,credit note 10735 issued
2026-03-14T14:35:24Z,postgres,INFO,replication lag 144ms
2026-03-14T14:35:25Z,auth,INFO,session 52525 refreshed
2026-03-14T14:35:40Z,orders,INFO,order 57178 invoiced
2026-03-14T14:35:47Z,search,INFO,index segment 59997 merged
2026-03-14T14:35:59Z,billing,INFO,credit note 26023 issued
2026-03-14T14:36:00Z,postgres,INFO,"checkpoint complete, 2493 buffers written"
2026-03-14T14:36:14Z,auth,INFO,session 46931 refreshed
2026-03-14T14:36:23Z,payments,INFO,settlement batch 16355 queued
2026-03-14T14:36:25Z,search,INFO,"suggest cache warm, 14513 entries"
2026-03-14T14:36:27Z,auth,INFO,session 85487 refreshed
2026-03-14T14:36:30Z,auth,INFO,session 50077 refreshed
2026-03-14T14:36:36Z,orders,INFO,order 43147 invoiced
2026-03-14T14:36:56Z,billing,INFO,subscription 15038 renewed
2026-03-14T14:36:56Z,search,INFO,"suggest cache warm, 14393 entries"
2026-03-14T14:37:03Z,postgres,INFO,replication lag 253ms
2026-03-14T14:37:04Z,orders,INFO,order 37876 invoiced
2026-03-14T14:37:04Z,search,INFO,query 1050 served in 10ms
2026-03-14T14:37:21Z,billing,INFO,dunning run 32990 complete
2026-03-14T14:37:29Z,checkout,INFO,payment intent 20291 created
2026-03-14T14:37:33Z,checkout,INFO,cart 47356 abandoned after 16ms
2026-03-14T14:37:44Z,postgres,INFO,connection 77056 authorised
2026-03-14T14:37:51Z,postgres,INFO,autovacuum finished on table 90070
2026-03-14T14:37:52Z,checkout,INFO,cart 47536 converted in 86ms
2026-03-14T14:38:07Z,checkout,INFO,cart 52049 converted in 251ms
2026-03-14T14:38:15Z,checkout,INFO,cart 65930 converted in 222ms
2026-03-14T14:38:26Z,search,INFO,"suggest cache warm, 68069 entries"
2026-03-14T14:38:33Z,payments,INFO,settlement batch 56566 queued
2026-03-14T14:38:37Z,checkout,INFO,session 31009 started
2026-03-14T14:38:44Z,orders,INFO,order 88368 dispatched in 49ms
2026-03-14T14:38:50Z,search,INFO,query 53539 served in 246ms
2026-03-14T14:38:52Z,billing,INFO,invoice 5462 rendered in 118ms
2026-03-14T14:38:59Z,payments,INFO,webhook 95453 acknowledged
2026-03-14T14:39:04Z,orders,INFO,order 56170 dispatched in 219ms
2026-03-14T14:39:05Z,payments,INFO,webhook 89299 acknowledged
2026-03-14T14:39:07Z,checkout,INFO,session 17499 started
2026-03-14T14:39:13Z,checkout,INFO,cart 39692 converted in 9ms
2026-03-14T14:39:20Z,checkout,INFO,cart 1190 converted in 7ms
2026-03-14T14:39:21Z,postgres,INFO,connection 71199 authorised
2026-03-14T14:39:23Z,auth,INFO,login succeeded in 195ms
2026-03-14T14:39:25Z,auth,INFO,logout for session 34709
2026-03-14T14:39:27Z,search,INFO,query 29696 served in 122ms
2026-03-14T14:39:33Z,orders,INFO,inventory check 6648 passed
2026-03-14T14:39:37Z,search,INFO,query 25417 served in 239ms
2026-03-14T14:39:38Z,orders,INFO,order 38896 accepted
2026-03-14T14:39:45Z,billing,INFO,credit note 34531 issued
2026-03-14T14:39:51Z,postgres,INFO,replication lag 217ms
2026-03-14T14:40:00Z,checkout,ERROR,healthz timeout after 2000ms
2026-03-14T14:40:01Z,search,INFO,"suggest cache warm, 24273 entries"
2026-03-14T14:40:03Z,checkout,INFO,session 98887 started
2026-03-14T14:40:06Z,checkout,ERROR,healthz timeout after 2000ms
2026-03-14T14:40:12Z,checkout,ERROR,healthz timeout after 2000ms
2026-03-14T14:40:18Z,checkout,ERROR,healthz timeout after 2000ms
2026-03-14T14:40:23Z,postgres,INFO,"checkpoint complete, 35859 buffers written"
2026-03-14T14:40:24Z,checkout,ERROR,healthz timeout after 2000ms
2026-03-14T14:40:30Z,checkout,ERROR,healthz timeout after 2000ms
2026-03-14T14:40:36Z,checkout,ERROR,healthz timeout after 2000ms
2026-03-14T14:40:37Z,search,INFO,query 5798 served in 104ms
2026-03-14T14:40:38Z,auth,INFO,logout for session 79713
2026-03-14T14:40:42Z,billing,INFO,invoice 19732 rendered in 54ms
2026-03-14T14:40:42Z,checkout,ERROR,healthz timeout after 2000ms
2026-03-14T14:40:45Z,orders,INFO,order 51188 invoiced
2026-03-14T14:40:48Z,checkout,ERROR,healthz timeout after 2000ms
2026-03-14T14:40:52Z,billing,INFO,dunning run 92301 complete
2026-03-14T14:40:54Z,billing,INFO,invoice 84168 rendered in 11ms
2026-03-14T14:40:54Z,checkout,ERROR,healthz timeout after 2000ms
2026-03-14T14:41:00Z,checkout,ERROR,healthz timeout after 2000ms
2026-03-14T14:41:03Z,search,INFO,query 37797 served in 148ms
2026-03-14T14:41:06Z,checkout,ERROR,healthz timeout after 2000ms
2026-03-14T14:41:11Z,checkout,INFO,cart 95936 abandoned after 68ms
2026-03-14T14:41:12Z,checkout,ERROR,healthz timeout after 2000ms
2026-03-14T14:41:18Z,checkout,ERROR,healthz timeout after 2000ms
2026-03-14T14:41:22Z,billing,INFO,credit note 30282 issued
2026-03-14T14:41:24Z,checkout,ERROR,healthz timeout after 2000ms
2026-03-14T14:41:30Z,checkout,ERROR,healthz timeout after 2000ms
2026-03-14T14:41:30Z,payments,INFO,webhook 98985 acknowledged
2026-03-14T14:41:30Z,postgres,INFO,autovacuum finished on table 1782
2026-03-14T14:41:36Z,checkout,ERROR,healthz timeout after 2000ms
2026-03-14T14:41:42Z,checkout,ERROR,healthz timeout after 2000ms
2026-03-14T14:41:42Z,postgres,INFO,autovacuum finished on table 92516
2026-03-14T14:41:44Z,payments,INFO,webhook 97628 acknowledged
2026-03-14T14:41:47Z,orders,INFO,order 1119 invoiced
2026-03-14T14:41:48Z,checkout,ERROR,healthz timeout after 2000ms
2026-03-14T14:41:54Z,checkout,INFO,cart 37517 converted in 54ms
2026-03-14T14:41:54Z,checkout,ERROR,healthz timeout after 2000ms
2026-03-14T14:41:57Z,payments,INFO,settlement batch 27180 queued
2026-03-14T14:42:00Z,checkout,ERROR,healthz timeout after 2000ms
2026-03-14T14:42:01Z,checkout,INFO,cart 74856 abandoned after 248ms
2026-03-14T14:42:01Z,payments,INFO,webhook 15695 acknowledged
2026-03-14T14:42:06Z,checkout,ERROR,healthz timeout after 2000ms
2026-03-14T14:42:10Z,checkout,INFO,cart 26017 converted in 147ms
2026-03-14T14:42:12Z,checkout,ERROR,healthz timeout after 2000ms
2026-03-14T14:42:12Z,payments,INFO,charge 3489 authorised in 166ms
2026-03-14T14:42:12Z,postgres,INFO,"checkpoint complete, 64839 buffers written"
2026-03-14T14:42:15Z,search,INFO,query 81576 served in 148ms
2026-03-14T14:42:18Z,checkout,ERROR,healthz timeout after 2000ms
2026-03-14T14:42:22Z,billing,INFO,subscription 61465 renewed
2026-03-14T14:42:24Z,checkout,ERROR,healthz timeout after 2000ms
2026-03-14T14:42:25Z,payments,INFO,webhook 19930 acknowledged
2026-03-14T14:42:28Z,auth,INFO,login succeeded in 76ms
2026-03-14T14:42:29Z,orders,INFO,order 85543 accepted
2026-03-14T14:42:30Z,checkout,ERROR,healthz timeout after 2000ms
2026-03-14T14:42:36Z,checkout,ERROR,healthz timeout after 2000ms
2026-03-14T14:42:42Z,billing,INFO,dunning run 71324 complete
2026-03-14T14:42:42Z,checkout,ERROR,healthz timeout after 2000ms
2026-03-14T14:42:44Z,billing,INFO,invoice 16222 rendered in 282ms
2026-03-14T14:42:48Z,checkout,ERROR,healthz timeout after 2000ms
2026-03-14T14:42:51Z,search,INFO,"suggest cache warm, 91588 entries"
2026-03-14T14:42:52Z,checkout,INFO,payment intent 30701 created
2026-03-14T14:42:54Z,checkout,ERROR,healthz timeout after 2000ms
2026-03-14T14:42:55Z,deploy,INFO,pipeline 8898 green
2026-03-14T14:43:00Z,checkout,ERROR,healthz timeout after 2000ms
2026-03-14T14:43:01Z,checkout,INFO,payment intent 80214 created
2026-03-14T14:43:02Z,postgres,INFO,autovacuum finished on table 50527
2026-03-14T14:43:03Z,postgres,INFO,connection 29485 authorised
2026-03-14T14:43:06Z,checkout,ERROR,healthz timeout after 2000ms
2026-03-14T14:43:09Z,search,INFO,index segment 89820 merged
2026-03-14T14:43:12Z,checkout,ERROR,healthz timeout after 2000ms
2026-03-14T14:43:12Z,postgres,INFO,replication lag 16ms
2026-03-14T14:43:15Z,payments,INFO,webhook 43720 acknowledged
2026-03-14T14:43:18Z,checkout,ERROR,healthz timeout after 2000ms
2026-03-14T14:43:21Z,postgres,INFO,connection 39104 authorised
2026-03-14T14:43:24Z,checkout,ERROR,healthz timeout after 2000ms
2026-03-14T14:43:28Z,postgres,INFO,"checkpoint complete, 70725 buffers written"
2026-03-14T14:43:30Z,checkout,ERROR,healthz timeout after 2000ms
2026-03-14T14:43:36Z,checkout,ERROR,healthz timeout after 2000ms
2026-03-14T14:43:39Z,auth,INFO,session 21455 refreshed
2026-03-14T14:43:42Z,checkout,ERROR,healthz timeout after 2000ms
2026-03-14T14:43:48Z,checkout,ERROR,healthz timeout after 2000ms
2026-03-14T14:43:54Z,checkout,ERROR,healthz timeout after 2000ms
2026-03-14T14:43:57Z,orders,INFO,order 56245 invoiced
2026-03-14T14:44:00Z,checkout,ERROR,healthz timeout after 2000ms
2026-03-14T14:44:06Z,checkout,ERROR,healthz timeout after 2000ms
2026-03-14T14:44:12Z,checkout,ERROR,healthz timeout after 2000ms
2026-03-14T14:44:12Z,payments,INFO,webhook 77209 acknowledged
2026-03-14T14:44:12Z,search,INFO,query 1695 served in 4ms
2026-03-14T14:44:13Z,billing,INFO,dunning run 53443 complete
2026-03-14T14:44:16Z,auth,INFO,session 99928 refreshed
2026-03-14T14:44:18Z,checkout,ERROR,healthz timeout after 2000ms
2026-03-14T14:44:24Z,checkout,ERROR,healthz timeout after 2000ms
2026-03-14T14:44:24Z,payments,INFO,settlement batch 86280 queued
2026-03-14T14:44:29Z,auth,INFO,logout for session 12451
2026-03-14T14:44:30Z,checkout,ERROR,healthz timeout after 2000ms
2026-03-14T14:44:35Z,checkout,INFO,cart 14654 converted in 15ms
2026-03-14T14:44:36Z,checkout,ERROR,healthz timeout after 2000ms
2026-03-14T14:44:37Z,billing,INFO,credit note 20288 issued
2026-03-14T14:44:41Z,auth,INFO,logout for session 71755
2026-03-14T14:44:46Z,orders,INFO,order 66526 accepted
2026-03-14T14:44:54Z,orders,INFO,order 69991 invoiced
2026-03-14T14:44:58Z,auth,INFO,token issued for session 44595
2026-03-14T14:45:03Z,payments,INFO,webhook 25613 acknowledged
2026-03-14T14:45:05Z,postgres,INFO,"checkpoint complete, 9029 buffers written"
2026-03-14T14:45:14Z,billing,INFO,subscription 98369 renewed
2026-03-14T14:45:16Z,postgres,INFO,connection 4515 authorised
2026-03-14T14:45:22Z,auth,INFO,session 19919 refreshed
2026-03-14T14:45:26Z,postgres,INFO,"checkpoint complete, 83511 buffers written"
2026-03-14T14:45:32Z,search,INFO,query 63384 served in 114ms
2026-03-14T14:45:43Z,billing,INFO,invoice 4435 rendered in 111ms
2026-03-14T14:45:43Z,checkout,INFO,cart 22486 abandoned after 60ms
2026-03-14T14:45:48Z,search,INFO,query 44674 served in 116ms
2026-03-14T14:45:52Z,checkout,INFO,cart 8491 abandoned after 33ms
2026-03-14T14:45:55Z,billing,INFO,subscription 97708 renewed
2026-03-14T14:45:55Z,checkout,INFO,session 34146 started
2026-03-14T14:46:05Z,checkout,INFO,session 49548 started
2026-03-14T14:46:30Z,postgres,INFO,connection 30196 authorised
2026-03-14T14:46:40Z,auth,INFO,logout for session 69027
2026-03-14T14:46:44Z,payments,INFO,charge 11013 authorised in 280ms
2026-03-14T14:46:54Z,payments,INFO,charge 60941 authorised in 71ms
2026-03-14T14:46:57Z,checkout,INFO,cart 75927 abandoned after 86ms
2026-03-14T14:47:02Z,postgres,INFO,"checkpoint complete, 20240 buffers written"
2026-03-14T14:47:07Z,search,INFO,index segment 10372 merged
2026-03-14T14:47:10Z,payments,INFO,webhook 96280 acknowledged
2026-03-14T14:47:17Z,orders,INFO,inventory check 47090 passed
2026-03-14T14:47:19Z,auth,INFO,logout for session 23103
2026-03-14T14:47:27Z,search,INFO,index segment 38708 merged
2026-03-14T14:47:53Z,auth,INFO,session 94142 refreshed
2026-03-14T14:48:01Z,orders,INFO,order 23573 dispatched in 266ms
2026-03-14T14:48:05Z,billing,INFO,credit note 24546 issued
2026-03-14T14:48:18Z,checkout,INFO,cart 43590 converted in 137ms
2026-03-14T14:48:22Z,orders,INFO,order 24426 dispatched in 21ms
2026-03-14T14:48:24Z,payments,INFO,refund 91549 completed
2026-03-14T14:48:26Z,payments,INFO,webhook 8169 acknowledged
2026-03-14T14:48:33Z,auth,INFO,session 48205 refreshed
2026-03-14T14:48:48Z,postgres,INFO,autovacuum finished on table 92576
2026-03-14T14:48:53Z,checkout,INFO,cart 6053 converted in 95ms
2026-03-14T14:48:56Z,postgres,INFO,replication lag 312ms
2026-03-14T14:48:57Z,checkout,INFO,session 7337 started
2026-03-14T14:48:59Z,orders,INFO,order 15321 accepted
2026-03-14T14:49:03Z,orders,INFO,inventory check 42446 passed
2026-03-14T14:49:06Z,checkout,INFO,cart 37761 converted in 179ms
2026-03-14T14:49:10Z,billing,INFO,credit note 43002 issued
2026-03-14T14:49:11Z,auth,INFO,session 29642 refreshed
2026-03-14T14:49:12Z,payments,INFO,charge 15790 authorised in 100ms
2026-03-14T14:49:13Z,search,INFO,query 39373 served in 315ms
2026-03-14T14:49:24Z,auth,INFO,token issued for session 65704
2026-03-14T14:49:29Z,search,INFO,query 77319 served in 161ms
2026-03-14T14:49:35Z,orders,INFO,order 15693 invoiced
2026-03-14T14:50:04Z,postgres,INFO,autovacuum finished on table 80851
2026-03-14T14:50:09Z,payments,INFO,webhook 76050 acknowledged
2026-03-14T14:50:12Z,auth,INFO,login succeeded in 256ms
2026-03-14T14:50:30Z,orders,INFO,order 68324 invoiced
2026-03-14T14:50:37Z,billing,INFO,dunning run 45146 complete
2026-03-14T14:50:52Z,payments,INFO,charge 35677 authorised in 185ms
2026-03-14T14:50:53Z,billing,INFO,invoice 4720 rendered in 255ms
2026-03-14T14:51:08Z,postgres,INFO,replication lag 75ms
2026-03-14T14:51:23Z,billing,INFO,dunning run 41567 complete
2026-03-14T14:51:23Z,checkout,INFO,cart 5873 converted in 87ms
2026-03-14T14:51:24Z,search,INFO,"suggest cache warm, 42151 entries"
2026-03-14T14:51:36Z,auth,INFO,session 14886 refreshed
2026-03-14T14:51:41Z,auth,INFO,logout for session 76263
2026-03-14T14:51:48Z,payments,INFO,charge 3813 authorised in 134ms
2026-03-14T14:51:49Z,orders,INFO,order 86883 accepted
2026-03-14T14:51:50Z,postgres,INFO,replication lag 65ms
2026-03-14T14:51:51Z,orders,INFO,inventory check 35515 passed
2026-03-14T14:51:55Z,payments,INFO,charge 35737 authorised in 90ms
2026-03-14T14:52:04Z,auth,INFO,session 90445 refreshed
2026-03-14T14:52:22Z,search,INFO,query 89362 served in 182ms
2026-03-14T14:52:23Z,payments,INFO,charge 41690 authorised in 287ms
2026-03-14T14:52:30Z,auth,INFO,login succeeded in 17ms
2026-03-14T14:52:33Z,orders,INFO,order 54338 accepted
2026-03-14T14:52:38Z,search,INFO,query 63469 served in 71ms
2026-03-14T14:52:40Z,checkout,INFO,cart 75667 abandoned after 24ms
2026-03-14T14:52:50Z,billing,INFO,subscription 16737 renewed
2026-03-14T14:53:21Z,postgres,INFO,autovacuum finished on table 49014
2026-03-14T14:53:23Z,auth,INFO,login succeeded in 235ms
2026-03-14T14:53:33Z,search,INFO,"suggest cache warm, 97542 entries"
2026-03-14T14:53:43Z,checkout,INFO,cart 45116 converted in 33ms
2026-03-14T14:53:55Z,checkout,INFO,session 2606 started
2026-03-14T14:53:59Z,search,INFO,index segment 50992 merged
2026-03-14T14:54:04Z,postgres,INFO,connection 58653 authorised
2026-03-14T14:54:10Z,billing,INFO,invoice 2206 rendered in 289ms
2026-03-14T14:54:10Z,orders,INFO,order 17695 invoiced
2026-03-14T14:54:11Z,search,INFO,query 82103 served in 187ms
2026-03-14T14:54:31Z,postgres,INFO,replication lag 131ms
2026-03-14T14:54:36Z,checkout,INFO,cart 82623 converted in 4ms
2026-03-14T14:54:39Z,auth,INFO,session 75896 refreshed
2026-03-14T14:54:46Z,auth,INFO,login succeeded in 319ms
2026-03-14T14:54:46Z,orders,INFO,inventory check 30112 passed
2026-03-14T14:55:10Z,search,INFO,index segment 38975 merged
2026-03-14T14:55:21Z,auth,INFO,token issued for session 98362
2026-03-14T14:55:21Z,postgres,INFO,replication lag 68ms
2026-03-14T14:55:24Z,billing,INFO,credit note 82435 issued
2026-03-14T14:55:27Z,postgres,INFO,replication lag 8ms
2026-03-14T14:55:36Z,payments,INFO,refund 57264 completed
2026-03-14T14:56:02Z,billing,WARN,"disk usage on billing-data at 91%, growing 31GB per day"
2026-03-14T14:56:03Z,billing,INFO,last successful archive job was 62 days ago
2026-03-14T14:56:08Z,billing,INFO,credit note 57716 issued
2026-03-14T14:56:18Z,search,INFO,query 24192 served in 217ms
2026-03-14T14:56:34Z,postgres,INFO,autovacuum finished on table 43129
2026-03-14T14:56:47Z,auth,INFO,login succeeded in 5ms
2026-03-14T14:56:47Z,payments,INFO,settlement batch 96026 queued
2026-03-14T14:56:49Z,checkout,INFO,cart 89161 abandoned after 108ms
2026-03-14T14:56:50Z,search,INFO,query 46163 served in 296ms
2026-03-14T14:56:53Z,billing,INFO,credit note 82687 issued
2026-03-14T14:56:53Z,billing,INFO,dunning run 1394 complete
2026-03-14T14:57:10Z,postgres,INFO,replication lag 23ms
2026-03-14T14:57:11Z,search,INFO,index segment 15345 merged
2026-03-14T14:57:12Z,auth,INFO,logout for session 12361
2026-03-14T14:57:14Z,postgres,INFO,"checkpoint complete, 70831 buffers written"
2026-03-14T14:57:17Z,deploy,INFO,artefact 90158 published
2026-03-14T14:57:20Z,checkout,INFO,session 26069 started
2026-03-14T14:57:25Z,auth,INFO,token issued for session 76216
2026-03-14T14:57:27Z,search,INFO,query 68439 served in 309ms
2026-03-14T14:57:32Z,deploy,INFO,pipeline 18185 green
2026-03-14T14:57:32Z,orders,INFO,order 91216 invoiced
2026-03-14T14:57:33Z,checkout,INFO,cart 54398 abandoned after 210ms
2026-03-14T14:57:38Z,orders,INFO,order 60357 invoiced
2026-03-14T14:57:47Z,orders,INFO,order 68367 dispatched in 190ms
2026-03-14T14:57:47Z,orders,INFO,order 79802 dispatched in 259ms
2026-03-14T14:57:55Z,orders,INFO,order 34853 accepted
2026-03-14T14:58:05Z,auth,INFO,logout for session 82877
2026-03-14T14:58:10Z,billing,INFO,subscription 42159 renewed
2026-03-14T14:58:17Z,search,INFO,query 38653 served in 50ms
2026-03-14T14:58:19Z,payments,INFO,charge 65672 authorised in 212ms
2026-03-14T14:58:34Z,checkout,INFO,payment intent 92351 created
2026-03-14T14:58:34Z,orders,INFO,order 4502 invoiced
2026-03-14T14:58:44Z,orders,INFO,order 24937 invoiced
2026-03-14T14:58:53Z,orders,INFO,order 84676 dispatched in 304ms
2026-03-14T14:58:54Z,checkout,INFO,session 19663 started
2026-03-14T14:58:55Z,postgres,INFO,autovacuum finished on table 52207
2026-03-14T14:59:09Z,checkout,INFO,session 77959 started
2026-03-14T14:59:14Z,payments,INFO,charge 53773 authorised in 129ms
2026-03-14T14:59:15Z,auth,INFO,token issued for session 53824
2026-03-14T14:59:15Z,orders,INFO,inventory check 16169 passed
2026-03-14T14:59:23Z,checkout,INFO,cart 43369 converted in 234ms
2026-03-14T14:59:32Z,search,INFO,"suggest cache warm, 38658 entries"
2026-03-14T14:59:36Z,payments,INFO,settlement batch 33578 queued
2026-03-14T14:59:38Z,billing,INFO,credit note 80483 issued
2026-03-14T14:59:38Z,postgres,INFO,"checkpoint complete, 76265 buffers written"
2026-03-14T14:59:40Z,search,INFO,query 30133 served in 117ms
2026-03-14T14:59:47Z,postgres,INFO,replication lag 73ms
2026-03-14T14:59:51Z,postgres,INFO,replication lag 305ms
2026-03-14T15:00:02Z,checkout,INFO,cart 19475 abandoned after 224ms
2026-03-14T15:00:12Z,orders,INFO,inventory check 55374 passed
2026-03-14T15:00:23Z,checkout,INFO,cart 49719 abandoned after 90ms
2026-03-14T15:00:28Z,billing,INFO,invoice 38135 rendered in 93ms
2026-03-14T15:00:44Z,orders,INFO,order 28469 invoiced
2026-03-14T15:00:45Z,auth,INFO,session 77560 refreshed
2026-03-14T15:00:45Z,search,INFO,query 13732 served in 317ms
2026-03-14T15:00:54Z,billing,INFO,invoice 72355 rendered in 297ms
2026-03-14T15:01:01Z,orders,INFO,order 91640 invoiced
2026-03-14T15:01:02Z,billing,WARN,"disk usage on billing-data at 92%, growing 33GB per day"
2026-03-14T15:01:03Z,billing,INFO,last successful archive job was 63 days ago
2026-03-14T15:01:16Z,postgres,INFO,connection 29407 authorised
2026-03-14T15:01:18Z,auth,INFO,token issued for session 30129
2026-03-14T15:01:21Z,checkout,INFO,payment intent 22762 created
2026-03-14T15:01:23Z,payments,INFO,charge 87397 authorised in 77ms
2026-03-14T15:01:37Z,orders,INFO,order 56471 dispatched in 189ms
2026-03-14T15:01:40Z,orders,INFO,order 61727 invoiced
2026-03-14T15:01:41Z,search,INFO,"suggest cache warm, 50010 entries"
2026-03-14T15:01:43Z,search,INFO,index segment 37683 merged
2026-03-14T15:01:50Z,billing,INFO,credit note 90368 issued
2026-03-14T15:02:12Z,checkout,INFO,cart 42708 converted in 136ms
2026-03-14T15:02:13Z,orders,INFO,order 20744 accepted
2026-03-14T15:02:16Z,payments,INFO,charge 93663 authorised in 253ms
2026-03-14T15:02:19Z,postgres,INFO,connection 37922 authorised
2026-03-14T15:02:30Z,billing,INFO,credit note 36408 issued
2026-03-14T15:02:31Z,auth,INFO,session 25357 refreshed
2026-03-14T15:02:33Z,payments,INFO,settlement batch 18437 queued
2026-03-14T15:02:33Z,postgres,INFO,"checkpoint complete, 84105 buffers written"
2026-03-14T15:02:34Z,checkout,INFO,payment intent 86882 created
2026-03-14T15:02:37Z,postgres,INFO,replication lag 157ms
2026-03-14T15:02:44Z,deploy,INFO,canary 48808 healthy
2026-03-14T15:02:53Z,auth,INFO,login succeeded in 185ms
2026-03-14T15:03:05Z,billing,INFO,invoice 35370 rendered in 109ms
2026-03-14T15:03:24Z,checkout,INFO,payment intent 38082 created
2026-03-14T15:03:30Z,search,INFO,index segment 95862 merged
2026-03-14T15:03:31Z,postgres,INFO,"checkpoint complete, 12437 buffers written"
2026-03-14T15:03:34Z,auth,INFO,logout for session 6502
2026-03-14T15:03:38Z,billing,INFO,subscription 21707 renewed
2026-03-14T15:03:44Z,payments,INFO,charge 93483 authorised in 241ms
2026-03-14T15:03:50Z,billing,INFO,invoice 48985 rendered in 282ms
2026-03-14T15:03:56Z,payments,INFO,settlement batch 56057 queued
2026-03-14T15:04:16Z,auth,INFO,session 72230 refreshed
2026-03-14T15:04:19Z,orders,INFO,order 9341 accepted
2026-03-14T15:04:24Z,auth,INFO,token issued for session 69053
2026-03-14T15:04:28Z,auth,INFO,login succeeded in 229ms
2026-03-14T15:04:29Z,billing,INFO,credit note 10878 issued
2026-03-14T15:04:31Z,checkout,INFO,cart 49229 abandoned after 81ms
2026-03-14T15:04:37Z,checkout,INFO,payment intent 60269 created
2026-03-14T15:04:40Z,checkout,INFO,payment intent 89466 created
2026-03-14T15:04:40Z,orders,INFO,inventory check 6929 passed
2026-03-14T15:04:48Z,payments,INFO,settlement batch 12999 queued
2026-03-14T15:04:51Z,payments,INFO,settlement batch 95147 queued
2026-03-14T15:04:52Z,deploy,INFO,pipeline 5049 green
2026-03-14T15:04:53Z,billing,INFO,dunning run 39370 complete
2026-03-14T15:04:54Z,search,INFO,"suggest cache warm, 98856 entries"
2026-03-14T15:04:57Z,search,INFO,index segment 56543 merged
2026-03-14T15:05:03Z,search,INFO,index segment 79238 merged
2026-03-14T15:05:04Z,orders,INFO,inventory check 79128 passed
2026-03-14T15:05:06Z,checkout,INFO,cart 27509 abandoned after 60ms
2026-03-14T15:05:31Z,payments,INFO,webhook 17706 acknowledged
2026-03-14T15:05:33Z,orders,INFO,order 28347 dispatched in 93ms
2026-03-14T15:05:40Z,postgres,INFO,replication lag 278ms
2026-03-14T15:06:00Z,auth,INFO,session 65475 refreshed
2026-03-14T15:06:01Z,search,INFO,index segment 91027 merged
2026-03-14T15:06:04Z,billing,INFO,credit note 4662 issued
2026-03-14T15:06:16Z,postgres,INFO,replication lag 214ms
2026-03-14T15:06:20Z,payments,INFO,refund 35110 completed
2026-03-14T15:06:24Z,billing,INFO,invoice 60717 rendered in 190ms
2026-03-14T15:06:37Z,checkout,INFO,session 43995 started
2026-03-14T15:06:40Z,payments,INFO,refund 1892 completed
2026-03-14T15:06:44Z,checkout,INFO,cart 65295 abandoned after 131ms
2026-03-14T15:06:48Z,search,INFO,index segment 4206 merged
2026-03-14T15:06:54Z,payments,INFO,charge 14237 authorised in 44ms
2026-03-14T15:06:57Z,search,INFO,query 70023 served in 86ms
2026-03-14T15:07:04Z,billing,INFO,subscription 39006 renewed
2026-03-14T15:07:12Z,payments,INFO,charge 58472 authorised in 100ms
2026-03-14T15:07:26Z,search,INFO,"suggest cache warm, 4340 entries"
2026-03-14T15:07:33Z,payments,INFO,settlement batch 6230 queued
2026-03-14T15:07:35Z,deploy,INFO,canary 8694 healthy
2026-03-14T15:07:38Z,search,INFO,query 51434 served in 299ms
2026-03-14T15:07:50Z,auth,INFO,session 56913 refreshed
2026-03-14T15:07:56Z,auth,INFO,token issued for session 41158
2026-03-14T15:07:57Z,postgres,INFO,replication lag 302ms
2026-03-14T15:08:00Z,checkout,INFO,cart 26850 converted in 4ms
2026-03-14T15:08:04Z,billing,INFO,credit note 87942 issued
2026-03-14T15:08:05Z,billing,INFO,dunning run 90791 complete
2026-03-14T15:08:06Z,orders,INFO,order 49684 dispatched in 116ms
2026-03-14T15:08:25Z,payments,INFO,charge 57298 authorised in 212ms
2026-03-14T15:08:29Z,checkout,INFO,cart 8979 converted in 140ms
2026-03-14T15:08:41Z,postgres,INFO,replication lag 130ms
2026-03-14T15:08:45Z,search,INFO,query 25774 served in 159ms
2026-03-14T15:08:52Z,orders,INFO,order 98106 accepted
2026-03-14T15:08:55Z,payments,INFO,charge 86767 authorised in 290ms
2026-03-14T15:09:02Z,orders,INFO,inventory check 42167 passed
2026-03-14T15:09:03Z,search,INFO,query 85284 served in 179ms
2026-03-14T15:09:09Z,postgres,WARN,"autovacuum on table 65428 skipped, lock not available"
2026-03-14T15:09:18Z,postgres,INFO,"checkpoint complete, 96413 buffers written"
2026-03-14T15:09:19Z,orders,INFO,order 15611 invoiced
2026-03-14T15:09:25Z,deploy,INFO,artefact 8560 published
2026-03-14T15:09:28Z,auth,INFO,token issued for session 10380
2026-03-14T15:09:47Z,search,INFO,query 39383 served in 118ms
2026-03-14T15:09:48Z,auth,INFO,login succeeded in 233ms
2026-03-14T15:09:52Z,auth,INFO,login succeeded in 266ms
2026-03-14T15:09:54Z,billing,INFO,subscription 22947 renewed
2026-03-14T15:10:23Z,orders,INFO,order 72985 invoiced
2026-03-14T15:10:25Z,billing,INFO,dunning run 56137 complete
2026-03-14T15:10:31Z,orders,INFO,inventory check 22476 passed
2026-03-14T15:10:32Z,checkout,INFO,payment intent 72025 created
2026-03-14T15:10:32Z,payments,INFO,refund 40900 completed
2026-03-14T15:10:41Z,checkout,INFO,cart 72133 abandoned after 173ms
2026-03-14T15:10:42Z,checkout,INFO,payment intent 81503 created
2026-03-14T15:10:44Z,postgres,INFO,connection 75857 authorised
2026-03-14T15:10:56Z,payments,INFO,refund 47996 completed
2026-03-14T15:11:08Z,orders,INFO,order 38318 accepted
2026-03-14T15:11:08Z,postgres,INFO,"checkpoint complete, 72478 buffers written"
2026-03-14T15:11:12Z,search,INFO,query 48384 served in 317ms
2026-03-14T15:11:15Z,billing,INFO,credit note 90286 issued
2026-03-14T15:11:22Z,checkout,INFO,cart 57379 abandoned after 65ms
2026-03-14T15:11:25Z,auth,INFO,session 66139 refreshed
2026-03-14T15:11:44Z,auth,INFO,login succeeded in 63ms
2026-03-14T15:11:46Z,payments,INFO,webhook 43948 acknowledged
2026-03-14T15:11:59Z,billing,INFO,invoice 33517 rendered in 280ms
2026-03-14T15:12:17Z,auth,INFO,login succeeded in 6ms
2026-03-14T15:12:26Z,payments,INFO,charge 22472 authorised in 60ms
2026-03-14T15:12:29Z,postgres,WARN,"autovacuum on table 16625 skipped, lock not available"
2026-03-14T15:12:34Z,checkout,INFO,cart 52610 abandoned after 51ms
2026-03-14T15:12:40Z,checkout,INFO,payment intent 17184 created
2026-03-14T15:12:40Z,postgres,INFO,connection 58873 authorised
2026-03-14T15:12:44Z,postgres,INFO,connection 23633 authorised
2026-03-14T15:12:46Z,orders,INFO,order 82757 accepted
2026-03-14T15:12:54Z,billing,INFO,invoice 58013 rendered in 63ms
2026-03-14T15:12:58Z,orders,INFO,inventory check 67218 passed
2026-03-14T15:13:15Z,postgres,INFO,connection 48370 authorised
2026-03-14T15:13:17Z,payments,INFO,charge 7354 authorised in 9ms
2026-03-14T15:13:18Z,orders,INFO,inventory check 50566 passed
2026-03-14T15:13:23Z,auth,INFO,login succeeded in 29ms
2026-03-14T15:13:29Z,postgres,INFO,connection 53036 authorised
2026-03-14T15:13:31Z,postgres,INFO,replication lag 59ms
2026-03-14T15:13:48Z,search,INFO,index segment 95877 merged
2026-03-14T15:13:58Z,payments,INFO,charge 76897 authorised in 121ms
2026-03-14T15:14:14Z,orders,INFO,order 80214 accepted
2026-03-14T15:14:21Z,checkout,INFO,cart 64301 converted in 270ms
2026-03-14T15:14:28Z,search,INFO,index segment 12208 merged
2026-03-14T15:14:29Z,postgres,INFO,replication lag 39ms
2026-03-14T15:14:35Z,payments,INFO,settlement batch 89255 queued
2026-03-14T15:14:36Z,auth,INFO,login succeeded in 45ms
2026-03-14T15:14:38Z,payments,INFO,settlement batch 52946 queued
2026-03-14T15:14:42Z,orders,INFO,order 43655 accepted
2026-03-14T15:14:42Z,payments,INFO,refund 16118 completed
2026-03-14T15:14:46Z,checkout,INFO,cart 18747 converted in 133ms
2026-03-14T15:14:49Z,search,INFO,query 10274 served in 49ms
2026-03-14T15:14:52Z,billing,INFO,invoice 3531 rendered in 85ms
2026-03-14T15:14:53Z,search,INFO,query 44502 served in 173ms
2026-03-14T15:15:00Z,billing,INFO,dunning run 54353 complete
2026-03-14T15:15:00Z,checkout,ERROR,healthz timeout after 2000ms
2026-03-14T15:15:05Z,payments,INFO,refund 10913 completed
2026-03-14T15:15:06Z,checkout,ERROR,healthz timeout after 2000ms
2026-03-14T15:15:09Z,checkout,INFO,session 91758 started
2026-03-14T15:15:09Z,search,INFO,query 61346 served in 294ms
2026-03-14T15:15:12Z,checkout,ERROR,healthz timeout after 2000ms
2026-03-14T15:15:13Z,orders,INFO,order 68971 invoiced
2026-03-14T15:15:17Z,billing,INFO,dunning run 34188 complete
2026-03-14T15:15:18Z,checkout,ERROR,healthz timeout after 2000ms
2026-03-14T15:15:20Z,search,INFO,query 14972 served in 314ms
2026-03-14T15:15:24Z,checkout,ERROR,healthz timeout after 2000ms
2026-03-14T15:15:24Z,checkout,INFO,payment intent 98833 created
2026-03-14T15:15:28Z,orders,INFO,inventory check 88150 passed
2026-03-14T15:15:30Z,checkout,ERROR,healthz timeout after 2000ms
2026-03-14T15:15:31Z,checkout,INFO,payment intent 5513 created
2026-03-14T15:15:31Z,postgres,INFO,"checkpoint complete, 38469 buffers written"
2026-03-14T15:15:32Z,checkout,INFO,payment intent 86080 created
2026-03-14T15:15:32Z,postgres,INFO,"checkpoint complete, 43772 buffers written"
2026-03-14T15:15:36Z,checkout,ERROR,healthz timeout after 2000ms
2026-03-14T15:15:42Z,checkout,ERROR,healthz timeout after 2000ms
2026-03-14T15:15:45Z,billing,INFO,invoice 99290 rendered in 23ms
2026-03-14T15:15:46Z,checkout,INFO,payment intent 66569 created
2026-03-14T15:15:48Z,checkout,ERROR,healthz timeout after 2000ms
2026-03-14T15:15:50Z,search,INFO,"suggest cache warm, 54469 entries"
2026-03-14T15:15:54Z,checkout,ERROR,healthz timeout after 2000ms
2026-03-14T15:16:00Z,checkout,ERROR,healthz timeout after 2000ms
2026-03-14T15:16:06Z,checkout,ERROR,healthz timeout after 2000ms
2026-03-14T15:16:08Z,billing,INFO,subscription 62073 renewed
2026-03-14T15:16:12Z,checkout,ERROR,healthz timeout after 2000ms
2026-03-14T15:16:16Z,auth,INFO,session 33500 refreshed
2026-03-14T15:16:18Z,checkout,ERROR,healthz timeout after 2000ms
2026-03-14T15:16:24Z,checkout,ERROR,healthz timeout after 2000ms
2026-03-14T15:16:24Z,orders,INFO,order 73518 dispatched in 201ms
2026-03-14T15:16:30Z,checkout,ERROR,healthz timeout after 2000ms
2026-03-14T15:16:30Z,search,INFO,query 74082 served in 12ms
2026-03-14T15:16:33Z,postgres,INFO,autovacuum finished on table 22090
2026-03-14T15:16:36Z,checkout,ERROR,healthz timeout after 2000ms
2026-03-14T15:16:42Z,checkout,ERROR,healthz timeout after 2000ms
2026-03-14T15:16:46Z,auth,INFO,session 61495 refreshed
2026-03-14T15:16:48Z,checkout,ERROR,healthz timeout after 2000ms
2026-03-14T15:16:54Z,checkout,ERROR,healthz timeout after 2000ms
2026-03-14T15:17:00Z,checkout,ERROR,healthz timeout after 2000ms
2026-03-14T15:17:06Z,checkout,ERROR,healthz timeout after 2000ms
2026-03-14T15:17:12Z,checkout,ERROR,healthz timeout after 2000ms
2026-03-14T15:17:16Z,postgres,INFO,connection 69608 authorised
2026-03-14T15:17:18Z,checkout,ERROR,healthz timeout after 2000ms
2026-03-14T15:17:24Z,checkout,ERROR,healthz timeout after 2000ms
2026-03-14T15:17:30Z,checkout,ERROR,healthz timeout after 2000ms
2026-03-14T15:17:30Z,payments,INFO,charge 86910 authorised in 92ms
2026-03-14T15:17:32Z,billing,INFO,dunning run 34172 complete
2026-03-14T15:17:36Z,auth,INFO,session 2178 refreshed
2026-03-14T15:17:36Z,checkout,ERROR,healthz timeout after 2000ms
2026-03-14T15:17:41Z,orders,INFO,inventory check 75267 passed
2026-03-14T15:17:42Z,checkout,ERROR,healthz timeout after 2000ms
2026-03-14T15:17:48Z,checkout,ERROR,healthz timeout after 2000ms
2026-03-14T15:17:53Z,checkout,INFO,cart 3176 abandoned after 190ms
2026-03-14T15:17:54Z,checkout,ERROR,healthz timeout after 2000ms
2026-03-14T15:18:00Z,checkout,ERROR,healthz timeout after 2000ms
2026-03-14T15:18:02Z,orders,INFO,order 69888 invoiced
2026-03-14T15:18:06Z,checkout,ERROR,healthz timeout after 2000ms
2026-03-14T15:18:12Z,auth,INFO,login succeeded in 152ms
2026-03-14T15:18:12Z,checkout,ERROR,healthz timeout after 2000ms
2026-03-14T15:18:13Z,auth,INFO,login succeeded in 122ms
2026-03-14T15:18:18Z,checkout,ERROR,healthz timeout after 2000ms
2026-03-14T15:18:24Z,checkout,ERROR,healthz timeout after 2000ms
2026-03-14T15:18:24Z,search,INFO,query 47534 served in 217ms
2026-03-14T15:18:25Z,checkout,INFO,payment intent 33347 created
2026-03-14T15:18:30Z,checkout,ERROR,healthz timeout after 2000ms
2026-03-14T15:18:35Z,orders,INFO,order 76885 invoiced
2026-03-14T15:18:36Z,checkout,ERROR,healthz timeout after 2000ms
2026-03-14T15:18:42Z,checkout,ERROR,healthz timeout after 2000ms
2026-03-14T15:18:48Z,checkout,ERROR,healthz timeout after 2000ms
2026-03-14T15:18:54Z,checkout,ERROR,healthz timeout after 2000ms
2026-03-14T15:19:00Z,checkout,ERROR,healthz timeout after 2000ms
2026-03-14T15:19:04Z,billing,INFO,credit note 54630 issued
2026-03-14T15:19:05Z,auth,INFO,session 59114 refreshed
2026-03-14T15:19:06Z,checkout,ERROR,healthz timeout after 2000ms
2026-03-14T15:19:06Z,payments,INFO,settlement batch 57417 queued
2026-03-14T15:19:10Z,payments,INFO,refund 63803 completed
2026-03-14T15:19:11Z,billing,INFO,dunning run 49656 complete
2026-03-14T15:19:12Z,checkout,ERROR,healthz timeout after 2000ms
2026-03-14T15:19:18Z,checkout,ERROR,healthz timeout after 2000ms
2026-03-14T15:19:22Z,auth,INFO,session 95977 refreshed
2026-03-14T15:19:24Z,checkout,ERROR,healthz timeout after 2000ms
2026-03-14T15:19:24Z,payments,INFO,refund 15431 completed
2026-03-14T15:19:25Z,auth,INFO,token issued for session 86610
2026-03-14T15:19:27Z,orders,INFO,order 83979 dispatched in 109ms
2026-03-14T15:19:28Z,postgres,INFO,"checkpoint complete, 33859 buffers written"
2026-03-14T15:19:30Z,checkout,ERROR,healthz timeout after 2000ms
2026-03-14T15:19:36Z,checkout,ERROR,healthz timeout after 2000ms
2026-03-14T15:19:37Z,payments,INFO,settlement batch 55115 queued
2026-03-14T15:19:48Z,deploy,INFO,pipeline 61377 green
2026-03-14T15:19:53Z,search,INFO,"suggest cache warm, 60744 entries"
2026-03-14T15:19:54Z,search,INFO,query 20251 served in 209ms
2026-03-14T15:19:59Z,auth,INFO,login succeeded in 310ms
2026-03-14T15:20:04Z,checkout,INFO,cart 83959 abandoned after 306ms
2026-03-14T15:20:16Z,payments,INFO,webhook 13097 acknowledged
2026-03-14T15:20:39Z,checkout,WARN,"slow downstream call to search, 2085ms"
2026-03-14T15:20:45Z,orders,INFO,order 8134 dispatched in 104ms
2026-03-14T15:20:48Z,checkout,INFO,payment intent 65366 created
2026-03-14T15:20:49Z,payments,INFO,refund 39213 completed
2026-03-14T15:20:50Z,billing,INFO,credit note 94524 issued
2026-03-14T15:20:50Z,postgres,INFO,connection 78713 authorised
2026-03-14T15:20:54Z,payments,INFO,refund 80447 completed
2026-03-14T15:21:13Z,postgres,INFO,connection 57676 authorised
2026-03-14T15:21:16Z,orders,INFO,order 11630 accepted
2026-03-14T15:21:17Z,checkout,INFO,cart 75177 abandoned after 237ms
2026-03-14T15:21:19Z,checkout,INFO,payment intent 10262 created
2026-03-14T15:21:20Z,payments,INFO,charge 65977 authorised in 159ms
2026-03-14T15:21:20Z,search,INFO,index segment 55701 merged
2026-03-14T15:21:31Z,billing,INFO,dunning run 11128 complete
2026-03-14T15:21:33Z,auth,INFO,token issued for session 97178
2026-03-14T15:21:37Z,payments,INFO,settlement batch 6840 queued
2026-03-14T15:21:42Z,orders,INFO,order 72167 dispatched in 75ms
2026-03-14T15:21:52Z,postgres,INFO,replication lag 231ms
2026-03-14T15:22:01Z,billing,INFO,credit note 78741 issued
2026-03-14T15:22:13Z,billing,INFO,invoice 91187 rendered in 64ms
2026-03-14T15:22:21Z,billing,INFO,credit note 72351 issued
2026-03-14T15:22:22Z,orders,INFO,order 27137 dispatched in 95ms
2026-03-14T15:22:29Z,search,INFO,query 88807 served in 18ms
2026-03-14T15:22:36Z,search,INFO,index segment 72796 merged
2026-03-14T15:22:37Z,orders,INFO,order 69762 accepted
2026-03-14T15:22:47Z,auth,INFO,session 93399 refreshed
2026-03-14T15:22:48Z,checkout,INFO,session 22581 started
2026-03-14T15:22:51Z,payments,INFO,charge 68409 authorised in 133ms
2026-03-14T15:23:03Z,billing,INFO,subscription 45934 renewed
2026-03-14T15:23:04Z,payments,INFO,charge 79738 authorised in 202ms
2026-03-14T15:23:05Z,search,INFO,index segment 48598 merged
2026-03-14T15:23:07Z,auth,INFO,logout for session 77565
2026-03-14T15:23:13Z,checkout,INFO,payment intent 25566 created
2026-03-14T15:23:16Z,orders,INFO,inventory check 35942 passed
2026-03-14T15:23:18Z,checkout,INFO,cart 21264 abandoned after 234ms
2026-03-14T15:23:25Z,deploy,INFO,pipeline 70321 green
2026-03-14T15:23:27Z,postgres,INFO,autovacuum finished on table 48530
2026-03-14T15:23:36Z,checkout,INFO,cart 58841 converted in 287ms
2026-03-14T15:23:47Z,postgres,INFO,replication lag 38ms
2026-03-14T15:23:49Z,auth,INFO,session 29149 refreshed
2026-03-14T15:23:51Z,search,INFO,index segment 45277 merged
2026-03-14T15:24:00Z,orders,INFO,inventory check 17701 passed
2026-03-14T15:24:05Z,checkout,INFO,payment intent 8197 created
2026-03-14T15:24:09Z,payments,INFO,webhook 7911 acknowledged
2026-03-14T15:24:09Z,postgres,INFO,replication lag 288ms
2026-03-14T15:24:35Z,orders,INFO,order 35071 dispatched in 100ms
2026-03-14T15:24:37Z,billing,INFO,credit note 26904 issued
2026-03-14T15:24:38Z,postgres,INFO,"checkpoint complete, 89569 buffers written"
2026-03-14T15:24:46Z,postgres,INFO,replication lag 235ms
2026-03-14T15:24:51Z,postgres,INFO,replication lag 254ms
2026-03-14T15:24:53Z,auth,INFO,session 79418 refreshed
2026-03-14T15:25:00Z,checkout,ERROR,healthz timeout after 2000ms
2026-03-14T15:25:00Z,search,INFO,"suggest cache warm, 54284 entries"
2026-03-14T15:25:05Z,auth,INFO,login succeeded in 269ms
2026-03-14T15:25:06Z,checkout,ERROR,healthz timeout after 2000ms
2026-03-14T15:25:08Z,auth,INFO,token issued for session 93903
2026-03-14T15:25:12Z,checkout,ERROR,healthz timeout after 2000ms
2026-03-14T15:25:18Z,checkout,ERROR,healthz timeout after 2000ms
2026-03-14T15:25:24Z,checkout,ERROR,healthz timeout after 2000ms
2026-03-14T15:25:30Z,checkout,ERROR,healthz timeout after 2000ms
2026-03-14T15:25:36Z,checkout,ERROR,healthz timeout after 2000ms
2026-03-14T15:25:37Z,payments,INFO,settlement batch 25173 queued
2026-03-14T15:25:42Z,checkout,ERROR,healthz timeout after 2000ms
2026-03-14T15:25:48Z,checkout,ERROR,healthz timeout after 2000ms
2026-03-14T15:25:54Z,checkout,ERROR,healthz timeout after 2000ms
2026-03-14T15:26:00Z,checkout,ERROR,healthz timeout after 2000ms
2026-03-14T15:26:06Z,checkout,ERROR,healthz timeout after 2000ms
2026-03-14T15:26:11Z,search,INFO,query 15361 served in 226ms
2026-03-14T15:26:12Z,checkout,ERROR,healthz timeout after 2000ms
2026-03-14T15:26:14Z,auth,INFO,session 57077 refreshed
2026-03-14T15:26:14Z,orders,INFO,order 33467 accepted
2026-03-14T15:26:16Z,payments,INFO,webhook 29399 acknowledged
2026-03-14T15:26:17Z,checkout,INFO,session 64858 started
2026-03-14T15:26:18Z,checkout,ERROR,healthz timeout after 2000ms
2026-03-14T15:26:24Z,checkout,ERROR,healthz timeout after 2000ms
2026-03-14T15:26:30Z,checkout,ERROR,healthz timeout after 2000ms
2026-03-14T15:26:36Z,checkout,ERROR,healthz timeout after 2000ms
2026-03-14T15:26:38Z,postgres,INFO,autovacuum finished on table 11537
2026-03-14T15:26:39Z,checkout,INFO,session 62945 started
2026-03-14T15:26:42Z,checkout,ERROR,healthz timeout after 2000ms
2026-03-14T15:26:48Z,billing,INFO,credit note 99635 issued
2026-03-14T15:26:48Z,checkout,ERROR,healthz timeout after 2000ms
2026-03-14T15:26:53Z,postgres,INFO,autovacuum finished on table 71093
2026-03-14T15:26:54Z,checkout,ERROR,healthz timeout after 2000ms
2026-03-14T15:26:54Z,payments,WARN,"retrying webhook 83157, attempt 2"
2026-03-14T15:26:57Z,billing,INFO,subscription 93212 renewed
2026-03-14T15:27:00Z,checkout,ERROR,healthz timeout after 2000ms
2026-03-14T15:27:03Z,auth,INFO,session 28713 refreshed
2026-03-14T15:27:06Z,checkout,ERROR,healthz timeout after 2000ms
2026-03-14T15:27:12Z,checkout,ERROR,healthz timeout after 2000ms
2026-03-14T15:27:14Z,billing,INFO,dunning run 34770 complete
2026-03-14T15:27:14Z,search,INFO,index segment 64525 merged
2026-03-14T15:27:15Z,billing,INFO,credit note 21045 issued
2026-03-14T15:27:18Z,checkout,ERROR,healthz timeout after 2000ms
2026-03-14T15:27:21Z,payments,INFO,settlement batch 29727 queued
2026-03-14T15:27:24Z,checkout,ERROR,healthz timeout after 2000ms
2026-03-14T15:27:25Z,orders,INFO,order 57395 invoiced
2026-03-14T15:27:29Z,billing,INFO,credit note 92420 issued
2026-03-14T15:27:30Z,checkout,ERROR,healthz timeout after 2000ms
2026-03-14T15:27:32Z,payments,INFO,refund 77776 completed
2026-03-14T15:27:34Z,postgres,INFO,"checkpoint complete, 45738 buffers written"
2026-03-14T15:27:36Z,auth,INFO,login succeeded in 205ms
2026-03-14T15:27:36Z,checkout,ERROR,healthz timeout after 2000ms
2026-03-14T15:27:36Z,checkout,INFO,payment intent 81446 created
2026-03-14T15:27:37Z,payments,INFO,charge 31490 authorised in 50ms
2026-03-14T15:27:38Z,postgres,INFO,connection 26938 authorised
2026-03-14T15:27:39Z,orders,INFO,inventory check 75318 passed
2026-03-14T15:27:40Z,postgres,INFO,"checkpoint complete, 67008 buffers written"
2026-03-14T15:27:42Z,checkout,ERROR,healthz timeout after 2000ms
2026-03-14T15:27:45Z,search,INFO,query 28011 served in 187ms
2026-03-14T15:27:48Z,billing,INFO,subscription 30044 renewed
2026-03-14T15:27:48Z,checkout,ERROR,healthz timeout after 2000ms
2026-03-14T15:27:54Z,checkout,ERROR,healthz timeout after 2000ms
2026-03-14T15:27:55Z,orders,INFO,order 18057 invoiced
2026-03-14T15:28:00Z,checkout,ERROR,healthz timeout after 2000ms
2026-03-14T15:28:06Z,checkout,ERROR,healthz timeout after 2000ms
2026-03-14T15:28:11Z,postgres,INFO,replication lag 195ms
2026-03-14T15:28:12Z,checkout,ERROR,healthz timeout after 2000ms
2026-03-14T15:28:14Z,auth,INFO,login succeeded in 6ms
2026-03-14T15:28:14Z,payments,INFO,settlement batch 79544 queued
2026-03-14T15:28:16Z,orders,INFO,inventory check 73855 passed
2026-03-14T15:28:18Z,checkout,INFO,cart 12011 converted in 46ms
2026-03-14T15:28:18Z,checkout,ERROR,healthz timeout after 2000ms
2026-03-14T15:28:18Z,orders,INFO,inventory check 33589 passed
2026-03-14T15:28:21Z,checkout,INFO,cart 36880 abandoned after 138ms
2026-03-14T15:28:24Z,checkout,ERROR,healthz timeout after 2000ms
2026-03-14T15:28:26Z,billing,INFO,dunning run 2023 complete
2026-03-14T15:28:28Z,search,INFO,query 10859 served in 79ms
2026-03-14T15:28:30Z,checkout,ERROR,healthz timeout after 2000ms
2026-03-14T15:28:36Z,checkout,ERROR,healthz timeout after 2000ms
2026-03-14T15:28:39Z,checkout,INFO,cart 15259 converted in 162ms
2026-03-14T15:28:42Z,checkout,ERROR,healthz timeout after 2000ms
2026-03-14T15:28:43Z,search,INFO,"suggest cache warm, 19788 entries"
2026-03-14T15:28:48Z,checkout,ERROR,healthz timeout after 2000ms
2026-03-14T15:28:54Z,checkout,ERROR,healthz timeout after 2000ms
2026-03-14T15:28:56Z,search,INFO,query 56105 served in 312ms
2026-03-14T15:28:58Z,payments,INFO,charge 51643 authorised in 95ms
2026-03-14T15:29:00Z,checkout,ERROR,healthz timeout after 2000ms
2026-03-14T15:29:01Z,payments,INFO,webhook 81383 acknowledged
2026-03-14T15:29:06Z,checkout,ERROR,healthz timeout after 2000ms
2026-03-14T15:29:10Z,search,INFO,"suggest cache warm, 61467 entries"
2026-03-14T15:29:12Z,checkout,ERROR,healthz timeout after 2000ms
2026-03-14T15:29:17Z,orders,INFO,order 71027 invoiced
2026-03-14T15:29:18Z,checkout,ERROR,healthz timeout after 2000ms
2026-03-14T15:29:18Z,postgres,INFO,connection 59059 authorised
2026-03-14T15:29:23Z,auth,INFO,session 8148 refreshed
2026-03-14T15:29:24Z,checkout,ERROR,healthz timeout after 2000ms
2026-03-14T15:29:24Z,search,INFO,index segment 91373 merged
2026-03-14T15:29:26Z,payments,INFO,refund 74700 completed
2026-03-14T15:29:30Z,checkout,ERROR,healthz timeout after 2000ms
2026-03-14T15:29:32Z,orders,INFO,order 74611 dispatched in 217ms
2026-03-14T15:29:36Z,checkout,ERROR,healthz timeout after 2000ms
2026-03-14T15:29:42Z,auth,INFO,logout for session 77034
2026-03-14T15:29:42Z,orders,INFO,order 76191 accepted
2026-03-14T15:29:48Z,checkout,INFO,cart 28255 abandoned after 193ms
2026-03-14T15:30:05Z,search,INFO,"suggest cache warm, 51043 entries"
2026-03-14T15:30:08Z,postgres,INFO,connection 18187 authorised
2026-03-14T15:30:12Z,payments,INFO,settlement batch 83428 queued
2026-03-14T15:30:13Z,auth,INFO,session 44603 refreshed
2026-03-14T15:30:13Z,postgres,INFO,"checkpoint complete, 85874 buffers written"
2026-03-14T15:30:20Z,checkout,INFO,cart 72878 abandoned after 264ms
2026-03-14T15:30:22Z,postgres,INFO,autovacuum finished on table 17164
2026-03-14T15:30:25Z,postgres,INFO,"checkpoint complete, 32966 buffers written"
2026-03-14T15:30:29Z,payments,INFO,settlement batch 44961 queued
2026-03-14T15:30:29Z,postgres,INFO,replication lag 24ms
2026-03-14T15:30:34Z,auth,INFO,token issued for session 79547
2026-03-14T15:30:36Z,checkout,INFO,cart 9692 converted in 296ms
2026-03-14T15:30:38Z,deploy,INFO,canary 10338 healthy
2026-03-14T15:30:40Z,search,INFO,index segment 92699 merged
2026-03-14T15:30:41Z,checkout,INFO,cart 89505 abandoned after 262ms
2026-03-14T15:31:15Z,billing,INFO,subscription 71226 renewed
2026-03-14T15:31:19Z,postgres,INFO,connection 59161 authorised
2026-03-14T15:31:20Z,search,INFO,query 56422 served in 30ms
2026-03-14T15:31:22Z,billing,INFO,subscription 42401 renewed
2026-03-14T15:31:23Z,billing,INFO,dunning run 69318 complete
2026-03-14T15:31:24Z,postgres,INFO,"checkpoint complete, 25360 buffers written"
2026-03-14T15:31:34Z,search,INFO,query 17800 served in 122ms
2026-03-14T15:31:36Z,checkout,INFO,session 95432 started
2026-03-14T15:31:37Z,orders,INFO,order 34786 accepted
2026-03-14T15:31:38Z,search,INFO,query 52704 served in 129ms
2026-03-14T15:31:39Z,auth,INFO,login succeeded in 300ms
2026-03-14T15:31:42Z,checkout,INFO,payment intent 81269 created
2026-03-14T15:31:42Z,search,WARN,query 15711 exceeded 1542ms budget
2026-03-14T15:31:55Z,checkout,INFO,session 86463 started
2026-03-14T15:31:59Z,billing,INFO,credit note 13167 issued
2026-03-14T15:32:01Z,orders,INFO,order 58881 dispatched in 16ms
2026-03-14T15:32:04Z,payments,INFO,refund 36299 completed
2026-03-14T15:32:13Z,orders,INFO,order 7952 dispatched in 93ms
2026-03-14T15:32:21Z,billing,INFO,invoice 62065 rendered in 64ms
2026-03-14T15:32:33Z,auth,INFO,token issued for session 30730
2026-03-14T15:32:36Z,billing,INFO,invoice 3371 rendered in 194ms
2026-03-14T15:32:37Z,checkout,INFO,cart 66619 abandoned after 301ms
2026-03-14T15:32:38Z,checkout,INFO,cart 45948 converted in 187ms
2026-03-14T15:32:40Z,auth,INFO,login succeeded in 283ms
2026-03-14T15:33:03Z,orders,INFO,order 45382 dispatched in 144ms
2026-03-14T15:33:09Z,deploy,INFO,pipeline 26090 green
2026-03-14T15:33:10Z,postgres,INFO,autovacuum finished on table 34411
2026-03-14T15:33:12Z,auth,INFO,logout for session 52085
2026-03-14T15:33:20Z,search,INFO,query 81563 served in 13ms
2026-03-14T15:33:47Z,auth,INFO,login succeeded in 86ms
2026-03-14T15:34:04Z,orders,INFO,order 26650 invoiced
2026-03-14T15:34:05Z,search,INFO,query 67056 served in 69ms
2026-03-14T15:34:37Z,payments,INFO,charge 31979 authorised in 104ms
2026-03-14T15:34:39Z,payments,INFO,settlement batch 42779 queued
2026-03-14T15:34:40Z,checkout,INFO,session 20496 started
2026-03-14T15:35:04Z,deploy,INFO,canary 75906 healthy
2026-03-14T15:35:08Z,checkout,INFO,cart 61430 abandoned after 223ms
2026-03-14T15:35:15Z,auth,INFO,session 75822 refreshed
2026-03-14T15:35:23Z,billing,INFO,dunning run 18904 complete
2026-03-14T15:35:28Z,orders,INFO,order 52550 accepted
2026-03-14T15:35:34Z,billing,INFO,dunning run 16672 complete
2026-03-14T15:35:37Z,auth,INFO,token issued for session 83159
2026-03-14T15:35:38Z,auth,INFO,login succeeded in 224ms
2026-03-14T15:35:55Z,orders,INFO,order 10301 accepted
2026-03-14T15:36:00Z,orders,INFO,order 29188 invoiced
2026-03-14T15:36:01Z,checkout,INFO,payment intent 37100 created
2026-03-14T15:36:05Z,postgres,INFO,"checkpoint complete, 97521 buffers written"
2026-03-14T15:36:05Z,postgres,INFO,replication lag 19ms
2026-03-14T15:36:07Z,payments,INFO,webhook 76793 acknowledged
2026-03-14T15:36:22Z,payments,INFO,refund 28061 completed
2026-03-14T15:36:23Z,postgres,INFO,"checkpoint complete, 34336 buffers written"
2026-03-14T15:36:37Z,auth,INFO,session 18352 refreshed
2026-03-14T15:36:43Z,orders,INFO,order 7593 invoiced
2026-03-14T15:36:48Z,billing,INFO,dunning run 45592 complete
2026-03-14T15:36:58Z,deploy,INFO,canary 36956 healthy
2026-03-14T15:36:59Z,payments,INFO,charge 81764 authorised in 209ms
2026-03-14T15:37:11Z,search,INFO,index segment 46625 merged
2026-03-14T15:37:12Z,checkout,INFO,cart 35666 converted in 40ms
2026-03-14T15:37:15Z,search,INFO,query 20469 served in 312ms
2026-03-14T15:37:21Z,payments,INFO,settlement batch 45645 queued
2026-03-14T15:37:22Z,auth,INFO,login succeeded in 5ms
2026-03-14T15:37:29Z,search,INFO,query 8965 served in 266ms
2026-03-14T15:37:51Z,payments,INFO,charge 20482 authorised in 106ms
2026-03-14T15:38:01Z,orders,INFO,order 87135 invoiced
2026-03-14T15:38:02Z,search,INFO,query 64329 served in 232ms
2026-03-14T15:38:05Z,checkout,INFO,cart 52092 converted in 284ms
2026-03-14T15:38:09Z,payments,INFO,charge 78753 authorised in 298ms
2026-03-14T15:38:10Z,orders,INFO,inventory check 90014 passed
2026-03-14T15:38:15Z,postgres,INFO,autovacuum finished on table 5549
2026-03-14T15:38:21Z,billing,INFO,credit note 90092 issued
2026-03-14T15:38:26Z,billing,INFO,invoice 25215 rendered in 297ms
2026-03-14T15:38:32Z,checkout,INFO,cart 78310 converted in 172ms
2026-03-14T15:38:32Z,payments,INFO,charge 61428 authorised in 179ms
2026-03-14T15:38:35Z,orders,INFO,order 50341 accepted
2026-03-14T15:38:35Z,search,INFO,query 41698 served in 202ms
2026-03-14T15:38:38Z,search,INFO,index segment 11988 merged
2026-03-14T15:38:56Z,postgres,INFO,replication lag 178ms
2026-03-14T15:38:56Z,search,INFO,query 28085 served in 138ms
2026-03-14T15:39:00Z,search,INFO,"suggest cache warm, 78767 entries"
2026-03-14T15:39:05Z,billing,INFO,subscription 70084 renewed
2026-03-14T15:39:09Z,postgres,INFO,connection 76272 authorised
2026-03-14T15:39:21Z,postgres,INFO,replication lag 225ms
2026-03-14T15:39:23Z,search,INFO,query 39189 served in 187ms
2026-03-14T15:39:24Z,payments,INFO,charge 10597 authorised in 243ms
2026-03-14T15:39:31Z,payments,INFO,settlement batch 91460 queued
2026-03-14T15:40:00Z,auth,INFO,session 74220 refreshed
2026-03-14T15:40:10Z,postgres,INFO,autovacuum finished on table 68967
2026-03-14T15:40:14Z,auth,INFO,token issued for session 98493
2026-03-14T15:40:14Z,search,INFO,query 32684 served in 234ms
2026-03-14T15:40:24Z,billing,INFO,invoice 53965 rendered in 38ms
2026-03-14T15:41:06Z,auth,INFO,logout for session 73981
2026-03-14T15:41:10Z,auth,INFO,logout for session 11339
2026-03-14T15:41:11Z,billing,INFO,invoice 52344 rendered in 270ms
2026-03-14T15:41:13Z,billing,INFO,invoice 71688 rendered in 230ms
2026-03-14T15:41:31Z,payments,INFO,refund 88289 completed
2026-03-14T15:41:38Z,checkout,INFO,payment intent 13353 created
2026-03-14T15:41:39Z,search,INFO,query 75774 served in 291ms
2026-03-14T15:41:55Z,postgres,INFO,connection 12768 authorised
2026-03-14T15:42:02Z,payments,INFO,webhook 56231 acknowledged
2026-03-14T15:42:12Z,search,INFO,query 83863 served in 216ms
2026-03-14T15:42:13Z,postgres,INFO,autovacuum finished on table 39746
2026-03-14T15:42:38Z,checkout,INFO,payment intent 15654 created
2026-03-14T15:42:49Z,auth,INFO,session 29071 refreshed
2026-03-14T15:42:53Z,billing,INFO,credit note 5324 issued
2026-03-14T15:42:53Z,checkout,INFO,session 1201 started
2026-03-14T15:42:54Z,checkout,INFO,cart 60861 converted in 179ms
2026-03-14T15:42:54Z,search,INFO,"suggest cache warm, 49684 entries"
2026-03-14T15:42:55Z,checkout,INFO,cart 85978 converted in 205ms
2026-03-14T15:42:56Z,payments,INFO,settlement batch 78743 queued
2026-03-14T15:42:57Z,checkout,INFO,cart 86456 converted in 47ms
2026-03-14T15:43:01Z,search,INFO,query 32998 served in 77ms
2026-03-14T15:43:09Z,billing,INFO,credit note 23207 issued
2026-03-14T15:43:10Z,auth,INFO,logout for session 87387
2026-03-14T15:43:13Z,billing,INFO,invoice 16675 rendered in 219ms
2026-03-14T15:43:14Z,checkout,INFO,payment intent 50626 created
2026-03-14T15:43:30Z,checkout,INFO,session 33221 started
2026-03-14T15:43:31Z,billing,INFO,dunning run 23619 complete
2026-03-14T15:43:34Z,search,INFO,index segment 26222 merged
2026-03-14T15:43:51Z,checkout,INFO,payment intent 19269 created
2026-03-14T15:43:57Z,postgres,INFO,"checkpoint complete, 91439 buffers written"
2026-03-14T15:44:06Z,payments,INFO,settlement batch 83863 queued
2026-03-14T15:44:20Z,search,INFO,"suggest cache warm, 67289 entries"
2026-03-14T15:44:29Z,payments,INFO,charge 7914 authorised in 143ms
2026-03-14T15:44:51Z,billing,INFO,invoice 52420 rendered in 115ms
2026-03-14T15:44:57Z,billing,INFO,subscription 98087 renewed
2026-03-14T15:44:58Z,postgres,INFO,replication lag 127ms
2026-03-14T15:45:02Z,checkout,INFO,session 6794 started
2026-03-14T15:45:06Z,billing,INFO,credit note 27546 issued
2026-03-14T15:45:17Z,billing,INFO,dunning run 6111 complete
2026-03-14T15:45:41Z,payments,INFO,charge 60037 authorised in 312ms
2026-03-14T15:45:56Z,billing,INFO,dunning run 49129 complete
2026-03-14T15:46:00Z,auth,INFO,login succeeded in 82ms
2026-03-14T15:46:04Z,search,INFO,index segment 13290 merged
2026-03-14T15:46:08Z,search,INFO,query 57076 served in 93ms
2026-03-14T15:46:13Z,checkout,INFO,cart 14158 converted in 181ms
2026-03-14T15:46:15Z,checkout,INFO,session 59331 started
2026-03-14T15:46:20Z,postgres,INFO,autovacuum finished on table 36619
2026-03-14T15:46:20Z,search,INFO,index segment 60196 merged
2026-03-14T15:46:27Z,checkout,INFO,payment intent 52945 created
2026-03-14T15:46:27Z,postgres,INFO,replication lag 150ms
2026-03-14T15:46:39Z,payments,INFO,settlement batch 67296 queued
2026-03-14T15:46:49Z,postgres,INFO,replication lag 218ms
2026-03-14T15:47:09Z,checkout,INFO,session 35903 started
2026-03-14T15:47:11Z,payments,INFO,webhook 3574 acknowledged
2026-03-14T15:47:13Z,search,INFO,query 62449 served in 129ms
2026-03-14T15:47:25Z,auth,INFO,login succeeded in 132ms
2026-03-14T15:47:37Z,checkout,INFO,session 88201 started
2026-03-14T15:47:57Z,payments,INFO,refund 37697 completed
2026-03-14T15:48:29Z,postgres,INFO,replication lag 194ms
2026-03-14T15:48:43Z,search,INFO,query 33313 served in 277ms
2026-03-14T15:48:44Z,auth,INFO,session 67653 refreshed
2026-03-14T15:48:46Z,postgres,INFO,autovacuum finished on table 73025
2026-03-14T15:48:48Z,search,INFO,index segment 31842 merged
2026-03-14T15:48:50Z,payments,INFO,charge 96338 authorised in 220ms
2026-03-14T15:48:59Z,payments,INFO,webhook 70315 acknowledged
2026-03-14T15:49:05Z,payments,INFO,webhook 21104 acknowledged
2026-03-14T15:49:08Z,search,INFO,query 90406 served in 16ms
2026-03-14T15:49:13Z,billing,INFO,subscription 54259 renewed
2026-03-14T15:49:20Z,auth,INFO,token issued for session 81882
2026-03-14T15:49:23Z,postgres,INFO,replication lag 120ms
2026-03-14T15:49:28Z,search,INFO,query 73922 served in 12ms
2026-03-14T15:49:38Z,billing,INFO,invoice 97452 rendered in 122ms
2026-03-14T15:49:40Z,auth,INFO,logout for session 98077
2026-03-14T15:50:06Z,orders,INFO,inventory check 92701 passed
2026-03-14T15:50:08Z,billing,INFO,dunning run 70410 complete
2026-03-14T15:50:08Z,orders,INFO,order 7149 invoiced
2026-03-14T15:50:16Z,postgres,INFO,autovacuum finished on table 89898
2026-03-14T15:50:19Z,auth,INFO,logout for session 85617
2026-03-14T15:50:20Z,auth,INFO,session 49270 refreshed
2026-03-14T15:50:32Z,payments,INFO,charge 8283 authorised in 171ms
2026-03-14T15:50:42Z,checkout,INFO,cart 75784 abandoned after 255ms
2026-03-14T15:50:50Z,billing,INFO,credit note 87315 issued
2026-03-14T15:51:04Z,search,INFO,query 29648 served in 46ms
2026-03-14T15:51:05Z,billing,INFO,dunning run 64728 complete
2026-03-14T15:51:10Z,deploy,INFO,pipeline 18432 green
2026-03-14T15:51:12Z,auth,INFO,token issued for session 22660
2026-03-14T15:51:12Z,checkout,INFO,cart 16687 converted in 78ms
2026-03-14T15:51:18Z,payments,INFO,refund 44346 completed
2026-03-14T15:51:31Z,search,INFO,query 76019 served in 20ms
2026-03-14T15:51:33Z,payments,INFO,charge 27060 authorised in 12ms
2026-03-14T15:51:46Z,deploy,INFO,artefact 42608 published
2026-03-14T15:51:46Z,payments,INFO,charge 54523 authorised in 65ms
2026-03-14T15:51:56Z,billing,INFO,dunning run 78277 complete
2026-03-14T15:52:12Z,search,INFO,query 69678 served in 263ms
2026-03-14T15:52:13Z,auth,INFO,login succeeded in 64ms
2026-03-14T15:52:13Z,checkout,INFO,cart 9502 abandoned after 266ms
2026-03-14T15:52:15Z,search,INFO,index segment 70014 merged
2026-03-14T15:52:16Z,billing,INFO,dunning run 39978 complete
2026-03-14T15:52:20Z,postgres,INFO,replication lag 309ms
2026-03-14T15:52:31Z,auth,INFO,logout for session 43821
2026-03-14T15:52:40Z,auth,INFO,logout for session 19245
2026-03-14T15:52:49Z,auth,INFO,login succeeded in 80ms
2026-03-14T15:52:50Z,orders,INFO,order 9628 invoiced
2026-03-14T15:52:51Z,billing,INFO,credit note 69605 issued
2026-03-14T15:53:08Z,search,INFO,query 62914 served in 26ms
2026-03-14T15:53:20Z,billing,INFO,dunning run 27708 complete
2026-03-14T15:53:31Z,payments,INFO,settlement batch 67222 queued
2026-03-14T15:53:38Z,postgres,INFO,autovacuum finished on table 49795
2026-03-14T15:53:50Z,payments,INFO,settlement batch 7375 queued
2026-03-14T15:53:59Z,search,INFO,index segment 26716 merged
2026-03-14T15:54:01Z,search,INFO,query 28538 served in 318ms
2026-03-14T15:54:10Z,checkout,INFO,cart 53692 converted in 112ms
2026-03-14T15:54:13Z,search,INFO,"suggest cache warm, 15491 entries"
2026-03-14T15:54:14Z,billing,INFO,invoice 25699 rendered in 69ms
2026-03-14T15:54:20Z,payments,INFO,settlement batch 39938 queued
2026-03-14T15:54:21Z,checkout,INFO,cart 83950 converted in 29ms
2026-03-14T15:54:28Z,orders,INFO,order 63514 dispatched in 287ms
2026-03-14T15:54:33Z,orders,INFO,inventory check 92453 passed
2026-03-14T15:54:44Z,billing,INFO,credit note 33821 issued
2026-03-14T15:54:44Z,checkout,INFO,payment intent 99435 created
2026-03-14T15:54:45Z,postgres,INFO,"checkpoint complete, 58405 buffers written"
2026-03-14T15:54:50Z,postgres,INFO,replication lag 17ms
2026-03-14T15:54:51Z,search,INFO,"suggest cache warm, 18753 entries"
2026-03-14T15:55:00Z,checkout,ERROR,healthz timeout after 2000ms
2026-03-14T15:55:01Z,orders,INFO,order 62890 invoiced
2026-03-14T15:55:06Z,checkout,ERROR,healthz timeout after 2000ms
2026-03-14T15:55:12Z,checkout,ERROR,healthz timeout after 2000ms
2026-03-14T15:55:14Z,postgres,INFO,"checkpoint complete, 40782 buffers written"
2026-03-14T15:55:16Z,payments,INFO,webhook 35545 acknowledged
2026-03-14T15:55:16Z,search,INFO,"suggest cache warm, 46378 entries"
2026-03-14T15:55:18Z,checkout,ERROR,healthz timeout after 2000ms
2026-03-14T15:55:19Z,billing,INFO,invoice 40433 rendered in 23ms
2026-03-14T15:55:24Z,checkout,ERROR,healthz timeout after 2000ms
2026-03-14T15:55:30Z,checkout,ERROR,healthz timeout after 2000ms
2026-03-14T15:55:34Z,postgres,INFO,replication lag 302ms
2026-03-14T15:55:36Z,checkout,ERROR,healthz timeout after 2000ms
2026-03-14T15:55:42Z,checkout,ERROR,healthz timeout after 2000ms
2026-03-14T15:55:48Z,checkout,ERROR,healthz timeout after 2000ms
2026-03-14T15:55:54Z,checkout,ERROR,healthz timeout after 2000ms
2026-03-14T15:56:00Z,checkout,ERROR,healthz timeout after 2000ms
2026-03-14T15:56:02Z,checkout,INFO,payment intent 93070 created
2026-03-14T15:56:05Z,checkout,INFO,cart 59645 abandoned after 67ms
2026-03-14T15:56:06Z,checkout,ERROR,healthz timeout after 2000ms
2026-03-14T15:56:08Z,orders,INFO,order 52357 accepted
2026-03-14T15:56:11Z,billing,INFO,invoice 79967 rendered in 216ms
2026-03-14T15:56:12Z,checkout,ERROR,healthz timeout after 2000ms
2026-03-14T15:56:18Z,checkout,ERROR,healthz timeout after 2000ms
2026-03-14T15:56:20Z,search,INFO,"suggest cache warm, 89786 entries"
2026-03-14T15:56:22Z,billing,INFO,invoice 83058 rendered in 89ms
2026-03-14T15:56:24Z,checkout,ERROR,healthz timeout after 2000ms
2026-03-14T15:56:30Z,checkout,ERROR,healthz timeout after 2000ms
2026-03-14T15:56:31Z,postgres,INFO,connection 21613 authorised
2026-03-14T15:56:36Z,auth,INFO,session 23095 refreshed
2026-03-14T15:56:36Z,checkout,ERROR,healthz timeout after 2000ms
2026-03-14T15:56:37Z,auth,INFO,logout for session 77457
2026-03-14T15:56:40Z,checkout,INFO,session 45102 started
2026-03-14T15:56:42Z,checkout,ERROR,healthz timeout after 2000ms
2026-03-14T15:56:48Z,checkout,ERROR,healthz timeout after 2000ms
2026-03-14T15:56:53Z,checkout,INFO,cart 92642 abandoned after 83ms
2026-03-14T15:56:54Z,checkout,ERROR,healthz timeout after 2000ms
2026-03-14T15:56:54Z,search,INFO,"suggest cache warm, 69590 entries"
2026-03-14T15:57:00Z,checkout,ERROR,healthz timeout after 2000ms
2026-03-14T15:57:06Z,checkout,ERROR,healthz timeout after 2000ms
2026-03-14T15:57:06Z,postgres,INFO,autovacuum finished on table 40896
2026-03-14T15:57:12Z,checkout,ERROR,healthz timeout after 2000ms
2026-03-14T15:57:15Z,auth,INFO,session 27254 refreshed
2026-03-14T15:57:16Z,checkout,INFO,cart 2249 abandoned after 28ms
2026-03-14T15:57:18Z,checkout,ERROR,healthz timeout after 2000ms
2026-03-14T15:57:21Z,billing,INFO,credit note 17560 issued
2026-03-14T15:57:24Z,checkout,ERROR,healthz timeout after 2000ms
2026-03-14T15:57:27Z,billing,INFO,invoice 76274 rendered in 265ms
2026-03-14T15:57:28Z,auth,INFO,logout for session 22525
2026-03-14T15:57:30Z,checkout,INFO,cart 28182 abandoned after 276ms
2026-03-14T15:57:30Z,checkout,ERROR,healthz timeout after 2000ms
2026-03-14T15:57:36Z,checkout,ERROR,healthz timeout after 2000ms
2026-03-14T15:57:42Z,checkout,ERROR,healthz timeout after 2000ms
2026-03-14T15:57:43Z,postgres,INFO,replication lag 69ms
2026-03-14T15:57:47Z,postgres,INFO,"checkpoint complete, 55902 buffers written"
2026-03-14T15:57:48Z,checkout,ERROR,healthz timeout after 2000ms
2026-03-14T15:57:50Z,postgres,INFO,autovacuum finished on table 76140
2026-03-14T15:57:54Z,checkout,ERROR,healthz timeout after 2000ms
2026-03-14T15:57:57Z,search,INFO,index segment 19084 merged
2026-03-14T15:57:58Z,checkout,INFO,session 19453 started
2026-03-14T15:58:00Z,checkout,ERROR,healthz timeout after 2000ms
2026-03-14T15:58:06Z,checkout,ERROR,healthz timeout after 2000ms
2026-03-14T15:58:09Z,orders,INFO,order 94424 invoiced
2026-03-14T15:58:12Z,checkout,ERROR,healthz timeout after 2000ms
2026-03-14T15:58:16Z,postgres,INFO,connection 75207 authorised
2026-03-14T15:58:18Z,checkout,ERROR,healthz timeout after 2000ms
2026-03-14T15:58:22Z,orders,INFO,order 99011 invoiced
2026-03-14T15:58:24Z,checkout,ERROR,healthz timeout after 2000ms
2026-03-14T15:58:28Z,orders,INFO,order 67763 dispatched in 224ms
2026-03-14T15:58:30Z,auth,INFO,token issued for session 67969
2026-03-14T15:58:30Z,billing,INFO,subscription 8382 renewed
2026-03-14T15:58:30Z,checkout,ERROR,healthz timeout after 2000ms
2026-03-14T15:58:33Z,auth,INFO,logout for session 31267
2026-03-14T15:58:36Z,auth,INFO,login succeeded in 205ms
2026-03-14T15:58:36Z,checkout,ERROR,healthz timeout after 2000ms
2026-03-14T15:58:38Z,search,INFO,query 66833 served in 225ms
2026-03-14T15:58:42Z,checkout,ERROR,healthz timeout after 2000ms
2026-03-14T15:58:48Z,checkout,ERROR,healthz timeout after 2000ms
2026-03-14T15:58:48Z,search,INFO,query 9184 served in 42ms
2026-03-14T15:58:49Z,billing,INFO,invoice 86202 rendered in 174ms
2026-03-14T15:58:50Z,payments,INFO,settlement batch 94152 queued
2026-03-14T15:58:52Z,payments,INFO,charge 7884 authorised in 135ms
2026-03-14T15:58:54Z,checkout,ERROR,healthz timeout after 2000ms
2026-03-14T15:59:00Z,checkout,ERROR,healthz timeout after 2000ms
2026-03-14T15:59:06Z,checkout,ERROR,healthz timeout after 2000ms
2026-03-14T15:59:12Z,checkout,ERROR,healthz timeout after 2000ms
2026-03-14T15:59:18Z,checkout,ERROR,healthz timeout after 2000ms
2026-03-14T15:59:22Z,auth,INFO,token issued for session 76528
2026-03-14T15:59:24Z,checkout,ERROR,healthz timeout after 2000ms
2026-03-14T15:59:27Z,checkout,INFO,cart 42653 converted in 254ms
2026-03-14T15:59:30Z,checkout,ERROR,healthz timeout after 2000ms
2026-03-14T15:59:30Z,payments,INFO,refund 4531 completed
2026-03-14T15:59:30Z,search,INFO,query 75723 served in 14ms
2026-03-14T15:59:31Z,checkout,INFO,session 63899 started
2026-03-14T15:59:36Z,checkout,ERROR,healthz timeout after 2000ms
2026-03-14T15:59:50Z,search,INFO,query 5575 served in 73ms
2026-03-14T15:59:59Z,payments,INFO,refund 91668 completed
2026-03-14T16:00:01Z,search,INFO,index segment 66504 merged
2026-03-14T16:00:13Z,search,INFO,query 84456 served in 70ms
2026-03-14T16:00:23Z,search,INFO,"suggest cache warm, 50570 entries"
2026-03-14T16:00:25Z,orders,INFO,inventory check 65791 passed
2026-03-14T16:00:29Z,postgres,INFO,connection 86989 authorised
2026-03-14T16:00:42Z,postgres,INFO,connection 96035 authorised
2026-03-14T16:00:51Z,orders,INFO,order 4746 accepted
2026-03-14T16:01:05Z,payments,INFO,webhook 30228 acknowledged
2026-03-14T16:01:07Z,postgres,INFO,connection 7329 authorised
2026-03-14T16:01:09Z,checkout,INFO,payment intent 5425 created
2026-03-14T16:01:18Z,postgres,INFO,connection 20685 authorised
2026-03-14T16:01:21Z,checkout,INFO,cart 78541 converted in 293ms
2026-03-14T16:01:26Z,auth,INFO,logout for session 2439
2026-03-14T16:01:28Z,billing,INFO,invoice 1028 rendered in 316ms
2026-03-14T16:01:28Z,postgres,INFO,"checkpoint complete, 37779 buffers written"
2026-03-14T16:01:36Z,postgres,INFO,autovacuum finished on table 45524
2026-03-14T16:01:40Z,auth,INFO,session 97718 refreshed
2026-03-14T16:01:41Z,auth,INFO,login succeeded in 156ms
2026-03-14T16:01:41Z,orders,INFO,order 66681 accepted
2026-03-14T16:01:46Z,orders,INFO,order 54725 dispatched in 122ms
2026-03-14T16:01:53Z,payments,INFO,settlement batch 19922 queued
2026-03-14T16:01:55Z,search,INFO,"suggest cache warm, 25459 entries"
2026-03-14T16:01:58Z,checkout,INFO,cart 75001 converted in 65ms
2026-03-14T16:02:03Z,billing,INFO,invoice 25198 rendered in 150ms
2026-03-14T16:02:04Z,billing,INFO,subscription 6878 renewed
2026-03-14T16:02:06Z,search,INFO,query 39440 served in 122ms
2026-03-14T16:02:27Z,payments,INFO,charge 30231 authorised in 272ms
2026-03-14T16:02:30Z,postgres,INFO,autovacuum finished on table 89864
2026-03-14T16:02:34Z,payments,INFO,charge 52116 authorised in 40ms
2026-03-14T16:02:42Z,billing,INFO,credit note 41011 issued
2026-03-14T16:02:45Z,search,INFO,query 19288 served in 185ms
2026-03-14T16:02:50Z,orders,INFO,order 55433 accepted
2026-03-14T16:03:03Z,search,INFO,"suggest cache warm, 92722 entries"
2026-03-14T16:03:21Z,auth,INFO,token issued for session 59603
2026-03-14T16:03:22Z,payments,INFO,settlement batch 14646 queued
2026-03-14T16:03:23Z,search,INFO,index segment 84807 merged
2026-03-14T16:03:29Z,billing,INFO,invoice 14777 rendered in 58ms
2026-03-14T16:03:35Z,orders,INFO,order 5181 accepted
2026-03-14T16:03:45Z,checkout,INFO,cart 34908 converted in 42ms
2026-03-14T16:03:47Z,postgres,INFO,autovacuum finished on table 49023
2026-03-14T16:03:56Z,billing,INFO,dunning run 55818 complete
2026-03-14T16:04:07Z,search,INFO,query 36228 served in 38ms
2026-03-14T16:04:21Z,postgres,INFO,autovacuum finished on table 61174
2026-03-14T16:04:26Z,orders,INFO,inventory check 49825 passed
2026-03-14T16:04:28Z,checkout,INFO,cart 5102 converted in 176ms
2026-03-14T16:04:50Z,auth,INFO,logout for session 6708
2026-03-14T16:05:00Z,search,INFO,"suggest cache warm, 30868 entries"
2026-03-14T16:05:01Z,checkout,INFO,session 63942 started
2026-03-14T16:05:03Z,auth,INFO,session 97433 refreshed
2026-03-14T16:05:05Z,postgres,INFO,connection 21640 authorised
2026-03-14T16:05:11Z,postgres,INFO,"checkpoint complete, 21202 buffers written"
2026-03-14T16:05:20Z,postgres,INFO,"checkpoint complete, 78760 buffers written"
2026-03-14T16:05:24Z,search,INFO,"suggest cache warm, 67452 entries"
2026-03-14T16:05:41Z,checkout,INFO,payment intent 25432 created
2026-03-14T16:05:42Z,billing,INFO,subscription 28423 renewed
2026-03-14T16:05:45Z,payments,INFO,settlement batch 41034 queued
2026-03-14T16:05:48Z,billing,INFO,invoice 48194 rendered in 318ms
2026-03-14T16:06:02Z,checkout,INFO,cart 45587 converted in 70ms
2026-03-14T16:06:02Z,payments,INFO,charge 10678 authorised in 153ms
2026-03-14T16:06:05Z,orders,INFO,order 72464 accepted
2026-03-14T16:06:07Z,auth,INFO,logout for session 91068
2026-03-14T16:06:31Z,auth,INFO,logout for session 19872
2026-03-14T16:06:36Z,orders,INFO,order 5335 invoiced
2026-03-14T16:06:36Z,search,INFO,"suggest cache warm, 21379 entries"
2026-03-14T16:06:42Z,auth,INFO,session 89606 refreshed
2026-03-14T16:06:46Z,orders,INFO,order 87890 invoiced
2026-03-14T16:06:57Z,deploy,INFO,canary 2365 healthy
2026-03-14T16:07:17Z,postgres,INFO,autovacuum finished on table 26247
2026-03-14T16:07:23Z,checkout,INFO,cart 3472 abandoned after 74ms
2026-03-14T16:07:29Z,billing,INFO,credit note 54790 issued
2026-03-14T16:07:30Z,payments,INFO,settlement batch 83389 queued
2026-03-14T16:07:44Z,auth,INFO,login succeeded in 239ms
2026-03-14T16:07:51Z,checkout,INFO,payment intent 83133 created
2026-03-14T16:07:54Z,billing,INFO,invoice 14084 rendered in 23ms
2026-03-14T16:07:54Z,orders,INFO,order 65446 dispatched in 65ms
2026-03-14T16:07:56Z,postgres,INFO,"checkpoint complete, 19163 buffers written"
2026-03-14T16:07:56Z,search,INFO,query 94703 served in 17ms
2026-03-14T16:08:02Z,checkout,INFO,cart 85750 abandoned after 32ms
2026-03-14T16:08:11Z,search,INFO,query 96203 served in 289ms
2026-03-14T16:08:12Z,checkout,INFO,cart 14289 abandoned after 84ms
2026-03-14T16:08:19Z,orders,INFO,order 67152 accepted
2026-03-14T16:08:26Z,payments,INFO,webhook 78456 acknowledged
2026-03-14T16:08:41Z,billing,INFO,dunning run 34644 complete
2026-03-14T16:08:45Z,search,INFO,query 11794 served in 171ms
2026-03-14T16:09:02Z,payments,INFO,webhook 16387 acknowledged
2026-03-14T16:09:15Z,postgres,INFO,replication lag 18ms
2026-03-14T16:09:17Z,auth,INFO,logout for session 34908
2026-03-14T16:09:27Z,auth,INFO,login succeeded in 168ms
2026-03-14T16:09:42Z,auth,INFO,session 12945 refreshed
2026-03-14T16:09:46Z,checkout,INFO,session 5785 started
2026-03-14T16:10:00Z,search,ERROR,"upstream 429, backing off 1s"
2026-03-14T16:10:04Z,orders,INFO,order 40484 invoiced
2026-03-14T16:10:06Z,postgres,INFO,"checkpoint complete, 8367 buffers written"
2026-03-14T16:10:06Z,search,ERROR,"upstream 429, backing off 2s"
2026-03-14T16:10:12Z,search,ERROR,"upstream 429, backing off 4s"
2026-03-14T16:10:18Z,search,ERROR,"upstream 429, backing off 8s"
2026-03-14T16:10:20Z,billing,INFO,invoice 5688 rendered in 296ms
2026-03-14T16:10:24Z,search,INFO,query 91749 served in 19ms
2026-03-14T16:10:24Z,search,ERROR,"upstream 429, backing off 16s"
2026-03-14T16:10:30Z,search,ERROR,"upstream 429, backing off 32s"
2026-03-14T16:10:32Z,checkout,INFO,cart 66342 converted in 240ms
2026-03-14T16:10:36Z,search,ERROR,"upstream 429, backing off 32s"
2026-03-14T16:10:42Z,search,ERROR,"upstream 429, backing off 32s"
2026-03-14T16:10:47Z,auth,INFO,token issued for session 16995
2026-03-14T16:10:48Z,search,ERROR,"upstream 429, backing off 32s"
2026-03-14T16:10:51Z,billing,INFO,credit note 29231 issued
2026-03-14T16:10:54Z,billing,INFO,credit note 36306 issued
2026-03-14T16:10:54Z,search,ERROR,"upstream 429, backing off 32s"
2026-03-14T16:10:59Z,payments,INFO,refund 68265 completed
2026-03-14T16:11:00Z,auth,INFO,session 24909 refreshed
2026-03-14T16:11:00Z,search,ERROR,"upstream 429, backing off 32s"
2026-03-14T16:11:06Z,search,ERROR,"upstream 429, backing off 32s"
2026-03-14T16:11:12Z,search,ERROR,"upstream 429, backing off 32s"
2026-03-14T16:11:13Z,checkout,INFO,session 69840 started
2026-03-14T16:11:18Z,search,ERROR,"upstream 429, backing off 32s"
2026-03-14T16:11:21Z,checkout,INFO,session 76623 started
2026-03-14T16:11:24Z,search,ERROR,"upstream 429, backing off 32s"
2026-03-14T16:11:30Z,search,ERROR,"upstream 429, backing off 32s"
2026-03-14T16:11:36Z,search,ERROR,"upstream 429, backing off 32s"
2026-03-14T16:11:37Z,search,INFO,query 61745 served in 279ms
2026-03-14T16:11:38Z,billing,INFO,credit note 12758 issued
2026-03-14T16:11:42Z,search,ERROR,"upstream 429, backing off 32s"
2026-03-14T16:11:44Z,orders,INFO,order 39098 accepted
2026-03-14T16:11:48Z,search,ERROR,"upstream 429, backing off 32s"
2026-03-14T16:11:49Z,orders,INFO,order 31391 invoiced
2026-03-14T16:11:54Z,search,ERROR,"upstream 429, backing off 32s"
2026-03-14T16:12:00Z,auth,INFO,logout for session 51508
2026-03-14T16:12:00Z,search,ERROR,"upstream 429, backing off 32s"
2026-03-14T16:12:06Z,billing,INFO,subscription 73673 renewed
2026-03-14T16:12:06Z,search,ERROR,"upstream 429, backing off 32s"
2026-03-14T16:12:12Z,search,ERROR,"upstream 429, backing off 32s"
2026-03-14T16:12:18Z,search,ERROR,"upstream 429, backing off 32s"
2026-03-14T16:12:19Z,postgres,INFO,replication lag 155ms
2026-03-14T16:12:23Z,auth,INFO,login succeeded in 63ms
2026-03-14T16:12:24Z,postgres,INFO,connection 67460 authorised
2026-03-14T16:12:24Z,search,ERROR,"upstream 429, backing off 32s"
2026-03-14T16:12:30Z,search,ERROR,"upstream 429, backing off 32s"
2026-03-14T16:12:32Z,orders,INFO,order 6315 dispatched in 106ms
2026-03-14T16:12:36Z,search,ERROR,"upstream 429, backing off 32s"
2026-03-14T16:12:38Z,checkout,INFO,session 74104 started
2026-03-14T16:12:40Z,billing,INFO,subscription 28855 renewed
2026-03-14T16:12:42Z,search,ERROR,"upstream 429, backing off 32s"
2026-03-14T16:12:47Z,postgres,INFO,autovacuum finished on table 48947
2026-03-14T16:12:48Z,search,ERROR,"upstream 429, backing off 32s"
2026-03-14T16:12:50Z,payments,INFO,webhook 80532 acknowledged
2026-03-14T16:12:53Z,auth,INFO,token issued for session 90132
2026-03-14T16:12:54Z,search,ERROR,"upstream 429, backing off 32s"
2026-03-14T16:13:00Z,search,ERROR,"upstream 429, backing off 32s"
2026-03-14T16:13:02Z,checkout,INFO,session 45070 started
2026-03-14T16:13:06Z,search,ERROR,"upstream 429, backing off 32s"
2026-03-14T16:13:12Z,search,ERROR,"upstream 429, backing off 32s"
2026-03-14T16:13:15Z,orders,INFO,order 21946 invoiced
2026-03-14T16:13:15Z,postgres,INFO,"checkpoint complete, 3863 buffers written"
2026-03-14T16:13:18Z,search,ERROR,"upstream 429, backing off 32s"
2026-03-14T16:13:22Z,search,INFO,query 51798 served in 200ms
2026-03-14T16:13:24Z,search,ERROR,"upstream 429, backing off 32s"
2026-03-14T16:13:30Z,search,ERROR,"upstream 429, backing off 32s"
2026-03-14T16:13:31Z,payments,INFO,settlement batch 78661 queued
2026-03-14T16:13:31Z,search,INFO,query 37674 served in 308ms
2026-03-14T16:13:36Z,search,ERROR,"upstream 429, backing off 32s"
2026-03-14T16:13:40Z,payments,INFO,settlement batch 87087 queued
2026-03-14T16:13:42Z,auth,INFO,login succeeded in 307ms
2026-03-14T16:13:42Z,auth,INFO,token issued for session 53171
2026-03-14T16:13:42Z,search,ERROR,"upstream 429, backing off 32s"
2026-03-14T16:13:48Z,search,ERROR,"upstream 429, backing off 32s"
2026-03-14T16:13:54Z,search,ERROR,"upstream 429, backing off 32s"
2026-03-14T16:13:57Z,checkout,INFO,cart 32794 abandoned after 64ms
2026-03-14T16:13:57Z,orders,INFO,inventory check 77655 passed
2026-03-14T16:14:00Z,checkout,INFO,session 10369 started
2026-03-14T16:14:00Z,search,ERROR,"upstream 429, backing off 32s"
2026-03-14T16:14:06Z,search,ERROR,"upstream 429, backing off 32s"
2026-03-14T16:14:08Z,payments,INFO,refund 27380 completed
2026-03-14T16:14:12Z,checkout,INFO,session 68689 started
2026-03-14T16:14:12Z,search,ERROR,"upstream 429, backing off 32s"
2026-03-14T16:14:18Z,search,ERROR,"upstream 429, backing off 32s"
2026-03-14T16:14:24Z,search,ERROR,"upstream 429, backing off 32s"
2026-03-14T16:14:30Z,search,ERROR,"upstream 429, backing off 32s"
2026-03-14T16:14:36Z,search,ERROR,"upstream 429, backing off 32s"
2026-03-14T16:14:42Z,search,ERROR,"upstream 429, backing off 32s"
2026-03-14T16:14:45Z,billing,INFO,dunning run 26628 complete
2026-03-14T16:14:48Z,search,INFO,index segment 14923 merged
2026-03-14T16:14:50Z,auth,INFO,session 22403 refreshed
2026-03-14T16:14:53Z,payments,INFO,settlement batch 96887 queued
2026-03-14T16:14:59Z,checkout,INFO,cart 28018 abandoned after 49ms
2026-03-14T16:15:00Z,auth,INFO,login succeeded in 144ms
2026-03-14T16:15:00Z,search,ERROR,"upstream 429, backing off 1s"
2026-03-14T16:15:01Z,search,INFO,query 78585 served in 28ms
2026-03-14T16:15:06Z,search,ERROR,"upstream 429, backing off 2s"
2026-03-14T16:15:11Z,payments,INFO,charge 48806 authorised in 181ms
2026-03-14T16:15:12Z,orders,INFO,order 45786 accepted
2026-03-14T16:15:12Z,search,ERROR,"upstream 429, backing off 4s"
2026-03-14T16:15:18Z,search,ERROR,"upstream 429, backing off 8s"
2026-03-14T16:15:19Z,checkout,INFO,cart 46447 converted in 10ms
2026-03-14T16:15:21Z,checkout,INFO,session 23154 started
2026-03-14T16:15:24Z,search,ERROR,"upstream 429, backing off 16s"
2026-03-14T16:15:26Z,auth,INFO,login succeeded in 130ms
2026-03-14T16:15:30Z,search,ERROR,"upstream 429, backing off 32s"
2026-03-14T16:15:35Z,postgres,INFO,connection 2244 authorised
2026-03-14T16:15:36Z,search,ERROR,"upstream 429, backing off 32s"
2026-03-14T16:15:42Z,search,ERROR,"upstream 429, backing off 32s"
2026-03-14T16:15:43Z,billing,INFO,invoice 63195 rendered in 62ms
2026-03-14T16:15:48Z,search,ERROR,"upstream 429, backing off 32s"
2026-03-14T16:15:54Z,search,ERROR,"upstream 429, backing off 32s"
2026-03-14T16:16:00Z,search,ERROR,"upstream 429, backing off 32s"
2026-03-14T16:16:03Z,checkout,INFO,cart 41178 abandoned after 142ms
2026-03-14T16:16:06Z,search,ERROR,"upstream 429, backing off 32s"
2026-03-14T16:16:12Z,search,ERROR,"upstream 429, backing off 32s"
2026-03-14T16:16:16Z,orders,INFO,order 14795 accepted
2026-03-14T16:16:17Z,payments,INFO,charge 65258 authorised in 50ms
2026-03-14T16:16:18Z,search,ERROR,"upstream 429, backing off 32s"
2026-03-14T16:16:19Z,postgres,INFO,"checkpoint complete, 52370 buffers written"
2026-03-14T16:16:20Z,payments,INFO,settlement batch 29368 queued
2026-03-14T16:16:23Z,billing,INFO,subscription 14055 renewed
2026-03-14T16:16:24Z,postgres,INFO,"checkpoint complete, 75625 buffers written"
2026-03-14T16:16:24Z,search,ERROR,"upstream 429, backing off 32s"
2026-03-14T16:16:29Z,payments,INFO,settlement batch 78784 queued
2026-03-14T16:16:30Z,billing,INFO,dunning run 8614 complete
2026-03-14T16:16:30Z,search,ERROR,"upstream 429, backing off 32s"
2026-03-14T16:16:34Z,auth,INFO,session 10421 refreshed
2026-03-14T16:16:34Z,payments,INFO,refund 65935 completed
2026-03-14T16:16:34Z,search,INFO,query 98026 served in 221ms
2026-03-14T16:16:36Z,search,ERROR,"upstream 429, backing off 32s"
2026-03-14T16:16:42Z,auth,INFO,token issued for session 9507
2026-03-14T16:16:42Z,search,ERROR,"upstream 429, backing off 32s"
2026-03-14T16:16:48Z,search,ERROR,"upstream 429, backing off 32s"
2026-03-14T16:16:53Z,payments,INFO,settlement batch 44325 queued
2026-03-14T16:16:54Z,postgres,INFO,replication lag 320ms
2026-03-14T16:16:54Z,search,ERROR,"upstream 429, backing off 32s"
2026-03-14T16:17:00Z,search,ERROR,"upstream 429, backing off 32s"
2026-03-14T16:17:02Z,billing,INFO,credit note 31112 issued
2026-03-14T16:17:04Z,payments,INFO,webhook 17528 acknowledged
2026-03-14T16:17:06Z,search,ERROR,"upstream 429, backing off 32s"
2026-03-14T16:17:12Z,search,ERROR,"upstream 429, backing off 32s"
2026-03-14T16:17:18Z,search,ERROR,"upstream 429, backing off 32s"
2026-03-14T16:17:24Z,checkout,INFO,payment intent 11633 created
2026-03-14T16:17:24Z,search,ERROR,"upstream 429, backing off 32s"
2026-03-14T16:17:30Z,search,ERROR,"upstream 429, backing off 32s"
2026-03-14T16:17:36Z,search,ERROR,"upstream 429, backing off 32s"
2026-03-14T16:17:37Z,billing,INFO,subscription 80549 renewed
2026-03-14T16:17:37Z,postgres,INFO,connection 18444 authorised
2026-03-14T16:17:39Z,checkout,INFO,cart 29658 converted in 244ms
2026-03-14T16:17:42Z,search,ERROR,"upstream 429, backing off 32s"
2026-03-14T16:17:46Z,orders,INFO,order 8100 invoiced
2026-03-14T16:17:48Z,auth,INFO,token issued for session 35657
2026-03-14T16:17:48Z,search,ERROR,"upstream 429, backing off 32s"
2026-03-14T16:17:54Z,search,ERROR,"upstream 429, backing off 32s"
2026-03-14T16:18:00Z,search,ERROR,"upstream 429, backing off 32s"
2026-03-14T16:18:06Z,search,ERROR,"upstream 429, backing off 32s"
2026-03-14T16:18:12Z,search,ERROR,"upstream 429, backing off 32s"
2026-03-14T16:18:17Z,search,INFO,query 51478 served in 63ms
2026-03-14T16:18:18Z,search,ERROR,"upstream 429, backing off 32s"
2026-03-14T16:18:23Z,payments,INFO,charge 18714 authorised in 24ms
2026-03-14T16:18:24Z,payments,WARN,"retrying webhook 70901, attempt 2"
2026-03-14T16:18:24Z,search,ERROR,"upstream 429, backing off 32s"
2026-03-14T16:18:27Z,billing,INFO,dunning run 8579 complete
2026-03-14T16:18:30Z,postgres,INFO,connection 67629 authorised
2026-03-14T16:18:30Z,search,INFO,query 11742 served in 134ms
2026-03-14T16:18:30Z,search,ERROR,"upstream 429, backing off 32s"
2026-03-14T16:18:32Z,payments,INFO,refund 66415 completed
2026-03-14T16:18:32Z,postgres,INFO,replication lag 209ms
2026-03-14T16:18:36Z,search,ERROR,"upstream 429, backing off 32s"
2026-03-14T16:18:39Z,postgres,INFO,replication lag 216ms
2026-03-14T16:18:40Z,search,INFO,"suggest cache warm, 95317 entries"
2026-03-14T16:18:42Z,search,ERROR,"upstream 429, backing off 32s"
2026-03-14T16:18:48Z,search,ERROR,"upstream 429, backing off 32s"
2026-03-14T16:18:54Z,postgres,INFO,"checkpoint complete, 50665 buffers written"
2026-03-14T16:18:54Z,search,ERROR,"upstream 429, backing off 32s"
2026-03-14T16:18:58Z,orders,INFO,order 4404 dispatched in 143ms
2026-03-14T16:18:59Z,auth,INFO,login succeeded in 152ms
2026-03-14T16:19:00Z,search,INFO,"recovered after 96 attempts, upstream healthy"
2026-03-14T16:19:00Z,search,ERROR,"upstream 429, backing off 32s"
2026-03-14T16:19:01Z,checkout,INFO,payment intent 96253 created
2026-03-14T16:19:01Z,search,INFO,index segment 74248 merged
2026-03-14T16:19:03Z,checkout,INFO,cart 85678 abandoned after 227ms
2026-03-14T16:19:06Z,billing,INFO,credit note 44493 issued
2026-03-14T16:19:06Z,search,ERROR,"upstream 429, backing off 32s"
2026-03-14T16:19:10Z,checkout,INFO,cart 59696 abandoned after 112ms
2026-03-14T16:19:12Z,search,ERROR,"upstream 429, backing off 32s"
2026-03-14T16:19:13Z,search,INFO,query 18336 served in 223ms
2026-03-14T16:19:18Z,search,ERROR,"upstream 429, backing off 32s"
2026-03-14T16:19:20Z,auth,INFO,session 4801 refreshed
2026-03-14T16:19:20Z,billing,INFO,credit note 79543 issued
2026-03-14T16:19:24Z,search,ERROR,"upstream 429, backing off 32s"
2026-03-14T16:19:27Z,orders,INFO,order 34781 accepted
2026-03-14T16:19:30Z,search,ERROR,"upstream 429, backing off 32s"
2026-03-14T16:19:34Z,billing,INFO,invoice 70402 rendered in 280ms
2026-03-14T16:19:36Z,search,ERROR,"upstream 429, backing off 32s"
2026-03-14T16:19:42Z,search,ERROR,"upstream 429, backing off 32s"
2026-03-14T16:19:53Z,checkout,INFO,cart 99096 converted in 93ms
2026-03-14T16:20:05Z,search,INFO,query 8713 served in 64ms
2026-03-14T16:20:09Z,search,INFO,query 80116 served in 284ms
2026-03-14T16:20:12Z,billing,INFO,credit note 83575 issued
2026-03-14T16:20:30Z,auth,INFO,logout for session 64761
2026-03-14T16:20:35Z,billing,INFO,invoice 98946 rendered in 282ms
2026-03-14T16:20:38Z,orders,INFO,inventory check 46910 passed
2026-03-14T16:20:44Z,search,INFO,query 44878 served in 140ms
2026-03-14T16:20:48Z,payments,INFO,settlement batch 15842 queued
2026-03-14T16:21:02Z,orders,INFO,inventory check 26097 passed
2026-03-14T16:21:13Z,auth,INFO,token issued for session 92288
2026-03-14T16:21:36Z,checkout,INFO,cart 37127 converted in 319ms
2026-03-14T16:21:41Z,orders,INFO,order 18494 invoiced
2026-03-14T16:21:44Z,postgres,INFO,replication lag 170ms
2026-03-14T16:21:45Z,checkout,INFO,cart 60877 converted in 169ms
2026-03-14T16:21:55Z,deploy,INFO,pipeline 39918 green
2026-03-14T16:21:55Z,search,INFO,"suggest cache warm, 45077 entries"
2026-03-14T16:21:56Z,checkout,INFO,session 5218 started
2026-03-14T16:21:57Z,postgres,INFO,"checkpoint complete, 61592 buffers written"
2026-03-14T16:21:58Z,search,INFO,"suggest cache warm, 91014 entries"
2026-03-14T16:22:03Z,payments,INFO,webhook 42676 acknowledged
2026-03-14T16:22:06Z,search,INFO,query 75283 served in 15ms
2026-03-14T16:22:24Z,payments,INFO,refund 47738 completed
2026-03-14T16:22:25Z,billing,INFO,subscription 24705 renewed
2026-03-14T16:22:27Z,checkout,INFO,cart 59530 abandoned after 204ms
2026-03-14T16:22:33Z,checkout,INFO,cart 5540 abandoned after 188ms
2026-03-14T16:22:36Z,search,INFO,query 31023 served in 5ms
2026-03-14T16:22:46Z,payments,INFO,charge 76699 authorised in 136ms
2026-03-14T16:22:50Z,search,INFO,query 46135 served in 38ms
2026-03-14T16:23:01Z,payments,INFO,refund 6145 completed
2026-03-14T16:23:04Z,search,INFO,index segment 98905 merged
2026-03-14T16:23:05Z,payments,INFO,refund 44435 completed
2026-03-14T16:23:09Z,orders,INFO,order 70842 invoiced
2026-03-14T16:23:55Z,postgres,INFO,autovacuum finished on table 74139
2026-03-14T16:24:01Z,orders,INFO,order 46325 dispatched in 141ms
2026-03-14T16:24:15Z,auth,INFO,token issued for session 59352
2026-03-14T16:24:22Z,billing,INFO,subscription 15661 renewed
2026-03-14T16:24:27Z,postgres,INFO,replication lag 303ms
2026-03-14T16:24:28Z,auth,INFO,token issued for session 29983
2026-03-14T16:24:33Z,postgres,INFO,autovacuum finished on table 73038
2026-03-14T16:24:39Z,postgres,INFO,replication lag 306ms
2026-03-14T16:24:40Z,postgres,INFO,replication lag 208ms
2026-03-14T16:24:42Z,billing,INFO,dunning run 71803 complete
2026-03-14T16:24:42Z,billing,INFO,invoice 5850 rendered in 38ms
2026-03-14T16:24:45Z,auth,INFO,login succeeded in 23ms
2026-03-14T16:25:00Z,checkout,ERROR,healthz timeout after 2000ms
2026-03-14T16:25:06Z,checkout,ERROR,healthz timeout after 2000ms
2026-03-14T16:25:12Z,checkout,ERROR,healthz timeout after 2000ms
2026-03-14T16:25:18Z,checkout,ERROR,healthz timeout after 2000ms
2026-03-14T16:25:22Z,checkout,INFO,payment intent 7543 created
2026-03-14T16:25:24Z,checkout,ERROR,healthz timeout after 2000ms
2026-03-14T16:25:24Z,postgres,INFO,connection 10890 authorised
2026-03-14T16:25:28Z,auth,INFO,login succeeded in 109ms
2026-03-14T16:25:30Z,checkout,ERROR,healthz timeout after 2000ms
2026-03-14T16:25:30Z,postgres,INFO,replication lag 110ms
2026-03-14T16:25:33Z,billing,INFO,subscription 67651 renewed
2026-03-14T16:25:36Z,checkout,ERROR,healthz timeout after 2000ms
2026-03-14T16:25:36Z,checkout,INFO,session 94348 started
2026-03-14T16:25:42Z,checkout,ERROR,healthz timeout after 2000ms
2026-03-14T16:25:42Z,postgres,INFO,"checkpoint complete, 89976 buffers written"
2026-03-14T16:25:47Z,billing,INFO,dunning run 86077 complete
2026-03-14T16:25:48Z,checkout,ERROR,healthz timeout after 2000ms
2026-03-14T16:25:53Z,checkout,INFO,cart 10564 converted in 267ms
2026-03-14T16:25:54Z,checkout,ERROR,healthz timeout after 2000ms
2026-03-14T16:25:54Z,search,INFO,query 12580 served in 201ms
2026-03-14T16:26:00Z,checkout,ERROR,healthz timeout after 2000ms
2026-03-14T16:26:01Z,billing,INFO,credit note 32529 issued
2026-03-14T16:26:02Z,orders,INFO,inventory check 42953 passed
2026-03-14T16:26:06Z,checkout,ERROR,healthz timeout after 2000ms
2026-03-14T16:26:08Z,orders,INFO,order 17264 dispatched in 223ms
2026-03-14T16:26:11Z,payments,INFO,settlement batch 23698 queued
2026-03-14T16:26:12Z,checkout,ERROR,healthz timeout after 2000ms
2026-03-14T16:26:18Z,checkout,ERROR,healthz timeout after 2000ms
2026-03-14T16:26:18Z,checkout,INFO,session 28361 started
2026-03-14T16:26:22Z,auth,INFO,token issued for session 98194
2026-03-14T16:26:24Z,checkout,ERROR,healthz timeout after 2000ms
2026-03-14T16:26:30Z,checkout,ERROR,healthz timeout after 2000ms
2026-03-14T16:26:32Z,checkout,INFO,payment intent 88232 created
2026-03-14T16:26:36Z,checkout,ERROR,healthz timeout after 2000ms
2026-03-14T16:26:37Z,orders,INFO,inventory check 18402 passed
2026-03-14T16:26:39Z,auth,INFO,login succeeded in 273ms
2026-03-14T16:26:42Z,checkout,ERROR,healthz timeout after 2000ms
2026-03-14T16:26:46Z,billing,INFO,credit note 83278 issued
2026-03-14T16:26:48Z,checkout,ERROR,healthz timeout after 2000ms
2026-03-14T16:26:54Z,checkout,ERROR,healthz timeout after 2000ms
2026-03-14T16:27:00Z,checkout,ERROR,healthz timeout after 2000ms
2026-03-14T16:27:06Z,checkout,ERROR,healthz timeout after 2000ms
2026-03-14T16:27:12Z,checkout,ERROR,healthz timeout after 2000ms
2026-03-14T16:27:16Z,checkout,INFO,payment intent 76889 created
2026-03-14T16:27:18Z,checkout,ERROR,healthz timeout after 2000ms
2026-03-14T16:27:22Z,billing,INFO,credit note 95589 issued
2026-03-14T16:27:24Z,auth,INFO,session 31815 refreshed
2026-03-14T16:27:24Z,checkout,ERROR,healthz timeout after 2000ms
2026-03-14T16:27:25Z,postgres,INFO,connection 97563 authorised
2026-03-14T16:27:27Z,search,INFO,query 45988 served in 212ms
2026-03-14T16:27:30Z,checkout,ERROR,healthz timeout after 2000ms
2026-03-14T16:27:35Z,search,INFO,index segment 72872 merged
2026-03-14T16:27:36Z,checkout,ERROR,healthz timeout after 2000ms
2026-03-14T16:27:36Z,payments,INFO,charge 18852 authorised in 285ms
2026-03-14T16:27:42Z,checkout,ERROR,healthz timeout after 2000ms
2026-03-14T16:27:44Z,orders,INFO,order 59641 dispatched in 5ms
2026-03-14T16:27:48Z,checkout,ERROR,healthz timeout after 2000ms
2026-03-14T16:27:50Z,billing,INFO,invoice 18549 rendered in 236ms
2026-03-14T16:27:54Z,checkout,ERROR,healthz timeout after 2000ms
2026-03-14T16:28:00Z,checkout,ERROR,healthz timeout after 2000ms
2026-03-14T16:28:01Z,checkout,INFO,payment intent 91592 created
2026-03-14T16:28:02Z,payments,INFO,settlement batch 94930 queued
2026-03-14T16:28:04Z,orders,INFO,order 24738 dispatched in 86ms
2026-03-14T16:28:06Z,checkout,ERROR,healthz timeout after 2000ms
2026-03-14T16:28:08Z,billing,INFO,invoice 82450 rendered in 217ms
2026-03-14T16:28:09Z,auth,INFO,token issued for session 39569
2026-03-14T16:28:12Z,checkout,ERROR,healthz timeout after 2000ms
2026-03-14T16:28:12Z,postgres,INFO,autovacuum finished on table 77218
2026-03-14T16:28:14Z,auth,INFO,logout for session 86574
2026-03-14T16:28:15Z,orders,INFO,order 85253 accepted
2026-03-14T16:28:18Z,checkout,ERROR,healthz timeout after 2000ms
2026-03-14T16:28:24Z,checkout,ERROR,healthz timeout after 2000ms
2026-03-14T16:28:30Z,checkout,ERROR,healthz timeout after 2000ms
2026-03-14T16:28:30Z,search,INFO,"suggest cache warm, 68896 entries"
2026-03-14T16:28:32Z,checkout,INFO,cart 22841 converted in 76ms
2026-03-14T16:28:36Z,checkout,ERROR,healthz timeout after 2000ms
2026-03-14T16:28:37Z,orders,INFO,inventory check 27966 passed
2026-03-14T16:28:40Z,checkout,INFO,payment intent 91598 created
2026-03-14T16:28:42Z,checkout,ERROR,healthz timeout after 2000ms
2026-03-14T16:28:44Z,payments,INFO,webhook 55058 acknowledged
2026-03-14T16:28:44Z,search,INFO,query 80743 served in 176ms
2026-03-14T16:28:48Z,checkout,ERROR,healthz timeout after 2000ms
2026-03-14T16:28:54Z,checkout,ERROR,healthz timeout after 2000ms
2026-03-14T16:28:58Z,postgres,INFO,"checkpoint complete, 96345 buffers written"
2026-03-14T16:28:59Z,postgres,INFO,"checkpoint complete, 16007 buffers written"
2026-03-14T16:29:00Z,checkout,ERROR,healthz timeout after 2000ms
2026-03-14T16:29:06Z,checkout,ERROR,healthz timeout after 2000ms
2026-03-14T16:29:12Z,checkout,ERROR,healthz timeout after 2000ms
2026-03-14T16:29:13Z,auth,INFO,login succeeded in 320ms
2026-03-14T16:29:14Z,billing,INFO,invoice 38859 rendered in 309ms
2026-03-14T16:29:15Z,payments,INFO,charge 82135 authorised in 70ms
2026-03-14T16:29:18Z,checkout,ERROR,healthz timeout after 2000ms
2026-03-14T16:29:24Z,checkout,ERROR,healthz timeout after 2000ms
2026-03-14T16:29:26Z,billing,INFO,dunning run 43605 complete
2026-03-14T16:29:30Z,checkout,ERROR,healthz timeout after 2000ms
2026-03-14T16:29:35Z,postgres,INFO,connection 32680 authorised
2026-03-14T16:29:36Z,auth,INFO,token issued for session 23750
2026-03-14T16:29:36Z,checkout,ERROR,healthz timeout after 2000ms
2026-03-14T16:29:50Z,postgres,INFO,"checkpoint complete, 76410 buffers written"
2026-03-14T16:29:56Z,search,INFO,query 52974 served in 60ms
2026-03-14T16:30:02Z,billing,INFO,credit note 88450 issued
2026-03-14T16:30:10Z,payments,INFO,webhook 6521 acknowledged
2026-03-14T16:30:13Z,billing,INFO,dunning run 61744 complete
2026-03-14T16:30:16Z,checkout,INFO,payment intent 51911 created
2026-03-14T16:30:16Z,postgres,INFO,autovacuum finished on table 35666
2026-03-14T16:30:20Z,search,INFO,index segment 34130 merged
2026-03-14T16:30:25Z,billing,INFO,dunning run 89451 complete
2026-03-14T16:30:27Z,orders,INFO,inventory check 37794 passed
2026-03-14T16:30:27Z,payments,INFO,webhook 60381 acknowledged
2026-03-14T16:30:35Z,postgres,INFO,replication lag 225ms
2026-03-14T16:30:41Z,orders,INFO,order 34077 dispatched in 77ms
2026-03-14T16:30:42Z,billing,INFO,invoice 59688 rendered in 17ms
2026-03-14T16:30:44Z,auth,INFO,logout for session 94144
2026-03-14T16:30:51Z,payments,INFO,webhook 15592 acknowledged
2026-03-14T16:30:58Z,orders,INFO,order 51500 invoiced
2026-03-14T16:31:02Z,postgres,INFO,"checkpoint complete, 77617 buffers written"
2026-03-14T16:31:21Z,auth,INFO,logout for session 42153
2026-03-14T16:31:30Z,search,INFO,query 34275 served in 292ms
2026-03-14T16:31:31Z,postgres,INFO,connection 1019 authorised
2026-03-14T16:31:33Z,auth,INFO,session 13874 refreshed
2026-03-14T16:31:37Z,auth,INFO,session 72601 refreshed
2026-03-14T16:31:37Z,payments,INFO,settlement batch 82385 queued
2026-03-14T16:31:41Z,auth,INFO,login succeeded in 126ms
2026-03-14T16:31:47Z,checkout,INFO,cart 12197 abandoned after 108ms
2026-03-14T16:31:53Z,orders,INFO,order 35863 dispatched in 184ms
2026-03-14T16:31:57Z,billing,INFO,subscription 78136 renewed
2026-03-14T16:32:13Z,checkout,INFO,cart 64174 converted in 19ms
2026-03-14T16:32:35Z,postgres,INFO,replication lag 241ms
2026-03-14T16:32:44Z,orders,INFO,inventory check 59507 passed
2026-03-14T16:32:46Z,billing,INFO,dunning run 19766 complete
2026-03-14T16:32:46Z,payments,INFO,charge 15198 authorised in 15ms
2026-03-14T16:32:58Z,checkout,INFO,cart 28048 abandoned after 95ms
2026-03-14T16:33:02Z,postgres,INFO,replication lag 72ms
2026-03-14T16:33:02Z,search,INFO,query 26439 served in 114ms
2026-03-14T16:33:04Z,auth,INFO,login succeeded in 115ms
2026-03-14T16:33:04Z,postgres,INFO,replication lag 219ms
2026-03-14T16:33:11Z,checkout,INFO,cart 9633 abandoned after 117ms
2026-03-14T16:33:15Z,billing,INFO,credit note 46431 issued
2026-03-14T16:33:16Z,auth,INFO,session 65847 refreshed
2026-03-14T16:33:28Z,checkout,INFO,cart 34713 abandoned after 66ms
2026-03-14T16:33:44Z,payments,INFO,webhook 94834 acknowledged
2026-03-14T16:33:47Z,checkout,INFO,cart 76013 converted in 115ms
2026-03-14T16:33:57Z,auth,INFO,logout for session 49127
2026-03-14T16:33:58Z,billing,INFO,dunning run 35308 complete
2026-03-14T16:34:14Z,orders,INFO,order 81520 invoiced
2026-03-14T16:34:17Z,deploy,INFO,artefact 49999 published
2026-03-14T16:34:19Z,search,INFO,index segment 33282 merged
2026-03-14T16:34:21Z,postgres,INFO,replication lag 172ms
2026-03-14T16:34:27Z,search,INFO,query 32244 served in 37ms
2026-03-14T16:34:41Z,orders,INFO,inventory check 30862 passed
2026-03-14T16:34:46Z,billing,INFO,dunning run 83307 complete
2026-03-14T16:34:51Z,checkout,INFO,session 41390 started
2026-03-14T16:34:55Z,deploy,INFO,pipeline 74152 green
2026-03-14T16:35:00Z,checkout,ERROR,healthz timeout after 2000ms
2026-03-14T16:35:06Z,checkout,ERROR,healthz timeout after 2000ms
2026-03-14T16:35:09Z,auth,INFO,token issued for session 24418
2026-03-14T16:35:10Z,payments,INFO,webhook 29655 acknowledged
2026-03-14T16:35:12Z,checkout,ERROR,healthz timeout after 2000ms
2026-03-14T16:35:18Z,checkout,INFO,cart 79461 abandoned after 76ms
2026-03-14T16:35:18Z,checkout,ERROR,healthz timeout after 2000ms
2026-03-14T16:35:24Z,checkout,ERROR,healthz timeout after 2000ms
2026-03-14T16:35:30Z,checkout,ERROR,healthz timeout after 2000ms
2026-03-14T16:35:36Z,checkout,ERROR,healthz timeout after 2000ms
2026-03-14T16:35:41Z,deploy,INFO,artefact 80740 published
2026-03-14T16:35:42Z,checkout,ERROR,healthz timeout after 2000ms
2026-03-14T16:35:48Z,checkout,ERROR,healthz timeout after 2000ms
2026-03-14T16:35:53Z,payments,INFO,webhook 68283 acknowledged
2026-03-14T16:35:54Z,checkout,ERROR,healthz timeout after 2000ms
2026-03-14T16:35:55Z,billing,INFO,invoice 80259 rendered in 153ms
2026-03-14T16:36:00Z,checkout,ERROR,healthz timeout after 2000ms
2026-03-14T16:36:01Z,search,INFO,query 13574 served in 75ms
2026-03-14T16:36:03Z,postgres,INFO,autovacuum finished on table 82975
2026-03-14T16:36:06Z,checkout,ERROR,healthz timeout after 2000ms
2026-03-14T16:36:09Z,search,INFO,"suggest cache warm, 66640 entries"
2026-03-14T16:36:10Z,auth,INFO,logout for session 88863
2026-03-14T16:36:12Z,checkout,ERROR,healthz timeout after 2000ms
2026-03-14T16:36:14Z,orders,INFO,order 4118 invoiced
2026-03-14T16:36:14Z,orders,INFO,order 91595 dispatched in 87ms
2026-03-14T16:36:16Z,auth,INFO,login succeeded in 176ms
2026-03-14T16:36:16Z,payments,INFO,charge 38385 authorised in 75ms
2026-03-14T16:36:18Z,checkout,ERROR,healthz timeout after 2000ms
2026-03-14T16:36:20Z,orders,INFO,order 12310 dispatched in 122ms
2026-03-14T16:36:23Z,payments,INFO,charge 70168 authorised in 138ms
2026-03-14T16:36:24Z,checkout,ERROR,healthz timeout after 2000ms
2026-03-14T16:36:29Z,payments,INFO,webhook 51942 acknowledged
2026-03-14T16:36:30Z,checkout,ERROR,healthz timeout after 2000ms
2026-03-14T16:36:30Z,orders,INFO,inventory check 2137 passed
2026-03-14T16:36:34Z,postgres,INFO,replication lag 106ms
2026-03-14T16:36:34Z,search,INFO,query 69403 served in 284ms
2026-03-14T16:36:36Z,checkout,ERROR,healthz timeout after 2000ms
2026-03-14T16:36:39Z,postgres,INFO,autovacuum finished on table 60003
2026-03-14T16:36:42Z,checkout,ERROR,healthz timeout after 2000ms
2026-03-14T16:36:48Z,checkout,ERROR,healthz timeout after 2000ms
2026-03-14T16:36:54Z,checkout,ERROR,healthz timeout after 2000ms
2026-03-14T16:36:57Z,payments,INFO,charge 66699 authorised in 48ms
2026-03-14T16:37:00Z,checkout,ERROR,healthz timeout after 2000ms
2026-03-14T16:37:06Z,checkout,ERROR,healthz timeout after 2000ms
2026-03-14T16:37:10Z,orders,INFO,order 91534 accepted
2026-03-14T16:37:12Z,checkout,ERROR,healthz timeout after 2000ms
2026-03-14T16:37:13Z,orders,INFO,order 39122 dispatched in 57ms
2026-03-14T16:37:16Z,billing,INFO,credit note 16417 issued
2026-03-14T16:37:17Z,billing,INFO,dunning run 13326 complete
2026-03-14T16:37:18Z,checkout,ERROR,healthz timeout after 2000ms
2026-03-14T16:37:24Z,checkout,ERROR,healthz timeout after 2000ms
2026-03-14T16:37:30Z,checkout,ERROR,healthz timeout after 2000ms
2026-03-14T16:37:36Z,billing,INFO,subscription 76695 renewed
2026-03-14T16:37:36Z,checkout,ERROR,healthz timeout after 2000ms
2026-03-14T16:37:42Z,checkout,ERROR,healthz timeout after 2000ms
2026-03-14T16:37:48Z,checkout,ERROR,healthz timeout after 2000ms
2026-03-14T16:37:54Z,checkout,ERROR,healthz timeout after 2000ms
2026-03-14T16:37:57Z,checkout,WARN,"slow downstream call to search, 1014ms"
2026-03-14T16:38:00Z,checkout,ERROR,healthz timeout after 2000ms
2026-03-14T16:38:06Z,checkout,ERROR,healthz timeout after 2000ms
2026-03-14T16:38:06Z,search,INFO,query 82722 served in 152ms
2026-03-14T16:38:11Z,checkout,INFO,payment intent 47886 created
2026-03-14T16:38:12Z,checkout,INFO,cart 8719 abandoned after 159ms
2026-03-14T16:38:12Z,checkout,ERROR,healthz timeout after 2000ms
2026-03-14T16:38:17Z,checkout,INFO,cart 78348 converted in 282ms
2026-03-14T16:38:18Z,checkout,ERROR,healthz timeout after 2000ms
2026-03-14T16:38:21Z,search,INFO,"suggest cache warm, 83495 entries"
2026-03-14T16:38:24Z,checkout,ERROR,healthz timeout after 2000ms
2026-03-14T16:38:26Z,postgres,INFO,"checkpoint complete, 80253 buffers written"
2026-03-14T16:38:30Z,checkout,ERROR,healthz timeout after 2000ms
2026-03-14T16:38:36Z,checkout,ERROR,healthz timeout after 2000ms
2026-03-14T16:38:42Z,checkout,ERROR,healthz timeout after 2000ms
2026-03-14T16:38:48Z,checkout,ERROR,healthz timeout after 2000ms
2026-03-14T16:38:51Z,payments,INFO,settlement batch 74015 queued
2026-03-14T16:38:54Z,auth,INFO,token issued for session 19402
2026-03-14T16:38:54Z,billing,INFO,dunning run 88042 complete
2026-03-14T16:38:54Z,checkout,ERROR,healthz timeout after 2000ms
2026-03-14T16:39:00Z,checkout,ERROR,healthz timeout after 2000ms
2026-03-14T16:39:06Z,checkout,ERROR,healthz timeout after 2000ms
2026-03-14T16:39:12Z,checkout,ERROR,healthz timeout after 2000ms
2026-03-14T16:39:14Z,auth,INFO,token issued for session 13339
2026-03-14T16:39:18Z,checkout,ERROR,healthz timeout after 2000ms
2026-03-14T16:39:24Z,checkout,ERROR,healthz timeout after 2000ms
2026-03-14T16:39:29Z,payments,INFO,settlement batch 43349 queued
2026-03-14T16:39:30Z,checkout,ERROR,healthz timeout after 2000ms
2026-03-14T16:39:33Z,postgres,INFO,autovacuum finished on table 11707
2026-03-14T16:39:35Z,orders,INFO,order 34532 invoiced
2026-03-14T16:39:36Z,checkout,INFO,cart 32804 abandoned after 158ms
2026-03-14T16:39:36Z,checkout,ERROR,healthz timeout after 2000ms
2026-03-14T16:39:37Z,payments,INFO,charge 27277 authorised in 222ms
2026-03-14T16:39:45Z,auth,INFO,token issued for session 7178
2026-03-14T16:39:56Z,search,INFO,index segment 28861 merged
2026-03-14T16:40:00Z,search,INFO,index segment 16263 merged
2026-03-14T16:40:03Z,checkout,INFO,payment intent 49198 created
2026-03-14T16:40:08Z,deploy,INFO,pipeline 47840 green
2026-03-14T16:40:09Z,payments,INFO,settlement batch 15045 queued
2026-03-14T16:40:11Z,search,INFO,"suggest cache warm, 11667 entries"
2026-03-14T16:40:18Z,billing,INFO,credit note 12351 issued
2026-03-14T16:40:20Z,orders,INFO,order 10740 accepted
2026-03-14T16:40:24Z,search,INFO,"suggest cache warm, 73713 entries"
2026-03-14T16:40:30Z,auth,INFO,login succeeded in 50ms
2026-03-14T16:40:46Z,payments,INFO,settlement batch 23871 queued
2026-03-14T16:40:46Z,postgres,INFO,connection 13073 authorised
2026-03-14T16:40:48Z,billing,INFO,credit note 51340 issued
2026-03-14T16:40:51Z,postgres,INFO,replication lag 61ms
2026-03-14T16:41:14Z,search,INFO,query 86631 served in 280ms
2026-03-14T16:41:19Z,orders,INFO,order 18712 accepted
2026-03-14T16:41:28Z,auth,INFO,login succeeded in 128ms
2026-03-14T16:41:29Z,auth,INFO,logout for session 43941
2026-03-14T16:41:29Z,checkout,INFO,session 48874 started
2026-03-14T16:41:35Z,checkout,INFO,session 12685 started
2026-03-14T16:41:36Z,billing,INFO,dunning run 52824 complete
2026-03-14T16:41:46Z,payments,INFO,webhook 70356 acknowledged
2026-03-14T16:42:03Z,orders,INFO,order 77996 dispatched in 312ms
2026-03-14T16:42:08Z,search,INFO,query 26016 served in 191ms
2026-03-14T16:42:10Z,billing,INFO,subscription 8425 renewed
2026-03-14T16:42:18Z,postgres,INFO,connection 83200 authorised
2026-03-14T16:42:19Z,orders,INFO,order 82681 invoiced
2026-03-14T16:42:19Z,postgres,INFO,connection 73411 authorised
2026-03-14T16:42:20Z,orders,INFO,inventory check 25147 passed
2026-03-14T16:42:23Z,payments,INFO,settlement batch 69152 queued
2026-03-14T16:42:36Z,orders,INFO,inventory check 22475 passed
2026-03-14T16:42:52Z,billing,INFO,credit note 72672 issued
2026-03-14T16:42:55Z,postgres,INFO,connection 13387 authorised
2026-03-14T16:43:02Z,billing,INFO,subscription 16731 renewed
2026-03-14T16:43:02Z,checkout,INFO,cart 69366 converted in 4ms
2026-03-14T16:43:06Z,auth,INFO,session 5142 refreshed
2026-03-14T16:43:23Z,orders,INFO,order 67103 invoiced
2026-03-14T16:43:29Z,payments,INFO,charge 4836 authorised in 143ms
2026-03-14T16:43:29Z,search,INFO,query 27556 served in 266ms
2026-03-14T16:43:33Z,orders,INFO,order 35546 dispatched in 100ms
2026-03-14T16:43:38Z,billing,INFO,invoice 18623 rendered in 267ms
2026-03-14T16:43:41Z,search,INFO,query 52059 served in 282ms
2026-03-14T16:43:41Z,search,INFO,"suggest cache warm, 31016 entries"
2026-03-14T16:43:50Z,auth,INFO,session 58955 refreshed
2026-03-14T16:43:52Z,auth,INFO,logout for session 48435
2026-03-14T16:43:54Z,auth,INFO,session 89463 refreshed
2026-03-14T16:44:01Z,checkout,INFO,cart 73453 converted in 70ms
2026-03-14T16:44:08Z,orders,INFO,order 44238 accepted
2026-03-14T16:44:12Z,billing,INFO,credit note 52352 issued
2026-03-14T16:44:19Z,billing,INFO,dunning run 46812 complete
2026-03-14T16:44:32Z,postgres,INFO,replication lag 93ms
2026-03-14T16:44:41Z,search,INFO,"suggest cache warm, 98853 entries"
2026-03-14T16:45:00Z,payments,INFO,refund 75059 completed
2026-03-14T16:45:01Z,checkout,INFO,cart 6257 converted in 274ms
2026-03-14T16:45:29Z,checkout,INFO,cart 6494 abandoned after 91ms
2026-03-14T16:45:34Z,search,INFO,"suggest cache warm, 43635 entries"
2026-03-14T16:45:39Z,orders,INFO,order 80898 accepted
2026-03-14T16:46:08Z,auth,INFO,session 45000 refreshed
2026-03-14T16:46:11Z,billing,INFO,credit note 4175 issued
2026-03-14T16:46:15Z,auth,INFO,session 25986 refreshed
2026-03-14T16:46:18Z,checkout,INFO,cart 57857 converted in 263ms
2026-03-14T16:46:18Z,search,INFO,"suggest cache warm, 37597 entries"
2026-03-14T16:46:21Z,orders,INFO,inventory check 20614 passed
2026-03-14T16:46:26Z,payments,INFO,webhook 72589 acknowledged
2026-03-14T16:46:30Z,postgres,INFO,replication lag 253ms
2026-03-14T16:46:34Z,auth,INFO,token issued for session 53811
2026-03-14T16:46:43Z,search,INFO,query 86938 served in 89ms
2026-03-14T16:46:46Z,payments,INFO,charge 36853 authorised in 79ms
2026-03-14T16:47:00Z,postgres,INFO,connection 86931 authorised
2026-03-14T16:47:07Z,search,INFO,index segment 19742 merged
2026-03-14T16:47:09Z,checkout,INFO,payment intent 1150 created
2026-03-14T16:47:13Z,orders,INFO,order 77276 dispatched in 199ms
2026-03-14T16:47:16Z,orders,INFO,inventory check 51378 passed
2026-03-14T16:47:35Z,payments,INFO,settlement batch 66754 queued
2026-03-14T16:47:40Z,auth,INFO,logout for session 62962
2026-03-14T16:47:43Z,checkout,INFO,payment intent 78336 created
2026-03-14T16:47:46Z,payments,INFO,webhook 31419 acknowledged
2026-03-14T16:47:51Z,auth,INFO,session 91616 refreshed
2026-03-14T16:47:55Z,billing,INFO,dunning run 21017 complete
2026-03-14T16:48:07Z,orders,INFO,inventory check 73184 passed
2026-03-14T16:48:16Z,billing,INFO,subscription 45115 renewed
2026-03-14T16:48:30Z,billing,INFO,dunning run 80834 complete
2026-03-14T16:48:35Z,billing,INFO,subscription 56325 renewed
2026-03-14T16:48:38Z,auth,INFO,session 98534 refreshed
2026-03-14T16:48:47Z,orders,INFO,order 90560 invoiced
2026-03-14T16:48:53Z,billing,INFO,invoice 52027 rendered in 145ms
2026-03-14T16:48:54Z,auth,INFO,login succeeded in 53ms
2026-03-14T16:48:54Z,auth,INFO,logout for session 85962
2026-03-14T16:48:55Z,postgres,INFO,replication lag 160ms
2026-03-14T16:49:01Z,search,INFO,query 82274 served in 148ms
2026-03-14T16:49:12Z,postgres,INFO,connection 90735 authorised
2026-03-14T16:49:34Z,postgres,INFO,"checkpoint complete, 50786 buffers written"
2026-03-14T16:49:35Z,checkout,INFO,payment intent 67073 created
2026-03-14T16:49:45Z,checkout,INFO,cart 85394 converted in 300ms
2026-03-14T16:50:04Z,orders,INFO,order 64318 accepted
2026-03-14T16:50:19Z,postgres,INFO,autovacuum finished on table 39879
2026-03-14T16:50:20Z,auth,INFO,session 16320 refreshed
2026-03-14T16:50:31Z,checkout,INFO,session 31936 started
2026-03-14T16:50:35Z,billing,INFO,dunning run 61883 complete
2026-03-14T16:50:50Z,billing,INFO,dunning run 37899 complete
2026-03-14T16:51:18Z,auth,INFO,token issued for session 77696
2026-03-14T16:51:18Z,orders,INFO,order 82768 accepted
2026-03-14T16:51:19Z,billing,INFO,subscription 97554 renewed
2026-03-14T16:51:22Z,billing,INFO,invoice 12705 rendered in 28ms
2026-03-14T16:51:25Z,auth,INFO,session 54772 refreshed
2026-03-14T16:51:38Z,payments,INFO,charge 70582 authorised in 268ms
2026-03-14T16:51:42Z,checkout,INFO,session 40555 started
2026-03-14T16:51:44Z,search,INFO,query 21856 served in 11ms
2026-03-14T16:51:46Z,orders,INFO,order 2550 dispatched in 254ms
2026-03-14T16:51:56Z,payments,INFO,webhook 20072 acknowledged
2026-03-14T16:52:08Z,checkout,INFO,payment intent 91956 created
2026-03-14T16:52:12Z,search,INFO,query 78625 served in 74ms
2026-03-14T16:52:25Z,billing,INFO,subscription 77756 renewed
2026-03-14T16:52:26Z,orders,INFO,order 13879 dispatched in 105ms
2026-03-14T16:52:32Z,postgres,INFO,"checkpoint complete, 74995 buffers written"
2026-03-14T16:52:37Z,orders,INFO,order 49927 dispatched in 132ms
2026-03-14T16:52:40Z,checkout,INFO,session 16072 started
2026-03-14T16:53:01Z,search,INFO,query 41259 served in 38ms
2026-03-14T16:53:12Z,postgres,INFO,replication lag 251ms
2026-03-14T16:53:22Z,payments,INFO,webhook 93671 acknowledged
2026-03-14T16:53:26Z,billing,INFO,invoice 23033 rendered in 182ms
2026-03-14T16:53:27Z,orders,INFO,order 64104 accepted
2026-03-14T16:53:28Z,payments,INFO,charge 7155 authorised in 243ms
2026-03-14T16:53:34Z,checkout,INFO,cart 58216 abandoned after 79ms
2026-03-14T16:53:44Z,orders,INFO,order 89932 accepted
2026-03-14T16:53:48Z,billing,INFO,subscription 54032 renewed
2026-03-14T16:53:48Z,postgres,INFO,"checkpoint complete, 55573 buffers written"
2026-03-14T16:53:51Z,payments,INFO,settlement batch 71760 queued
2026-03-14T16:54:01Z,checkout,INFO,payment intent 53063 created
2026-03-14T16:54:01Z,checkout,INFO,session 8623 started
2026-03-14T16:54:03Z,auth,INFO,logout for session 7465
2026-03-14T16:54:06Z,search,INFO,index segment 31771 merged
2026-03-14T16:54:07Z,orders,INFO,order 14775 invoiced
2026-03-14T16:54:08Z,checkout,INFO,cart 35514 converted in 186ms
2026-03-14T16:54:10Z,billing,INFO,invoice 94876 rendered in 42ms
2026-03-14T16:54:15Z,auth,INFO,logout for session 24477
2026-03-14T16:54:15Z,postgres,INFO,autovacuum finished on table 29219
2026-03-14T16:54:19Z,auth,INFO,token issued for session 91565
2026-03-14T16:54:19Z,payments,INFO,refund 27501 completed
2026-03-14T16:54:26Z,billing,INFO,subscription 59323 renewed
2026-03-14T16:54:36Z,payments,INFO,settlement batch 49689 queued
2026-03-14T16:54:43Z,deploy,INFO,canary 56010 healthy
2026-03-14T16:54:44Z,search,INFO,"suggest cache warm, 83199 entries"
2026-03-14T16:54:50Z,postgres,INFO,autovacuum finished on table 39203
2026-03-14T16:55:00Z,checkout,ERROR,healthz timeout after 2000ms
2026-03-14T16:55:03Z,checkout,INFO,cart 16809 converted in 147ms
2026-03-14T16:55:04Z,search,INFO,"suggest cache warm, 63946 entries"
2026-03-14T16:55:05Z,postgres,INFO,"checkpoint complete, 17904 buffers written"
2026-03-14T16:55:06Z,checkout,ERROR,healthz timeout after 2000ms
2026-03-14T16:55:12Z,checkout,ERROR,healthz timeout after 2000ms
2026-03-14T16:55:18Z,checkout,ERROR,healthz timeout after 2000ms
2026-03-14T16:55:24Z,checkout,ERROR,healthz timeout after 2000ms
2026-03-14T16:55:30Z,checkout,ERROR,healthz timeout after 2000ms
2026-03-14T16:55:35Z,checkout,INFO,payment intent 17273 created
2026-03-14T16:55:36Z,checkout,ERROR,healthz timeout after 2000ms
2026-03-14T16:55:42Z,checkout,ERROR,healthz timeout after 2000ms
2026-03-14T16:55:48Z,checkout,ERROR,healthz timeout after 2000ms
2026-03-14T16:55:54Z,checkout,ERROR,healthz timeout after 2000ms
2026-03-14T16:55:59Z,payments,INFO,settlement batch 33381 queued
2026-03-14T16:56:00Z,checkout,ERROR,healthz timeout after 2000ms
2026-03-14T16:56:06Z,checkout,ERROR,healthz timeout after 2000ms
2026-03-14T16:56:10Z,checkout,INFO,cart 98009 abandoned after 208ms
2026-03-14T16:56:12Z,checkout,ERROR,healthz timeout after 2000ms
2026-03-14T16:56:18Z,checkout,ERROR,healthz timeout after 2000ms
2026-03-14T16:56:24Z,checkout,ERROR,healthz timeout after 2000ms
2026-03-14T16:56:27Z,auth,INFO,logout for session 23670
2026-03-14T16:56:27Z,auth,INFO,session 88209 refreshed
2026-03-14T16:56:30Z,checkout,ERROR,healthz timeout after 2000ms
2026-03-14T16:56:34Z,billing,INFO,invoice 37596 rendered in 147ms
2026-03-14T16:56:36Z,checkout,ERROR,healthz timeout after 2000ms
2026-03-14T16:56:39Z,checkout,INFO,session 23763 started
2026-03-14T16:56:42Z,checkout,ERROR,healthz timeout after 2000ms
2026-03-14T16:56:47Z,postgres,INFO,autovacuum finished on table 80784
2026-03-14T16:56:48Z,checkout,ERROR,healthz timeout after 2000ms
2026-03-14T16:56:49Z,payments,INFO,charge 66215 authorised in 52ms
2026-03-14T16:56:50Z,auth,INFO,login succeeded in 268ms
2026-03-14T16:56:52Z,billing,INFO,dunning run 78084 complete
2026-03-14T16:56:52Z,postgres,INFO,replication lag 50ms
2026-03-14T16:56:53Z,orders,INFO,order 51195 invoiced
2026-03-14T16:56:54Z,billing,INFO,credit note 68774 issued
2026-03-14T16:56:54Z,checkout,ERROR,healthz timeout after 2000ms
2026-03-14T16:56:56Z,billing,INFO,credit note 17683 issued
2026-03-14T16:57:00Z,checkout,ERROR,healthz timeout after 2000ms
2026-03-14T16:57:03Z,billing,INFO,credit note 89530 issued
2026-03-14T16:57:06Z,checkout,ERROR,healthz timeout after 2000ms
2026-03-14T16:57:08Z,postgres,INFO,connection 24472 authorised
2026-03-14T16:57:09Z,payments,INFO,webhook 57515 acknowledged
2026-03-14T16:57:12Z,checkout,ERROR,healthz timeout after 2000ms
2026-03-14T16:57:18Z,checkout,ERROR,healthz timeout after 2000ms
2026-03-14T16:57:20Z,postgres,INFO,connection 20717 authorised
2026-03-14T16:57:21Z,auth,INFO,token issued for session 69178
2026-03-14T16:57:24Z,checkout,ERROR,healthz timeout after 2000ms
2026-03-14T16:57:28Z,checkout,INFO,cart 61326 abandoned after 68ms
2026-03-14T16:57:30Z,checkout,ERROR,healthz timeout after 2000ms
2026-03-14T16:57:30Z,postgres,INFO,replication lag 9ms
2026-03-14T16:57:36Z,checkout,ERROR,healthz timeout after 2000ms
2026-03-14T16:57:42Z,checkout,ERROR,healthz timeout after 2000ms
2026-03-14T16:57:45Z,auth,INFO,logout for session 29482
2026-03-14T16:57:48Z,checkout,ERROR,healthz timeout after 2000ms
2026-03-14T16:57:49Z,billing,INFO,credit note 26556 issued
2026-03-14T16:57:49Z,orders,INFO,inventory check 29744 passed
2026-03-14T16:57:51Z,auth,INFO,login succeeded in 279ms
2026-03-14T16:57:52Z,checkout,INFO,session 90091 started
2026-03-14T16:57:54Z,checkout,ERROR,healthz timeout after 2000ms
2026-03-14T16:57:55Z,search,INFO,query 96336 served in 147ms
2026-03-14T16:58:00Z,checkout,ERROR,healthz timeout after 2000ms
2026-03-14T16:58:02Z,billing,INFO,subscription 98076 renewed
2026-03-14T16:58:06Z,checkout,ERROR,healthz timeout after 2000ms
2026-03-14T16:58:09Z,payments,INFO,refund 87395 completed
2026-03-14T16:58:10Z,orders,INFO,order 32525 accepted
2026-03-14T16:58:11Z,auth,INFO,token issued for session 38987
2026-03-14T16:58:12Z,checkout,ERROR,healthz timeout after 2000ms
2026-03-14T16:58:16Z,postgres,INFO,connection 35888 authorised
2026-03-14T16:58:18Z,checkout,ERROR,healthz timeout after 2000ms
2026-03-14T16:58:18Z,search,INFO,query 15915 served in 35ms
2026-03-14T16:58:24Z,checkout,ERROR,healthz timeout after 2000ms
2026-03-14T16:58:30Z,checkout,ERROR,healthz timeout after 2000ms
2026-03-14T16:58:33Z,postgres,INFO,connection 61934 authorised
2026-03-14T16:58:36Z,auth,INFO,token issued for session 40058
2026-03-14T16:58:36Z,checkout,ERROR,healthz timeout after 2000ms
2026-03-14T16:58:42Z,checkout,ERROR,healthz timeout after 2000ms
2026-03-14T16:58:44Z,orders,INFO,order 43632 invoiced
2026-03-14T16:58:48Z,checkout,ERROR,healthz timeout after 2000ms
2026-03-14T16:58:49Z,search,INFO,query 44309 served in 114ms
2026-03-14T16:58:54Z,checkout,ERROR,healthz timeout after 2000ms
2026-03-14T16:59:00Z,auth,INFO,logout for session 63911
2026-03-14T16:59:00Z,checkout,ERROR,healthz timeout after 2000ms
2026-03-14T16:59:05Z,search,INFO,"suggest cache warm, 99156 entries"
2026-03-14T16:59:06Z,checkout,ERROR,healthz timeout after 2000ms
2026-03-14T16:59:12Z,checkout,ERROR,healthz timeout after 2000ms
2026-03-14T16:59:18Z,checkout,ERROR,healthz timeout after 2000ms
2026-03-14T16:59:20Z,orders,INFO,order 41245 accepted
2026-03-14T16:59:24Z,checkout,ERROR,healthz timeout after 2000ms
2026-03-14T16:59:28Z,deploy,INFO,canary 74209 healthy
2026-03-14T16:59:28Z,search,INFO,query 72379 served in 67ms
2026-03-14T16:59:30Z,checkout,ERROR,healthz timeout after 2000ms
2026-03-14T16:59:31Z,orders,INFO,order 48145 accepted
2026-03-14T16:59:35Z,payments,INFO,refund 49152 completed
2026-03-14T16:59:36Z,checkout,ERROR,healthz timeout after 2000ms
2026-03-14T16:59:43Z,payments,INFO,settlement batch 9138 queued
2026-03-14T16:59:46Z,orders,INFO,order 80494 invoiced
2026-03-14T16:59:56Z,billing,INFO,subscription 32390 renewed
2026-03-14T16:59:56Z,postgres,INFO,connection 89145 authorised
2026-03-14T16:59:58Z,billing,INFO,credit note 72082 issued
2026-03-14T17:00:02Z,payments,INFO,refund 93310 completed
2026-03-14T17:00:07Z,postgres,INFO,"checkpoint complete, 51019 buffers written"
2026-03-14T17:00:19Z,auth,INFO,login succeeded in 25ms
2026-03-14T17:00:21Z,postgres,INFO,connection 71729 authorised
2026-03-14T17:00:34Z,search,INFO,query 80137 served in 118ms
2026-03-14T17:00:50Z,auth,INFO,token issued for session 23886
2026-03-14T17:00:59Z,checkout,INFO,payment intent 69354 created
2026-03-14T17:00:59Z,postgres,INFO,autovacuum finished on table 46401
2026-03-14T17:01:03Z,orders,INFO,order 13580 accepted
2026-03-14T17:01:03Z,postgres,INFO,autovacuum finished on table 76666
2026-03-14T17:01:15Z,billing,INFO,credit note 10894 issued
2026-03-14T17:01:25Z,postgres,INFO,replication lag 89ms
2026-03-14T17:01:27Z,auth,INFO,logout for session 38980
2026-03-14T17:01:34Z,search,INFO,"suggest cache warm, 31882 entries"
2026-03-14T17:01:46Z,search,INFO,query 66023 served in 168ms
2026-03-14T17:01:48Z,search,INFO,"suggest cache warm, 67034 entries"
2026-03-14T17:01:49Z,billing,INFO,dunning run 88201 complete
2026-03-14T17:01:58Z,auth,INFO,token issued for session 88618
2026-03-14T17:02:04Z,checkout,INFO,session 58214 started
2026-03-14T17:02:08Z,orders,INFO,order 10040 accepted
2026-03-14T17:02:09Z,billing,INFO,subscription 69993 renewed
2026-03-14T17:02:10Z,postgres,INFO,autovacuum finished on table 42270
2026-03-14T17:02:13Z,payments,INFO,webhook 85382 acknowledged
2026-03-14T17:02:16Z,orders,INFO,order 94247 dispatched in 308ms
2026-03-14T17:02:19Z,auth,INFO,login succeeded in 271ms
2026-03-14T17:02:24Z,checkout,INFO,cart 95896 abandoned after 148ms
2026-03-14T17:02:30Z,auth,INFO,token issued for session 50055
2026-03-14T17:02:32Z,billing,INFO,subscription 48654 renewed
2026-03-14T17:02:37Z,billing,INFO,invoice 97632 rendered in 62ms
2026-03-14T17:02:37Z,payments,INFO,webhook 36398 acknowledged
2026-03-14T17:02:50Z,payments,INFO,webhook 2936 acknowledged
2026-03-14T17:03:06Z,orders,WARN,inventory check 44753 took 1957ms
2026-03-14T17:03:07Z,auth,INFO,login succeeded in 230ms
2026-03-14T17:03:14Z,checkout,INFO,cart 31681 abandoned after 95ms
2026-03-14T17:03:14Z,payments,INFO,charge 97940 authorised in 11ms
2026-03-14T17:03:15Z,search,INFO,index segment 40328 merged
2026-03-14T17:03:16Z,payments,INFO,webhook 82972 acknowledged
2026-03-14T17:03:18Z,postgres,INFO,replication lag 272ms
2026-03-14T17:03:22Z,billing,INFO,credit note 89318 issued
2026-03-14T17:03:24Z,orders,INFO,order 76670 invoiced
2026-03-14T17:03:26Z,billing,INFO,credit note 79245 issued
2026-03-14T17:03:26Z,checkout,INFO,cart 4006 converted in 130ms
2026-03-14T17:03:42Z,orders,INFO,order 45570 dispatched in 126ms
2026-03-14T17:03:44Z,auth,INFO,login succeeded in 80ms
2026-03-14T17:03:53Z,payments,INFO,settlement batch 80531 queued
2026-03-14T17:04:01Z,postgres,INFO,replication lag 113ms
2026-03-14T17:04:07Z,orders,INFO,order 49332 accepted
2026-03-14T17:04:22Z,billing,INFO,dunning run 1813 complete
2026-03-14T17:04:27Z,orders,INFO,order 63102 dispatched in 21ms
2026-03-14T17:04:37Z,payments,INFO,settlement batch 56055 queued
2026-03-14T17:04:42Z,payments,INFO,settlement batch 96328 queued
2026-03-14T17:04:49Z,search,INFO,index segment 15460 merged
2026-03-14T17:04:53Z,postgres,INFO,autovacuum finished on table 75940
2026-03-14T17:05:02Z,auth,INFO,token issued for session 31640
2026-03-14T17:05:08Z,auth,INFO,login succeeded in 167ms
2026-03-14T17:05:12Z,search,INFO,query 45590 served in 86ms
2026-03-14T17:05:18Z,billing,INFO,dunning run 68847 complete
2026-03-14T17:05:21Z,deploy,INFO,artefact 96283 published
2026-03-14T17:05:22Z,auth,INFO,logout for session 55461
2026-03-14T17:05:30Z,payments,WARN,"retrying webhook 11794, attempt 2"
2026-03-14T17:05:39Z,orders,INFO,order 11540 accepted
2026-03-14T17:05:40Z,postgres,INFO,"checkpoint complete, 39965 buffers written"
2026-03-14T17:05:41Z,checkout,INFO,cart 4892 converted in 42ms
2026-03-14T17:05:47Z,orders,INFO,order 64675 dispatched in 35ms
2026-03-14T17:05:48Z,checkout,INFO,cart 45213 abandoned after 14ms
2026-03-14T17:05:49Z,search,INFO,index segment 50737 merged
2026-03-14T17:05:57Z,auth,INFO,token issued for session 32559
2026-03-14T17:06:06Z,search,INFO,"suggest cache warm, 1629 entries"
2026-03-14T17:06:09Z,postgres,INFO,autovacuum finished on table 19984
2026-03-14T17:06:22Z,postgres,INFO,connection 66319 authorised
2026-03-14T17:06:29Z,auth,INFO,logout for session 3758
2026-03-14T17:06:33Z,search,INFO,index segment 4160 merged
2026-03-14T17:06:36Z,search,INFO,"suggest cache warm, 4397 entries"
2026-03-14T17:06:38Z,checkout,INFO,cart 48585 abandoned after 72ms
2026-03-14T17:06:45Z,checkout,INFO,payment intent 8316 created
2026-03-14T17:06:47Z,checkout,INFO,session 13309 started
2026-03-14T17:06:49Z,orders,INFO,order 5114 dispatched in 317ms
2026-03-14T17:06:58Z,postgres,INFO,connection 52999 authorised
2026-03-14T17:06:59Z,billing,INFO,credit note 99477 issued
2026-03-14T17:07:08Z,orders,INFO,order 54600 accepted
2026-03-14T17:07:10Z,orders,INFO,order 38961 invoiced
2026-03-14T17:07:14Z,billing,INFO,invoice 64095 rendered in 150ms
2026-03-14T17:07:24Z,search,INFO,"suggest cache warm, 97269 entries"
2026-03-14T17:07:29Z,checkout,INFO,cart 45824 converted in 48ms
2026-03-14T17:07:31Z,orders,INFO,order 63985 dispatched in 168ms
2026-03-14T17:07:39Z,checkout,INFO,session 80161 started
2026-03-14T17:07:48Z,payments,INFO,refund 12493 completed
2026-03-14T17:07:59Z,payments,INFO,webhook 84735 acknowledged
2026-03-14T17:08:12Z,auth,INFO,token issued for session 66469
2026-03-14T17:08:19Z,payments,INFO,charge 65214 authorised in 298ms
2026-03-14T17:08:26Z,billing,INFO,dunning run 79069 complete
2026-03-14T17:08:27Z,search,INFO,query 61472 served in 194ms
2026-03-14T17:08:31Z,postgres,INFO,replication lag 157ms
2026-03-14T17:08:58Z,orders,INFO,inventory check 41749 passed
2026-03-14T17:09:07Z,payments,INFO,settlement batch 56332 queued
2026-03-14T17:09:15Z,auth,INFO,login succeeded in 253ms
2026-03-14T17:09:19Z,postgres,INFO,"checkpoint complete, 3581 buffers written"
2026-03-14T17:09:27Z,auth,INFO,session 38332 refreshed
2026-03-14T17:09:27Z,postgres,INFO,replication lag 114ms
2026-03-14T17:09:30Z,billing,INFO,invoice 50966 rendered in 86ms
2026-03-14T17:09:35Z,orders,INFO,order 85775 dispatched in 281ms
2026-03-14T17:09:36Z,deploy,INFO,pipeline 30198 green
2026-03-14T17:09:39Z,search,INFO,index segment 54950 merged
2026-03-14T17:09:40Z,billing,INFO,subscription 57528 renewed
2026-03-14T17:09:40Z,search,INFO,index segment 66837 merged
2026-03-14T17:09:42Z,payments,INFO,charge 95482 authorised in 69ms
2026-03-14T17:09:52Z,postgres,INFO,"checkpoint complete, 49042 buffers written"
2026-03-14T17:09:54Z,billing,INFO,credit note 83144 issued
2026-03-14T17:09:58Z,auth,INFO,session 71608 refreshed
2026-03-14T17:09:59Z,payments,INFO,settlement batch 38929 queued
2026-03-14T17:10:00Z,postgres,INFO,replication lag 105ms
2026-03-14T17:10:03Z,auth,INFO,session 75054 refreshed
2026-03-14T17:10:19Z,billing,INFO,subscription 81936 renewed
2026-03-14T17:10:44Z,postgres,INFO,"checkpoint complete, 46890 buffers written"
2026-03-14T17:10:47Z,orders,INFO,order 83506 invoiced
2026-03-14T17:10:59Z,postgres,INFO,replication lag 97ms
2026-03-14T17:11:02Z,payments,INFO,webhook 61496 acknowledged
2026-03-14T17:11:04Z,payments,INFO,refund 77449 completed
2026-03-14T17:11:17Z,orders,INFO,inventory check 31920 passed
2026-03-14T17:11:22Z,payments,INFO,settlement batch 12851 queued
2026-03-14T17:11:23Z,billing,INFO,dunning run 92508 complete
2026-03-14T17:11:37Z,orders,INFO,order 25498 dispatched in 139ms
2026-03-14T17:11:51Z,deploy,INFO,pipeline 79416 green
2026-03-14T17:11:59Z,auth,INFO,login succeeded in 58ms
2026-03-14T17:12:08Z,billing,INFO,dunning run 84233 complete
2026-03-14T17:12:13Z,search,INFO,query 17522 served in 264ms
2026-03-14T17:12:15Z,auth,INFO,login succeeded in 142ms
2026-03-14T17:12:15Z,payments,INFO,webhook 52506 acknowledged
2026-03-14T17:12:17Z,deploy,INFO,canary 96801 healthy
2026-03-14T17:12:25Z,checkout,INFO,session 71698 started
2026-03-14T17:12:44Z,billing,INFO,credit note 11503 issued
2026-03-14T17:12:54Z,billing,INFO,dunning run 21299 complete
2026-03-14T17:12:59Z,billing,INFO,invoice 21692 rendered in 15ms
2026-03-14T17:13:03Z,checkout,INFO,cart 94086 converted in 275ms
2026-03-14T17:13:07Z,auth,INFO,token issued for session 88803
2026-03-14T17:13:16Z,checkout,INFO,cart 76507 converted in 38ms
2026-03-14T17:13:25Z,orders,INFO,order 4310 accepted
2026-03-14T17:13:25Z,orders,INFO,order 69261 dispatched in 315ms
2026-03-14T17:13:27Z,checkout,INFO,cart 22487 abandoned after 245ms
2026-03-14T17:13:27Z,orders,INFO,inventory check 76613 passed
2026-03-14T17:13:37Z,checkout,INFO,cart 19430 converted in 29ms
2026-03-14T17:13:50Z,search,INFO,"suggest cache warm, 5051 entries"
2026-03-14T17:13:51Z,billing,INFO,subscription 12710 renewed
2026-03-14T17:14:01Z,billing,INFO,credit note 28605 issued
2026-03-14T17:14:03Z,payments,INFO,settlement batch 97402 queued
2026-03-14T17:14:11Z,search,INFO,query 30403 served in 112ms
2026-03-14T17:14:20Z,postgres,INFO,autovacuum finished on table 5205
2026-03-14T17:14:26Z,checkout,INFO,cart 11400 converted in 263ms
2026-03-14T17:14:30Z,auth,INFO,login succeeded in 138ms
2026-03-14T17:14:30Z,checkout,INFO,payment intent 53409 created
2026-03-14T17:14:31Z,checkout,INFO,payment intent 17912 created
2026-03-14T17:14:32Z,search,INFO,query 48237 served in 67ms
2026-03-14T17:14:38Z,search,INFO,query 2498 served in 302ms
2026-03-14T17:14:40Z,auth,INFO,session 74006 refreshed
2026-03-14T17:14:42Z,billing,INFO,subscription 3686 renewed
2026-03-14T17:14:44Z,payments,INFO,refund 83602 completed
2026-03-14T17:14:52Z,checkout,INFO,session 38527 started
2026-03-14T17:14:59Z,postgres,INFO,"checkpoint complete, 97831 buffers written"
2026-03-14T17:15:00Z,checkout,ERROR,healthz timeout after 2000ms
2026-03-14T17:15:06Z,checkout,ERROR,healthz timeout after 2000ms
2026-03-14T17:15:07Z,auth,INFO,token issued for session 22240
2026-03-14T17:15:09Z,billing,INFO,dunning run 7364 complete
2026-03-14T17:15:10Z,billing,INFO,invoice 52929 rendered in 43ms
2026-03-14T17:15:12Z,checkout,ERROR,healthz timeout after 2000ms
2026-03-14T17:15:13Z,auth,INFO,login succeeded in 5ms
2026-03-14T17:15:16Z,checkout,INFO,payment intent 38653 created
2026-03-14T17:15:18Z,checkout,ERROR,healthz timeout after 2000ms
2026-03-14T17:15:19Z,search,INFO,"suggest cache warm, 56799 entries"
2026-03-14T17:15:24Z,checkout,ERROR,healthz timeout after 2000ms
2026-03-14T17:15:28Z,search,INFO,query 63061 served in 45ms
2026-03-14T17:15:30Z,checkout,ERROR,healthz timeout after 2000ms
2026-03-14T17:15:32Z,payments,INFO,webhook 19684 acknowledged
2026-03-14T17:15:36Z,checkout,ERROR,healthz timeout after 2000ms
2026-03-14T17:15:42Z,checkout,ERROR,healthz timeout after 2000ms
2026-03-14T17:15:47Z,checkout,INFO,session 67497 started
2026-03-14T17:15:47Z,search,INFO,query 82014 served in 61ms
2026-03-14T17:15:48Z,checkout,ERROR,healthz timeout after 2000ms
2026-03-14T17:15:54Z,checkout,ERROR,healthz timeout after 2000ms
2026-03-14T17:15:59Z,search,INFO,query 20731 served in 103ms
2026-03-14T17:16:00Z,checkout,ERROR,healthz timeout after 2000ms
2026-03-14T17:16:06Z,checkout,ERROR,healthz timeout after 2000ms
2026-03-14T17:16:06Z,postgres,INFO,"checkpoint complete, 86836 buffers written"
2026-03-14T17:16:10Z,auth,INFO,session 78197 refreshed
2026-03-14T17:16:12Z,checkout,ERROR,healthz timeout after 2000ms
2026-03-14T17:16:18Z,checkout,ERROR,healthz timeout after 2000ms
2026-03-14T17:16:24Z,checkout,ERROR,healthz timeout after 2000ms
2026-03-14T17:16:28Z,orders,INFO,order 49000 dispatched in 112ms
2026-03-14T17:16:30Z,checkout,ERROR,healthz timeout after 2000ms
2026-03-14T17:16:36Z,checkout,ERROR,healthz timeout after 2000ms
2026-03-14T17:16:37Z,auth,INFO,login succeeded in 225ms
2026-03-14T17:16:42Z,checkout,ERROR,healthz timeout after 2000ms
2026-03-14T17:16:48Z,checkout,ERROR,healthz timeout after 2000ms
2026-03-14T17:16:54Z,checkout,ERROR,healthz timeout after 2000ms
2026-03-14T17:16:59Z,orders,INFO,order 73208 dispatched in 51ms
2026-03-14T17:17:00Z,checkout,ERROR,healthz timeout after 2000ms
2026-03-14T17:17:06Z,checkout,ERROR,healthz timeout after 2000ms
2026-03-14T17:17:07Z,auth,INFO,logout for session 80190
2026-03-14T17:17:12Z,checkout,ERROR,healthz timeout after 2000ms
2026-03-14T17:17:12Z,search,INFO,query 2531 served in 230ms
2026-03-14T17:17:18Z,checkout,ERROR,healthz timeout after 2000ms
2026-03-14T17:17:24Z,checkout,ERROR,healthz timeout after 2000ms
2026-03-14T17:17:30Z,checkout,ERROR,healthz timeout after 2000ms
2026-03-14T17:17:36Z,checkout,ERROR,healthz timeout after 2000ms
2026-03-14T17:17:36Z,payments,INFO,charge 40301 authorised in 104ms
2026-03-14T17:17:41Z,postgres,INFO,connection 4167 authorised
2026-03-14T17:17:42Z,checkout,ERROR,healthz timeout after 2000ms
2026-03-14T17:17:48Z,checkout,ERROR,healthz timeout after 2000ms
2026-03-14T17:17:49Z,billing,INFO,credit note 58374 issued
2026-03-14T17:17:53Z,payments,INFO,charge 15791 authorised in 209ms
2026-03-14T17:17:54Z,checkout,ERROR,healthz timeout after 2000ms
2026-03-14T17:18:00Z,checkout,ERROR,healthz timeout after 2000ms
2026-03-14T17:18:02Z,auth,INFO,token issued for session 87612
2026-03-14T17:18:04Z,search,INFO,query 6910 served in 234ms
2026-03-14T17:18:06Z,checkout,ERROR,healthz timeout after 2000ms
2026-03-14T17:18:12Z,checkout,ERROR,healthz timeout after 2000ms
2026-03-14T17:18:15Z,payments,INFO,refund 90598 completed
2026-03-14T17:18:18Z,checkout,ERROR,healthz timeout after 2000ms
2026-03-14T17:18:23Z,checkout,INFO,cart 61608 abandoned after 259ms
2026-03-14T17:18:24Z,checkout,ERROR,healthz timeout after 2000ms
2026-03-14T17:18:30Z,checkout,INFO,cart 33238 abandoned after 16ms
2026-03-14T17:18:30Z,checkout,ERROR,healthz timeout after 2000ms
2026-03-14T17:18:34Z,checkout,INFO,payment intent 62065 created
2026-03-14T17:18:36Z,checkout,ERROR,healthz timeout after 2000ms
2026-03-14T17:18:42Z,checkout,ERROR,healthz timeout after 2000ms
2026-03-14T17:18:42Z,search,INFO,query 59399 served in 202ms
2026-03-14T17:18:48Z,checkout,ERROR,healthz timeout after 2000ms
2026-03-14T17:18:53Z,postgres,INFO,replication lag 43ms
2026-03-14T17:18:54Z,checkout,ERROR,healthz timeout after 2000ms
2026-03-14T17:19:00Z,checkout,ERROR,healthz timeout after 2000ms
2026-03-14T17:19:05Z,orders,INFO,inventory check 39013 passed
2026-03-14T17:19:06Z,billing,INFO,credit note 61242 issued
2026-03-14T17:19:06Z,checkout,ERROR,healthz timeout after 2000ms
2026-03-14T17:19:07Z,orders,INFO,order 86796 accepted
2026-03-14T17:19:12Z,checkout,ERROR,healthz timeout after 2000ms
2026-03-14T17:19:18Z,checkout,ERROR,healthz timeout after 2000ms
2026-03-14T17:19:23Z,checkout,INFO,payment intent 83745 created
2026-03-14T17:19:24Z,checkout,ERROR,healthz timeout after 2000ms
2026-03-14T17:19:29Z,payments,INFO,refund 72034 completed
2026-03-14T17:19:30Z,checkout,ERROR,healthz timeout after 2000ms
2026-03-14T17:19:36Z,checkout,ERROR,healthz timeout after 2000ms
2026-03-14T17:19:38Z,payments,INFO,webhook 13832 acknowledged
2026-03-14T17:19:40Z,billing,INFO,invoice 77455 rendered in 116ms
2026-03-14T17:19:40Z,postgres,INFO,"checkpoint complete, 92796 buffers written"
2026-03-14T17:19:41Z,orders,INFO,inventory check 86918 passed
2026-03-14T17:19:48Z,deploy,INFO,canary 2076 healthy
2026-03-14T17:19:58Z,postgres,INFO,autovacuum finished on table 74929
2026-03-14T17:20:07Z,postgres,INFO,connection 95678 authorised
2026-03-14T17:20:17Z,orders,INFO,order 56996 accepted
2026-03-14T17:20:19Z,orders,INFO,order 81732 accepted
2026-03-14T17:20:36Z,auth,INFO,session 49517 refreshed
2026-03-14T17:20:37Z,postgres,INFO,"checkpoint complete, 19723 buffers written"
2026-03-14T17:20:50Z,payments,INFO,refund 82736 completed
2026-03-14T17:20:53Z,postgres,INFO,autovacuum finished on table 88836
2026-03-14T17:21:04Z,auth,INFO,login succeeded in 227ms
2026-03-14T17:21:05Z,orders,INFO,order 36726 accepted
2026-03-14T17:21:11Z,auth,INFO,token issued for session 32774
2026-03-14T17:21:13Z,billing,INFO,subscription 9569 renewed
2026-03-14T17:21:14Z,payments,INFO,refund 54297 completed
2026-03-14T17:21:38Z,checkout,INFO,cart 12158 converted in 170ms
2026-03-14T17:21:38Z,checkout,INFO,cart 53081 abandoned after 257ms
2026-03-14T17:21:40Z,auth,INFO,logout for session 8567
2026-03-14T17:21:40Z,billing,INFO,dunning run 5269 complete
2026-03-14T17:21:40Z,postgres,INFO,autovacuum finished on table 98634
2026-03-14T17:21:45Z,payments,INFO,webhook 43050 acknowledged
2026-03-14T17:21:51Z,search,INFO,index segment 76407 merged
2026-03-14T17:21:58Z,checkout,INFO,cart 34701 converted in 269ms
2026-03-14T17:22:02Z,payments,INFO,charge 1103 authorised in 198ms
2026-03-14T17:22:04Z,auth,INFO,session 11661 refreshed
2026-03-14T17:22:29Z,checkout,INFO,session 36218 started
2026-03-14T17:22:31Z,search,INFO,"suggest cache warm, 96829 entries"
2026-03-14T17:22:32Z,search,INFO,query 36690 served in 268ms
2026-03-14T17:22:34Z,search,INFO,query 72425 served in 81ms
2026-03-14T17:22:40Z,search,INFO,index segment 3043 merged
2026-03-14T17:22:48Z,billing,INFO,dunning run 54909 complete
2026-03-14T17:22:52Z,checkout,INFO,payment intent 72501 created
2026-03-14T17:23:16Z,search,INFO,query 36131 served in 253ms
2026-03-14T17:23:25Z,checkout,INFO,cart 64342 converted in 129ms
2026-03-14T17:23:26Z,auth,INFO,logout for session 12136
2026-03-14T17:23:28Z,auth,INFO,login succeeded in 216ms
2026-03-14T17:23:30Z,deploy,INFO,artefact 18663 published
2026-03-14T17:23:30Z,deploy,INFO,pipeline 64214 green
2026-03-14T17:23:33Z,orders,INFO,inventory check 60591 passed
2026-03-14T17:23:44Z,billing,INFO,invoice 82471 rendered in 75ms
2026-03-14T17:23:50Z,billing,INFO,invoice 69991 rendered in 11ms
2026-03-14T17:23:55Z,postgres,INFO,replication lag 259ms
2026-03-14T17:23:57Z,postgres,INFO,autovacuum finished on table 23270
2026-03-14T17:24:01Z,billing,INFO,credit note 72531 issued
2026-03-14T17:24:01Z,search,INFO,"suggest cache warm, 39907 entries"
2026-03-14T17:24:07Z,billing,INFO,invoice 38746 rendered in 203ms
2026-03-14T17:24:10Z,payments,INFO,webhook 33528 acknowledged
2026-03-14T17:24:19Z,orders,INFO,order 42261 invoiced
2026-03-14T17:24:39Z,postgres,INFO,autovacuum finished on table 68698
2026-03-14T17:24:55Z,postgres,INFO,connection 47257 authorised
2026-03-14T17:24:56Z,billing,INFO,credit note 62575 issued
2026-03-14T17:24:58Z,checkout,INFO,session 1156 started
2026-03-14T17:25:01Z,checkout,INFO,cart 25820 abandoned after 127ms
2026-03-14T17:25:02Z,orders,INFO,order 64861 dispatched in 312ms
2026-03-14T17:25:05Z,billing,INFO,credit note 15117 issued
2026-03-14T17:25:07Z,checkout,INFO,cart 66920 abandoned after 162ms
2026-03-14T17:25:10Z,payments,INFO,refund 3506 completed
2026-03-14T17:25:14Z,payments,INFO,charge 73474 authorised in 9ms
2026-03-14T17:25:17Z,payments,INFO,charge 77780 authorised in 154ms
2026-03-14T17:25:25Z,search,INFO,index segment 37110 merged
2026-03-14T17:25:26Z,orders,INFO,order 30832 accepted
2026-03-14T17:25:34Z,auth,INFO,logout for session 77635
2026-03-14T17:25:54Z,search,INFO,index segment 99461 merged
2026-03-14T17:25:55Z,postgres,INFO,"checkpoint complete, 96793 buffers written"
2026-03-14T17:25:56Z,billing,INFO,dunning run 92756 complete
2026-03-14T17:26:02Z,checkout,INFO,cart 64955 converted in 278ms
2026-03-14T17:26:06Z,search,INFO,query 92461 served in 77ms
2026-03-14T17:26:14Z,auth,INFO,token issued for session 19344
2026-03-14T17:26:18Z,deploy,INFO,canary 84925 healthy
2026-03-14T17:26:24Z,auth,INFO,session 14103 refreshed
2026-03-14T17:26:27Z,billing,INFO,subscription 59090 renewed
2026-03-14T17:26:35Z,payments,INFO,refund 15153 completed
2026-03-14T17:26:35Z,search,INFO,"suggest cache warm, 53882 entries"
2026-03-14T17:26:45Z,billing,INFO,subscription 93831 renewed
2026-03-14T17:26:46Z,billing,INFO,dunning run 87250 complete
2026-03-14T17:26:50Z,billing,INFO,credit note 79503 issued
2026-03-14T17:27:04Z,orders,INFO,inventory check 72116 passed
2026-03-14T17:27:15Z,auth,INFO,session 88744 refreshed
2026-03-14T17:27:19Z,orders,INFO,inventory check 75088 passed
2026-03-14T17:27:27Z,billing,INFO,invoice 56611 rendered in 5ms
2026-03-14T17:27:43Z,auth,INFO,token issued for session 91573
2026-03-14T17:27:47Z,billing,INFO,credit note 61532 issued
2026-03-14T17:27:51Z,checkout,INFO,session 62716 started
2026-03-14T17:27:58Z,checkout,INFO,cart 47071 converted in 82ms
2026-03-14T17:28:04Z,postgres,INFO,connection 14853 authorised
2026-03-14T17:28:05Z,orders,INFO,order 93881 invoiced
2026-03-14T17:28:07Z,orders,INFO,order 86862 dispatched in 9ms
2026-03-14T17:28:31Z,billing,INFO,credit note 33302 issued
2026-03-14T17:28:33Z,auth,INFO,token issued for session 98215
2026-03-14T17:28:37Z,postgres,INFO,autovacuum finished on table 50078
2026-03-14T17:28:43Z,checkout,INFO,cart 97581 abandoned after 253ms
2026-03-14T17:28:43Z,checkout,INFO,payment intent 44287 created
2026-03-14T17:28:48Z,postgres,INFO,autovacuum finished on table 58834
2026-03-14T17:28:56Z,orders,INFO,order 26010 dispatched in 202ms
2026-03-14T17:29:00Z,orders,INFO,order 42787 accepted
2026-03-14T17:29:08Z,payments,INFO,settlement batch 62764 queued
2026-03-14T17:29:16Z,postgres,INFO,replication lag 67ms
2026-03-14T17:29:17Z,postgres,INFO,replication lag 8ms
2026-03-14T17:29:20Z,checkout,INFO,session 95286 started
2026-03-14T17:29:20Z,search,INFO,"suggest cache warm, 16564 entries"
2026-03-14T17:29:36Z,auth,INFO,login succeeded in 115ms
2026-03-14T17:30:02Z,billing,INFO,credit note 22385 issued
2026-03-14T17:30:11Z,payments,INFO,charge 69094 authorised in 247ms
2026-03-14T17:30:17Z,auth,INFO,logout for session 41379
2026-03-14T17:30:19Z,billing,INFO,dunning run 54343 complete
2026-03-14T17:30:26Z,postgres,INFO,connection 22082 authorised
2026-03-14T17:30:30Z,checkout,INFO,cart 6411 abandoned after 172ms
2026-03-14T17:30:32Z,payments,INFO,refund 85430 completed
2026-03-14T17:30:40Z,billing,INFO,credit note 73564 issued
2026-03-14T17:31:02Z,payments,INFO,settlement batch 88329 queued
2026-03-14T17:31:06Z,payments,INFO,webhook 68413 acknowledged
2026-03-14T17:31:08Z,payments,INFO,refund 64291 completed
2026-03-14T17:31:17Z,auth,INFO,login succeeded in 269ms
2026-03-14T17:31:32Z,postgres,INFO,connection 1988 authorised
2026-03-14T17:31:51Z,search,INFO,index segment 13605 merged
2026-03-14T17:31:59Z,orders,INFO,order 9657 accepted
2026-03-14T17:32:01Z,checkout,INFO,cart 25450 converted in 214ms
2026-03-14T17:32:01Z,checkout,INFO,cart 30929 converted in 212ms
2026-03-14T17:32:05Z,checkout,INFO,payment intent 92883 created
2026-03-14T17:32:08Z,search,INFO,query 94865 served in 81ms
2026-03-14T17:32:16Z,checkout,INFO,cart 62177 converted in 265ms
2026-03-14T17:32:18Z,orders,INFO,order 66235 dispatched in 66ms
2026-03-14T17:32:25Z,auth,INFO,logout for session 64979
2026-03-14T17:32:32Z,orders,INFO,order 63304 dispatched in 65ms
2026-03-14T17:32:33Z,billing,INFO,invoice 73631 rendered in 165ms
2026-03-14T17:32:33Z,orders,INFO,order 21545 invoiced
2026-03-14T17:32:39Z,billing,INFO,subscription 8757 renewed
2026-03-14T17:32:49Z,billing,INFO,credit note 94804 issued
2026-03-14T17:32:50Z,postgres,INFO,autovacuum finished on table 61361
2026-03-14T17:32:52Z,billing,INFO,dunning run 34432 complete
2026-03-14T17:32:58Z,auth,INFO,login succeeded in 84ms
2026-03-14T17:32:59Z,postgres,INFO,"checkpoint complete, 26372 buffers written"
2026-03-14T17:33:00Z,search,INFO,index segment 85176 merged
2026-03-14T17:33:21Z,postgres,INFO,autovacuum finished on table 23329
2026-03-14T17:33:22Z,checkout,INFO,payment intent 62812 created
2026-03-14T17:33:23Z,checkout,INFO,cart 11136 abandoned after 170ms
2026-03-14T17:33:34Z,deploy,INFO,canary 54758 healthy
2026-03-14T17:33:47Z,payments,INFO,webhook 32026 acknowledged
2026-03-14T17:33:59Z,postgres,INFO,replication lag 20ms
2026-03-14T17:34:01Z,postgres,INFO,replication lag 22ms
2026-03-14T17:34:06Z,postgres,INFO,autovacuum finished on table 43436
2026-03-14T17:34:18Z,orders,INFO,order 81826 invoiced
2026-03-14T17:34:20Z,search,INFO,index segment 30911 merged
2026-03-14T17:34:20Z,search,INFO,query 89207 served in 29ms
2026-03-14T17:34:24Z,checkout,INFO,cart 20682 converted in 167ms
2026-03-14T17:34:31Z,orders,INFO,order 21489 accepted
2026-03-14T17:34:31Z,orders,INFO,order 31834 dispatched in 119ms
2026-03-14T17:34:38Z,checkout,INFO,cart 59632 converted in 19ms
2026-03-14T17:34:52Z,auth,INFO,token issued for session 81254
2026-03-14T17:35:12Z,orders,INFO,order 66149 invoiced
2026-03-14T17:35:15Z,payments,INFO,refund 66956 completed
2026-03-14T17:35:17Z,postgres,INFO,replication lag 200ms
2026-03-14T17:35:18Z,postgres,INFO,"checkpoint complete, 50722 buffers written"
2026-03-14T17:35:24Z,auth,INFO,logout for session 42976
2026-03-14T17:35:33Z,auth,INFO,login succeeded in 174ms
2026-03-14T17:35:34Z,orders,INFO,order 87272 invoiced
2026-03-14T17:35:39Z,orders,INFO,order 81396 accepted
2026-03-14T17:35:44Z,search,INFO,query 64661 served in 278ms
2026-03-14T17:35:45Z,search,INFO,query 47199 served in 320ms
2026-03-14T17:35:56Z,checkout,INFO,cart 86310 converted in 72ms
2026-03-14T17:35:57Z,payments,INFO,refund 4433 completed
2026-03-14T17:35:59Z,search,INFO,index segment 35418 merged
2026-03-14T17:36:25Z,search,INFO,index segment 35630 merged
2026-03-14T17:36:27Z,billing,INFO,credit note 54531 issued
2026-03-14T17:36:28Z,billing,INFO,dunning run 80143 complete
2026-03-14T17:36:51Z,deploy,INFO,pipeline 80698 green
2026-03-14T17:36:51Z,postgres,INFO,"checkpoint complete, 8912 buffers written"
2026-03-14T17:36:51Z,search,INFO,index segment 54599 merged
2026-03-14T17:36:53Z,orders,INFO,order 71795 accepted
2026-03-14T17:36:57Z,search,INFO,query 11649 served in 50ms
2026-03-14T17:36:58Z,postgres,INFO,replication lag 68ms
2026-03-14T17:37:09Z,auth,INFO,login succeeded in 87ms
2026-03-14T17:37:11Z,checkout,INFO,cart 56295 converted in 262ms
2026-03-14T17:37:31Z,payments,INFO,webhook 99707 acknowledged
2026-03-14T17:37:40Z,checkout,INFO,session 94302 started
2026-03-14T17:37:46Z,payments,INFO,charge 34325 authorised in 43ms
2026-03-14T17:37:59Z,billing,INFO,invoice 43850 rendered in 205ms
2026-03-14T17:38:01Z,checkout,INFO,payment intent 58042 created
2026-03-14T17:38:06Z,postgres,INFO,connection 1572 authorised
2026-03-14T17:38:08Z,auth,INFO,session 76844 refreshed
2026-03-14T17:38:19Z,search,INFO,"suggest cache warm, 50180 entries"
2026-03-14T17:38:21Z,search,INFO,query 83871 served in 97ms
2026-03-14T17:38:25Z,payments,INFO,settlement batch 66825 queued
2026-03-14T17:38:41Z,auth,INFO,token issued for session 46607
2026-03-14T17:38:46Z,postgres,INFO,"checkpoint complete, 83189 buffers written"
2026-03-14T17:38:57Z,auth,INFO,token issued for session 10696
2026-03-14T17:39:07Z,auth,INFO,login succeeded in 236ms
2026-03-14T17:39:15Z,billing,INFO,dunning run 87892 complete
2026-03-14T17:39:22Z,payments,INFO,settlement batch 79005 queued
2026-03-14T17:39:28Z,billing,INFO,subscription 50628 renewed
2026-03-14T17:39:31Z,auth,INFO,login succeeded in 21ms
2026-03-14T17:39:31Z,checkout,INFO,cart 56067 converted in 87ms
2026-03-14T17:39:40Z,payments,INFO,refund 5373 completed
2026-03-14T17:39:41Z,deploy,INFO,artefact 43538 published
2026-03-14T17:39:43Z,orders,INFO,inventory check 22922 passed
2026-03-14T17:39:51Z,auth,INFO,logout for session 97033
2026-03-14T17:39:57Z,payments,INFO,refund 5035 completed
2026-03-14T17:40:00Z,checkout,ERROR,healthz timeout after 2000ms
2026-03-14T17:40:04Z,orders,INFO,order 40648 invoiced
2026-03-14T17:40:06Z,checkout,ERROR,healthz timeout after 2000ms
2026-03-14T17:40:12Z,checkout,ERROR,healthz timeout after 2000ms
2026-03-14T17:40:17Z,auth,INFO,login succeeded in 298ms
2026-03-14T17:40:17Z,postgres,INFO,connection 74913 authorised
2026-03-14T17:40:18Z,checkout,ERROR,healthz timeout after 2000ms
2026-03-14T17:40:18Z,postgres,INFO,"checkpoint complete, 78014 buffers written"
2026-03-14T17:40:23Z,search,INFO,query 19283 served in 25ms
2026-03-14T17:40:24Z,checkout,ERROR,healthz timeout after 2000ms
2026-03-14T17:40:27Z,auth,INFO,token issued for session 25783
2026-03-14T17:40:30Z,checkout,ERROR,healthz timeout after 2000ms
2026-03-14T17:40:31Z,postgres,INFO,"checkpoint complete, 33064 buffers written"
2026-03-14T17:40:32Z,payments,INFO,settlement batch 41463 queued
2026-03-14T17:40:36Z,checkout,ERROR,healthz timeout after 2000ms
2026-03-14T17:40:38Z,checkout,INFO,session 27147 started
2026-03-14T17:40:41Z,billing,INFO,credit note 96682 issued
2026-03-14T17:40:42Z,checkout,ERROR,healthz timeout after 2000ms
2026-03-14T17:40:46Z,auth,INFO,token issued for session 90628
2026-03-14T17:40:48Z,checkout,ERROR,healthz timeout after 2000ms
2026-03-14T17:40:53Z,billing,INFO,subscription 60648 renewed
2026-03-14T17:40:53Z,orders,INFO,order 53878 accepted
2026-03-14T17:40:54Z,checkout,ERROR,healthz timeout after 2000ms
2026-03-14T17:40:54Z,payments,INFO,charge 35131 authorised in 52ms
2026-03-14T17:40:56Z,auth,INFO,session 18003 refreshed
2026-03-14T17:40:57Z,orders,INFO,order 4703 invoiced
2026-03-14T17:40:58Z,payments,INFO,charge 48325 authorised in 226ms
2026-03-14T17:41:00Z,checkout,ERROR,healthz timeout after 2000ms
2026-03-14T17:41:01Z,auth,INFO,login succeeded in 64ms
2026-03-14T17:41:04Z,search,INFO,query 92798 served in 168ms
2026-03-14T17:41:06Z,checkout,ERROR,healthz timeout after 2000ms
2026-03-14T17:41:12Z,checkout,ERROR,healthz timeout after 2000ms
2026-03-14T17:41:18Z,checkout,ERROR,healthz timeout after 2000ms
2026-03-14T17:41:24Z,checkout,ERROR,healthz timeout after 2000ms
2026-03-14T17:41:28Z,checkout,INFO,cart 21944 converted in 192ms
2026-03-14T17:41:30Z,checkout,ERROR,healthz timeout after 2000ms
2026-03-14T17:41:34Z,orders,INFO,order 65087 invoiced
2026-03-14T17:41:36Z,checkout,ERROR,healthz timeout after 2000ms
2026-03-14T17:41:42Z,checkout,ERROR,healthz timeout after 2000ms
2026-03-14T17:41:45Z,billing,INFO,credit note 18104 issued
2026-03-14T17:41:48Z,checkout,ERROR,healthz timeout after 2000ms
2026-03-14T17:41:54Z,checkout,ERROR,healthz timeout after 2000ms
2026-03-14T17:41:56Z,checkout,INFO,session 8752 started
2026-03-14T17:41:57Z,postgres,INFO,"checkpoint complete, 82133 buffers written"
2026-03-14T17:42:00Z,checkout,ERROR,healthz timeout after 2000ms
2026-03-14T17:42:01Z,payments,INFO,charge 32750 authorised in 269ms
2026-03-14T17:42:06Z,checkout,ERROR,healthz timeout after 2000ms
2026-03-14T17:42:12Z,checkout,ERROR,healthz timeout after 2000ms
2026-03-14T17:42:16Z,search,INFO,"suggest cache warm, 79883 entries"
2026-03-14T17:42:18Z,checkout,ERROR,healthz timeout after 2000ms
2026-03-14T17:42:20Z,payments,INFO,webhook 38293 acknowledged
2026-03-14T17:42:24Z,checkout,ERROR,healthz timeout after 2000ms
2026-03-14T17:42:30Z,checkout,ERROR,healthz timeout after 2000ms
2026-03-14T17:42:33Z,postgres,INFO,replication lag 111ms
2026-03-14T17:42:36Z,checkout,ERROR,healthz timeout after 2000ms
2026-03-14T17:42:42Z,checkout,ERROR,healthz timeout after 2000ms
2026-03-14T17:42:43Z,billing,INFO,dunning run 84942 complete
2026-03-14T17:42:48Z,checkout,ERROR,healthz timeout after 2000ms
2026-03-14T17:42:49Z,orders,INFO,order 9196 dispatched in 126ms
2026-03-14T17:42:53Z,deploy,INFO,artefact 67180 published
2026-03-14T17:42:54Z,checkout,ERROR,healthz timeout after 2000ms
2026-03-14T17:43:00Z,checkout,ERROR,healthz timeout after 2000ms
2026-03-14T17:43:06Z,checkout,ERROR,healthz timeout after 2000ms
2026-03-14T17:43:12Z,checkout,ERROR,healthz timeout after 2000ms
2026-03-14T17:43:18Z,checkout,ERROR,healthz timeout after 2000ms
2026-03-14T17:43:18Z,orders,INFO,order 76475 accepted
2026-03-14T17:43:24Z,checkout,ERROR,healthz timeout after 2000ms
2026-03-14T17:43:26Z,search,INFO,index segment 41365 merged
2026-03-14T17:43:30Z,checkout,ERROR,healthz timeout after 2000ms
2026-03-14T17:43:33Z,orders,INFO,order 58035 dispatched in 67ms
2026-03-14T17:43:34Z,auth,INFO,session 84071 refreshed
2026-03-14T17:43:36Z,checkout,ERROR,healthz timeout after 2000ms
2026-03-14T17:43:40Z,auth,INFO,session 24863 refreshed
2026-03-14T17:43:42Z,checkout,ERROR,healthz timeout after 2000ms
2026-03-14T17:43:45Z,checkout,INFO,cart 41526 abandoned after 283ms
2026-03-14T17:43:48Z,checkout,ERROR,healthz timeout after 2000ms
2026-03-14T17:43:49Z,payments,INFO,charge 38034 authorised in 249ms
2026-03-14T17:43:54Z,checkout,ERROR,healthz timeout after 2000ms
2026-03-14T17:44:00Z,checkout,ERROR,healthz timeout after 2000ms
2026-03-14T17:44:01Z,search,INFO,"suggest cache warm, 88832 entries"
2026-03-14T17:44:03Z,checkout,INFO,cart 15987 abandoned after 157ms
2026-03-14T17:44:06Z,checkout,ERROR,healthz timeout after 2000ms
2026-03-14T17:44:12Z,checkout,ERROR,healthz timeout after 2000ms
2026-03-14T17:44:16Z,payments,INFO,settlement batch 77956 queued
2026-03-14T17:44:18Z,checkout,ERROR,healthz timeout after 2000ms
2026-03-14T17:44:21Z,auth,INFO,login succeeded in 289ms
2026-03-14T17:44:24Z,auth,INFO,logout for session 73234
2026-03-14T17:44:24Z,checkout,ERROR,healthz timeout after 2000ms
2026-03-14T17:44:28Z,payments,INFO,charge 75015 authorised in 66ms
2026-03-14T17:44:28Z,payments,INFO,settlement batch 7757 queued
2026-03-14T17:44:30Z,checkout,ERROR,healthz timeout after 2000ms
2026-03-14T17:44:31Z,billing,INFO,dunning run 44840 complete
2026-03-14T17:44:36Z,checkout,ERROR,healthz timeout after 2000ms
2026-03-14T17:44:43Z,postgres,INFO,replication lag 70ms
2026-03-14T17:44:46Z,search,INFO,query 39319 served in 121ms
2026-03-14T17:44:47Z,checkout,INFO,cart 1391 abandoned after 140ms
2026-03-14T17:44:51Z,orders,INFO,order 28305 dispatched in 142ms
2026-03-14T17:44:58Z,orders,INFO,inventory check 41423 passed
2026-03-14T17:45:00Z,payments,INFO,settlement batch 25121 queued
2026-03-14T17:45:03Z,orders,INFO,order 55268 dispatched in 19ms
2026-03-14T17:45:17Z,orders,INFO,order 24915 accepted
2026-03-14T17:45:22Z,billing,INFO,invoice 7920 rendered in 222ms
2026-03-14T17:45:24Z,orders,INFO,order 18924 dispatched in 117ms
2026-03-14T17:45:25Z,payments,INFO,refund 15591 completed
2026-03-14T17:45:27Z,payments,INFO,refund 28262 completed
2026-03-14T17:45:31Z,orders,INFO,order 79844 dispatched in 226ms
2026-03-14T17:45:32Z,checkout,INFO,session 93035 started
2026-03-14T17:45:34Z,checkout,INFO,session 40270 started
2026-03-14T17:45:45Z,billing,INFO,invoice 36999 rendered in 142ms
2026-03-14T17:45:53Z,search,INFO,index segment 9714 merged
2026-03-14T17:45:54Z,auth,INFO,session 11188 refreshed
2026-03-14T17:46:13Z,search,INFO,index segment 9285 merged
2026-03-14T17:46:24Z,auth,INFO,session 88359 refreshed
2026-03-14T17:46:24Z,search,INFO,query 45764 served in 227ms
2026-03-14T17:46:25Z,billing,INFO,subscription 37525 renewed
2026-03-14T17:46:26Z,payments,INFO,refund 98341 completed
2026-03-14T17:46:30Z,search,INFO,query 7190 served in 93ms
2026-03-14T17:46:34Z,checkout,INFO,cart 41296 converted in 11ms
2026-03-14T17:46:34Z,deploy,INFO,pipeline 18912 green
2026-03-14T17:46:43Z,checkout,INFO,payment intent 16404 created
2026-03-14T17:46:54Z,checkout,INFO,session 20991 started
2026-03-14T17:47:09Z,postgres,INFO,replication lag 85ms
2026-03-14T17:47:30Z,postgres,INFO,connection 50280 authorised
2026-03-14T17:47:37Z,billing,INFO,invoice 89357 rendered in 23ms
2026-03-14T17:47:46Z,search,INFO,"suggest cache warm, 68077 entries"
2026-03-14T17:47:55Z,orders,INFO,order 29040 accepted
2026-03-14T17:47:56Z,search,INFO,query 11038 served in 79ms
2026-03-14T17:48:04Z,auth,INFO,logout for session 32839
2026-03-14T17:48:04Z,orders,INFO,inventory check 62493 passed
2026-03-14T17:48:20Z,auth,INFO,login succeeded in 140ms
2026-03-14T17:48:24Z,search,INFO,"suggest cache warm, 4019 entries"
2026-03-14T17:48:30Z,checkout,INFO,payment intent 96717 created
2026-03-14T17:48:31Z,postgres,INFO,replication lag 128ms
2026-03-14T17:48:34Z,auth,INFO,logout for session 93549
2026-03-14T17:48:39Z,orders,INFO,order 80038 dispatched in 26ms
2026-03-14T17:48:48Z,search,INFO,query 11139 served in 17ms
2026-03-14T17:48:52Z,auth,INFO,session 31924 refreshed
2026-03-14T17:48:55Z,postgres,INFO,connection 61915 authorised
2026-03-14T17:48:56Z,payments,INFO,refund 5914 completed
2026-03-14T17:49:02Z,billing,INFO,credit note 52352 issued
2026-03-14T17:49:11Z,postgres,INFO,autovacuum finished on table 29304
2026-03-14T17:49:13Z,auth,INFO,login succeeded in 64ms
2026-03-14T17:49:23Z,postgres,INFO,"checkpoint complete, 53293 buffers written"
2026-03-14T17:49:46Z,auth,INFO,token issued for session 87228
2026-03-14T17:49:50Z,checkout,INFO,cart 3013 abandoned after 276ms
2026-03-14T17:49:51Z,payments,INFO,settlement batch 26641 queued
2026-03-14T17:49:51Z,payments,INFO,settlement batch 47158 queued
2026-03-14T17:49:51Z,search,INFO,query 37127 served in 181ms
2026-03-14T17:49:59Z,orders,INFO,order 64556 invoiced
2026-03-14T17:50:00Z,orders,INFO,order 84889 dispatched in 263ms
2026-03-14T17:50:00Z,search,ERROR,"upstream 429, backing off 1s"
2026-03-14T17:50:06Z,search,ERROR,"upstream 429, backing off 2s"
2026-03-14T17:50:09Z,auth,INFO,login succeeded in 22ms
2026-03-14T17:50:12Z,search,ERROR,"upstream 429, backing off 4s"
2026-03-14T17:50:14Z,postgres,INFO,connection 54314 authorised
2026-03-14T17:50:18Z,search,ERROR,"upstream 429, backing off 8s"
2026-03-14T17:50:19Z,payments,INFO,settlement batch 76578 queued
2026-03-14T17:50:24Z,auth,INFO,token issued for session 96201
2026-03-14T17:50:24Z,search,ERROR,"upstream 429, backing off 16s"
2026-03-14T17:50:29Z,payments,INFO,charge 85776 authorised in 266ms
2026-03-14T17:50:30Z,search,ERROR,"upstream 429, backing off 32s"
2026-03-14T17:50:36Z,search,ERROR,"upstream 429, backing off 32s"
2026-03-14T17:50:42Z,search,ERROR,"upstream 429, backing off 32s"
2026-03-14T17:50:46Z,search,INFO,index segment 17222 merged
2026-03-14T17:50:47Z,checkout,INFO,payment intent 57345 created
2026-03-14T17:50:48Z,search,ERROR,"upstream 429, backing off 32s"
2026-03-14T17:50:52Z,billing,INFO,dunning run 90795 complete
2026-03-14T17:50:54Z,search,ERROR,"upstream 429, backing off 32s"
2026-03-14T17:50:56Z,payments,INFO,settlement batch 91543 queued
2026-03-14T17:51:00Z,deploy,INFO,pipeline 83489 green
2026-03-14T17:51:00Z,search,ERROR,"upstream 429, backing off 32s"
2026-03-14T17:51:02Z,search,INFO,index segment 71936 merged
2026-03-14T17:51:06Z,checkout,INFO,cart 90994 converted in 281ms
2026-03-14T17:51:06Z,search,ERROR,"upstream 429, backing off 32s"
2026-03-14T17:51:09Z,checkout,INFO,cart 76338 abandoned after 248ms
2026-03-14T17:51:12Z,search,ERROR,"upstream 429, backing off 32s"
2026-03-14T17:51:13Z,checkout,INFO,cart 76456 converted in 114ms
2026-03-14T17:51:18Z,search,INFO,query 30744 served in 175ms
2026-03-14T17:51:18Z,search,ERROR,"upstream 429, backing off 32s"
2026-03-14T17:51:21Z,postgres,INFO,connection 2952 authorised
2026-03-14T17:51:24Z,search,ERROR,"upstream 429, backing off 32s"
2026-03-14T17:51:30Z,auth,INFO,token issued for session 93335
2026-03-14T17:51:30Z,search,ERROR,"upstream 429, backing off 32s"
2026-03-14T17:51:31Z,search,INFO,query 43470 served in 112ms
2026-03-14T17:51:36Z,search,ERROR,"upstream 429, backing off 32s"
2026-03-14T17:51:40Z,auth,INFO,login succeeded in 320ms
2026-03-14T17:51:41Z,postgres,INFO,"checkpoint complete, 27554 buffers written"
2026-03-14T17:51:42Z,search,ERROR,"upstream 429, backing off 32s"
2026-03-14T17:51:43Z,auth,INFO,login succeeded in 266ms
2026-03-14T17:51:48Z,search,ERROR,"upstream 429, backing off 32s"
2026-03-14T17:51:54Z,search,ERROR,"upstream 429, backing off 32s"
2026-03-14T17:51:57Z,search,INFO,query 34340 served in 262ms
2026-03-14T17:52:00Z,search,ERROR,"upstream 429, backing off 32s"
2026-03-14T17:52:01Z,billing,INFO,invoice 56899 rendered in 233ms
2026-03-14T17:52:02Z,payments,INFO,settlement batch 37430 queued
2026-03-14T17:52:04Z,checkout,INFO,payment intent 99379 created
2026-03-14T17:52:06Z,search,ERROR,"upstream 429, backing off 32s"
2026-03-14T17:52:07Z,billing,INFO,dunning run 56348 complete
2026-03-14T17:52:12Z,orders,INFO,order 75344 dispatched in 228ms
2026-03-14T17:52:12Z,search,ERROR,"upstream 429, backing off 32s"
2026-03-14T17:52:14Z,billing,INFO,subscription 24527 renewed
2026-03-14T17:52:15Z,postgres,INFO,autovacuum finished on table 73192
2026-03-14T17:52:18Z,search,ERROR,"upstream 429, backing off 32s"
2026-03-14T17:52:24Z,search,ERROR,"upstream 429, backing off 32s"
2026-03-14T17:52:30Z,search,ERROR,"upstream 429, backing off 32s"
2026-03-14T17:52:36Z,search,ERROR,"upstream 429, backing off 32s"
2026-03-14T17:52:42Z,search,ERROR,"upstream 429, backing off 32s"
2026-03-14T17:52:48Z,search,ERROR,"upstream 429, backing off 32s"
2026-03-14T17:52:54Z,orders,INFO,order 20791 accepted
2026-03-14T17:52:54Z,search,ERROR,"upstream 429, backing off 32s"
2026-03-14T17:52:58Z,payments,INFO,webhook 16310 acknowledged
2026-03-14T17:53:00Z,search,ERROR,"upstream 429, backing off 32s"
2026-03-14T17:53:06Z,search,ERROR,"upstream 429, backing off 32s"
2026-03-14T17:53:07Z,auth,INFO,login succeeded in 240ms
2026-03-14T17:53:08Z,search,INFO,query 76740 served in 309ms
2026-03-14T17:53:09Z,payments,INFO,settlement batch 15560 queued
2026-03-14T17:53:12Z,search,ERROR,"upstream 429, backing off 32s"
2026-03-14T17:53:18Z,search,ERROR,"upstream 429, backing off 32s"
2026-03-14T17:53:20Z,postgres,INFO,autovacuum finished on table 41137
2026-03-14T17:53:24Z,search,ERROR,"upstream 429, backing off 32s"
2026-03-14T17:53:30Z,search,ERROR,"upstream 429, backing off 32s"
2026-03-14T17:53:34Z,auth,INFO,token issued for session 89278
2026-03-14T17:53:36Z,search,ERROR,"upstream 429, backing off 32s"
2026-03-14T17:53:42Z,search,ERROR,"upstream 429, backing off 32s"
2026-03-14T17:53:43Z,billing,INFO,subscription 19230 renewed
2026-03-14T17:53:48Z,search,ERROR,"upstream 429, backing off 32s"
2026-03-14T17:53:53Z,auth,INFO,login succeeded in 91ms
2026-03-14T17:53:54Z,search,ERROR,"upstream 429, backing off 32s"
2026-03-14T17:54:00Z,search,ERROR,"upstream 429, backing off 32s"
2026-03-14T17:54:06Z,billing,INFO,invoice 6002 rendered in 265ms
2026-03-14T17:54:06Z,search,ERROR,"upstream 429, backing off 32s"
2026-03-14T17:54:08Z,orders,INFO,inventory check 82511 passed
2026-03-14T17:54:11Z,checkout,INFO,cart 57498 abandoned after 167ms
2026-03-14T17:54:12Z,search,ERROR,"upstream 429, backing off 32s"
2026-03-14T17:54:13Z,orders,INFO,order 74887 accepted
2026-03-14T17:54:17Z,postgres,INFO,"checkpoint complete, 26324 buffers written"
2026-03-14T17:54:18Z,search,ERROR,"upstream 429, backing off 32s"
2026-03-14T17:54:19Z,billing,INFO,dunning run 5448 complete
2026-03-14T17:54:23Z,deploy,INFO,artefact 47332 published
2026-03-14T17:54:24Z,search,ERROR,"upstream 429, backing off 32s"
2026-03-14T17:54:25Z,auth,INFO,logout for session 93596
2026-03-14T17:54:30Z,search,ERROR,"upstream 429, backing off 32s"
2026-03-14T17:54:32Z,orders,INFO,order 17028 invoiced
2026-03-14T17:54:36Z,search,ERROR,"upstream 429, backing off 32s"
2026-03-14T17:54:42Z,search,ERROR,"upstream 429, backing off 32s"
2026-03-14T17:54:50Z,payments,INFO,charge 41071 authorised in 105ms
2026-03-14T17:54:50Z,search,INFO,query 84227 served in 273ms
2026-03-14T17:54:52Z,search,INFO,query 82337 served in 96ms
2026-03-14T17:54:53Z,checkout,INFO,session 41297 started
2026-03-14T17:54:55Z,billing,INFO,subscription 77835 renewed
2026-03-14T17:55:00Z,postgres,INFO,connection 68033 authorised
2026-03-14T17:55:00Z,search,ERROR,"upstream 429, backing off 1s"
2026-03-14T17:55:06Z,search,ERROR,"upstream 429, backing off 2s"
2026-03-14T17:55:12Z,search,ERROR,"upstream 429, backing off 4s"
2026-03-14T17:55:15Z,postgres,INFO,connection 74691 authorised
2026-03-14T17:55:18Z,search,ERROR,"upstream 429, backing off 8s"
2026-03-14T17:55:24Z,search,ERROR,"upstream 429, backing off 16s"
2026-03-14T17:55:26Z,search,INFO,index segment 16021 merged
2026-03-14T17:55:30Z,search,ERROR,"upstream 429, backing off 32s"
2026-03-14T17:55:35Z,search,INFO,query 39318 served in 118ms
2026-03-14T17:55:36Z,search,ERROR,"upstream 429, backing off 32s"
2026-03-14T17:55:42Z,search,ERROR,"upstream 429, backing off 32s"
2026-03-14T17:55:44Z,auth,INFO,login succeeded in 85ms
2026-03-14T17:55:44Z,payments,INFO,settlement batch 10499 queued
2026-03-14T17:55:44Z,postgres,INFO,replication lag 118ms
2026-03-14T17:55:48Z,search,ERROR,"upstream 429, backing off 32s"
2026-03-14T17:55:54Z,auth,INFO,logout for session 44494
2026-03-14T17:55:54Z,search,ERROR,"upstream 429, backing off 32s"
2026-03-14T17:55:56Z,billing,INFO,dunning run 20739 complete
2026-03-14T17:56:00Z,search,ERROR,"upstream 429, backing off 32s"
2026-03-14T17:56:06Z,search,ERROR,"upstream 429, backing off 32s"
2026-03-14T17:56:12Z,search,ERROR,"upstream 429, backing off 32s"
2026-03-14T17:56:17Z,payments,INFO,refund 91053 completed
2026-03-14T17:56:18Z,search,INFO,"suggest cache warm, 33682 entries"
2026-03-14T17:56:18Z,search,ERROR,"upstream 429, backing off 32s"
2026-03-14T17:56:19Z,orders,INFO,order 1694 invoiced
2026-03-14T17:56:19Z,payments,INFO,refund 92854 completed
2026-03-14T17:56:24Z,search,ERROR,"upstream 429, backing off 32s"
2026-03-14T17:56:26Z,auth,INFO,session 36584 refreshed
2026-03-14T17:56:26Z,billing,INFO,credit note 60226 issued
2026-03-14T17:56:27Z,payments,INFO,settlement batch 80236 queued
2026-03-14T17:56:30Z,search,ERROR,"upstream 429, backing off 32s"
2026-03-14T17:56:36Z,search,ERROR,"upstream 429, backing off 32s"
2026-03-14T17:56:42Z,search,ERROR,"upstream 429, backing off 32s"
2026-03-14T17:56:43Z,deploy,INFO,pipeline 76565 green
2026-03-14T17:56:48Z,search,ERROR,"upstream 429, backing off 32s"
2026-03-14T17:56:50Z,checkout,INFO,cart 58177 abandoned after 90ms
2026-03-14T17:56:54Z,payments,INFO,charge 30832 authorised in 206ms
2026-03-14T17:56:54Z,search,ERROR,"upstream 429, backing off 32s"
2026-03-14T17:57:00Z,search,ERROR,"upstream 429, backing off 32s"
2026-03-14T17:57:02Z,billing,INFO,subscription 89680 renewed
2026-03-14T17:57:02Z,checkout,INFO,session 12953 started
2026-03-14T17:57:06Z,search,ERROR,"upstream 429, backing off 32s"
2026-03-14T17:57:08Z,billing,INFO,subscription 14659 renewed
2026-03-14T17:57:12Z,search,ERROR,"upstream 429, backing off 32s"
2026-03-14T17:57:18Z,search,ERROR,"upstream 429, backing off 32s"
2026-03-14T17:57:19Z,postgres,INFO,connection 31147 authorised
2026-03-14T17:57:20Z,billing,INFO,subscription 82992 renewed
2026-03-14T17:57:24Z,search,ERROR,"upstream 429, backing off 32s"
2026-03-14T17:57:30Z,search,ERROR,"upstream 429, backing off 32s"
2026-03-14T17:57:34Z,search,INFO,index segment 82967 merged
2026-03-14T17:57:36Z,search,ERROR,"upstream 429, backing off 32s"
2026-03-14T17:57:42Z,orders,INFO,order 96461 dispatched in 204ms
2026-03-14T17:57:42Z,search,ERROR,"upstream 429, backing off 32s"
2026-03-14T17:57:45Z,orders,INFO,inventory check 28979 passed
2026-03-14T17:57:46Z,payments,INFO,webhook 20162 acknowledged
2026-03-14T17:57:48Z,search,ERROR,"upstream 429, backing off 32s"
2026-03-14T17:57:54Z,search,ERROR,"upstream 429, backing off 32s"
2026-03-14T17:58:00Z,search,ERROR,"upstream 429, backing off 32s"
2026-03-14T17:58:02Z,billing,INFO,invoice 14012 rendered in 148ms
2026-03-14T17:58:06Z,search,ERROR,"upstream 429, backing off 32s"
2026-03-14T17:58:12Z,search,ERROR,"upstream 429, backing off 32s"
2026-03-14T17:58:18Z,search,ERROR,"upstream 429, backing off 32s"
2026-03-14T17:58:19Z,auth,INFO,login succeeded in 150ms
2026-03-14T17:58:20Z,search,INFO,query 79421 served in 112ms
2026-03-14T17:58:21Z,postgres,INFO,replication lag 238ms
2026-03-14T17:58:22Z,checkout,INFO,payment intent 62643 created
2026-03-14T17:58:24Z,orders,INFO,order 47857 dispatched in 96ms
2026-03-14T17:58:24Z,search,ERROR,"upstream 429, backing off 32s"
2026-03-14T17:58:25Z,orders,INFO,order 75692 invoiced
2026-03-14T17:58:30Z,search,ERROR,"upstream 429, backing off 32s"
2026-03-14T17:58:31Z,billing,INFO,credit note 72196 issued
2026-03-14T17:58:35Z,postgres,INFO,"checkpoint complete, 82743 buffers written"
2026-03-14T17:58:36Z,search,ERROR,"upstream 429, backing off 32s"
2026-03-14T17:58:40Z,payments,INFO,settlement batch 27009 queued
2026-03-14T17:58:42Z,search,ERROR,"upstream 429, backing off 32s"
2026-03-14T17:58:44Z,postgres,INFO,connection 15189 authorised
2026-03-14T17:58:48Z,search,ERROR,"upstream 429, backing off 32s"
2026-03-14T17:58:52Z,search,INFO,query 30750 served in 202ms
2026-03-14T17:58:54Z,search,ERROR,"upstream 429, backing off 32s"
2026-03-14T17:59:00Z,search,INFO,"recovered after 96 attempts, upstream healthy"
2026-03-14T17:59:00Z,search,ERROR,"upstream 429, backing off 32s"
2026-03-14T17:59:06Z,checkout,INFO,payment intent 7094 created
2026-03-14T17:59:06Z,search,ERROR,"upstream 429, backing off 32s"
2026-03-14T17:59:07Z,checkout,INFO,payment intent 99817 created
2026-03-14T17:59:12Z,search,ERROR,"upstream 429, backing off 32s"
2026-03-14T17:59:17Z,auth,INFO,token issued for session 23757
2026-03-14T17:59:18Z,search,ERROR,"upstream 429, backing off 32s"
2026-03-14T17:59:24Z,checkout,INFO,cart 32018 abandoned after 141ms
2026-03-14T17:59:24Z,search,ERROR,"upstream 429, backing off 32s"
2026-03-14T17:59:25Z,orders,INFO,order 12585 accepted
2026-03-14T17:59:29Z,billing,INFO,credit note 66275 issued
2026-03-14T17:59:30Z,search,ERROR,"upstream 429, backing off 32s"
2026-03-14T17:59:36Z,search,ERROR,"upstream 429, backing off 32s"
2026-03-14T17:59:41Z,payments,INFO,settlement batch 36094 queued
2026-03-14T17:59:42Z,search,ERROR,"upstream 429, backing off 32s"
2026-03-14T17:59:45Z,search,INFO,query 2466 served in 21ms
2026-03-14T17:59:46Z,payments,INFO,charge 7070 authorised in 109ms
2026-03-14T17:59:50Z,orders,INFO,order 95093 accepted
2026-03-14T17:59:51Z,orders,INFO,order 64494 dispatched in 202ms
2026-03-14T17:59:56Z,billing,INFO,invoice 37084 rendered in 103ms
2026-03-14T18:00:07Z,payments,INFO,refund 45778 completed
2026-03-14T18:00:09Z,payments,INFO,charge 48499 authorised in 23ms
2026-03-14T18:00:10Z,billing,INFO,invoice 10217 rendered in 201ms
2026-03-14T18:00:14Z,payments,INFO,charge 48465 authorised in 76ms
2026-03-14T18:00:17Z,auth,INFO,token issued for session 22795
2026-03-14T18:00:17Z,orders,INFO,order 55105 accepted
2026-03-14T18:00:29Z,checkout,INFO,session 17240 started
2026-03-14T18:00:44Z,deploy,INFO,pipeline 92076 green
2026-03-14T18:00:48Z,orders,INFO,order 53117 dispatched in 242ms
2026-03-14T18:00:48Z,postgres,INFO,"checkpoint complete, 33949 buffers written"
2026-03-14T18:00:48Z,postgres,INFO,replication lag 77ms
2026-03-14T18:00:50Z,checkout,INFO,session 45642 started
2026-03-14T18:00:50Z,checkout,INFO,session 67898 started
2026-03-14T18:00:51Z,billing,INFO,credit note 72798 issued
2026-03-14T18:01:00Z,postgres,INFO,replication lag 111ms
2026-03-14T18:01:02Z,search,INFO,index segment 95670 merged
2026-03-14T18:01:03Z,payments,INFO,charge 98415 authorised in 18ms
2026-03-14T18:01:06Z,billing,INFO,invoice 60109 rendered in 129ms
2026-03-14T18:01:12Z,postgres,INFO,connection 89770 authorised
2026-03-14T18:01:30Z,orders,INFO,order 16129 accepted
2026-03-14T18:01:34Z,billing,INFO,subscription 62882 renewed
2026-03-14T18:01:39Z,auth,INFO,token issued for session 78865
2026-03-14T18:01:46Z,postgres,INFO,connection 75187 authorised
2026-03-14T18:01:48Z,postgres,INFO,connection 26615 authorised
2026-03-14T18:01:49Z,search,INFO,query 30339 served in 144ms
2026-03-14T18:02:01Z,billing,INFO,dunning run 24521 complete
2026-03-14T18:02:05Z,search,INFO,"suggest cache warm, 43645 entries"
2026-03-14T18:02:07Z,billing,INFO,dunning run 5135 complete
2026-03-14T18:02:13Z,search,INFO,query 95569 served in 35ms
2026-03-14T18:02:17Z,auth,INFO,session 98973 refreshed
2026-03-14T18:02:19Z,orders,INFO,inventory check 29842 passed
2026-03-14T18:02:22Z,checkout,INFO,session 61727 started
2026-03-14T18:02:28Z,checkout,INFO,cart 13853 abandoned after 317ms
2026-03-14T18:03:03Z,auth,INFO,login succeeded in 320ms
2026-03-14T18:03:15Z,search,INFO,query 23812 served in 298ms
2026-03-14T18:03:17Z,payments,INFO,refund 83177 completed
2026-03-14T18:03:17Z,search,INFO,query 43772 served in 228ms
2026-03-14T18:03:37Z,search,INFO,"suggest cache warm, 20261 entries"
2026-03-14T18:03:47Z,orders,INFO,order 39448 accepted
2026-03-14T18:03:52Z,auth,INFO,logout for session 9405
2026-03-14T18:03:52Z,auth,INFO,token issued for session 6241
2026-03-14T18:03:56Z,postgres,INFO,connection 42554 authorised
2026-03-14T18:04:01Z,checkout,INFO,cart 86175 converted in 77ms
2026-03-14T18:04:10Z,postgres,INFO,replication lag 284ms
2026-03-14T18:04:14Z,search,INFO,index segment 50371 merged
2026-03-14T18:04:26Z,auth,INFO,token issued for session 78736
2026-03-14T18:04:30Z,payments,INFO,settlement batch 57045 queued
2026-03-14T18:04:35Z,billing,INFO,credit note 11915 issued
2026-03-14T18:04:41Z,auth,INFO,logout for session 16572
2026-03-14T18:04:56Z,postgres,INFO,autovacuum finished on table 81401
2026-03-14T18:05:09Z,checkout,INFO,session 12656 started
2026-03-14T18:05:12Z,search,INFO,query 74559 served in 263ms
2026-03-14T18:05:16Z,checkout,INFO,cart 64293 abandoned after 101ms
2026-03-14T18:05:17Z,checkout,INFO,cart 74249 converted in 223ms
2026-03-14T18:05:20Z,billing,INFO,invoice 22012 rendered in 157ms
2026-03-14T18:05:26Z,search,INFO,"suggest cache warm, 69562 entries"
2026-03-14T18:05:28Z,orders,INFO,order 87687 dispatched in 201ms
2026-03-14T18:05:38Z,billing,INFO,invoice 49315 rendered in 298ms
2026-03-14T18:05:40Z,postgres,INFO,"checkpoint complete, 8441 buffers written"
2026-03-14T18:05:42Z,payments,INFO,webhook 8968 acknowledged
2026-03-14T18:05:42Z,search,INFO,query 28035 served in 272ms
2026-03-14T18:05:45Z,orders,INFO,inventory check 41007 passed
2026-03-14T18:05:54Z,orders,INFO,order 3065 dispatched in 260ms
2026-03-14T18:06:09Z,billing,INFO,dunning run 23846 complete
2026-03-14T18:06:14Z,search,INFO,index segment 75852 merged
2026-03-14T18:06:25Z,auth,INFO,session 79633 refreshed
2026-03-14T18:06:28Z,billing,INFO,credit note 5850 issued
2026-03-14T18:06:35Z,search,INFO,query 44618 served in 50ms
2026-03-14T18:06:41Z,auth,INFO,token issued for session 60712
2026-03-14T18:06:52Z,payments,INFO,settlement batch 71023 queued
2026-03-14T18:06:54Z,checkout,INFO,cart 97476 converted in 175ms
2026-03-14T18:07:05Z,payments,INFO,refund 12328 completed
2026-03-14T18:07:17Z,billing,INFO,invoice 13651 rendered in 176ms
2026-03-14T18:07:20Z,payments,INFO,settlement batch 1947 queued
2026-03-14T18:07:29Z,postgres,INFO,replication lag 19ms
2026-03-14T18:07:29Z,postgres,INFO,replication lag 57ms
2026-03-14T18:07:44Z,postgres,INFO,connection 95125 authorised
2026-03-14T18:07:59Z,auth,INFO,login succeeded in 80ms
2026-03-14T18:08:03Z,billing,INFO,invoice 89889 rendered in 142ms
2026-03-14T18:08:03Z,search,INFO,query 24546 served in 250ms
2026-03-14T18:08:06Z,payments,INFO,settlement batch 35605 queued
2026-03-14T18:08:19Z,checkout,INFO,payment intent 3509 created
2026-03-14T18:08:20Z,billing,INFO,invoice 5344 rendered in 159ms
2026-03-14T18:08:21Z,search,INFO,"suggest cache warm, 50923 entries"
2026-03-14T18:08:25Z,payments,INFO,refund 72308 completed
2026-03-14T18:08:27Z,postgres,INFO,autovacuum finished on table 75235
2026-03-14T18:08:29Z,orders,INFO,order 6514 invoiced
2026-03-14T18:08:38Z,checkout,INFO,session 53619 started
2026-03-14T18:08:40Z,checkout,INFO,payment intent 3231 created
2026-03-14T18:08:53Z,postgres,INFO,autovacuum finished on table 12417
2026-03-14T18:08:59Z,checkout,INFO,payment intent 73930 created
2026-03-14T18:09:00Z,search,INFO,query 49926 served in 274ms
2026-03-14T18:09:11Z,auth,INFO,login succeeded in 6ms
2026-03-14T18:09:11Z,orders,INFO,order 16440 invoiced
2026-03-14T18:09:15Z,postgres,INFO,autovacuum finished on table 84598
2026-03-14T18:09:31Z,auth,INFO,login succeeded in 250ms
2026-03-14T18:09:41Z,billing,INFO,credit note 5137 issued
2026-03-14T18:09:48Z,search,INFO,index segment 71710 merged
2026-03-14T18:09:53Z,checkout,INFO,cart 62282 converted in 140ms
2026-03-14T18:09:54Z,payments,INFO,settlement batch 44554 queued
2026-03-14T18:10:14Z,postgres,INFO,autovacuum finished on table 33168
2026-03-14T18:10:16Z,postgres,INFO,connection 80921 authorised
2026-03-14T18:10:24Z,postgres,INFO,replication lag 138ms
2026-03-14T18:10:37Z,search,INFO,index segment 89775 merged
2026-03-14T18:10:42Z,orders,INFO,inventory check 20776 passed
2026-03-14T18:10:44Z,checkout,INFO,session 67138 started
2026-03-14T18:10:48Z,postgres,INFO,autovacuum finished on table 55965
2026-03-14T18:11:12Z,checkout,INFO,payment intent 54547 created
2026-03-14T18:11:17Z,postgres,INFO,connection 88059 authorised
2026-03-14T18:11:19Z,payments,INFO,refund 41539 completed
2026-03-14T18:11:21Z,auth,INFO,login succeeded in 287ms
2026-03-14T18:11:23Z,checkout,INFO,session 94470 started
2026-03-14T18:11:25Z,payments,INFO,charge 14682 authorised in 224ms
2026-03-14T18:11:31Z,auth,INFO,login succeeded in 283ms
2026-03-14T18:11:51Z,payments,INFO,refund 61293 completed
2026-03-14T18:11:52Z,search,INFO,"suggest cache warm, 42507 entries"
2026-03-14T18:12:00Z,search,INFO,query 81438 served in 222ms
2026-03-14T18:12:04Z,orders,INFO,order 43679 accepted
2026-03-14T18:12:11Z,orders,INFO,order 96055 accepted
2026-03-14T18:12:12Z,payments,INFO,charge 9337 authorised in 81ms
2026-03-14T18:12:20Z,payments,INFO,webhook 50041 acknowledged
2026-03-14T18:12:24Z,search,INFO,query 47405 served in 298ms
2026-03-14T18:12:32Z,billing,INFO,dunning run 11917 complete
2026-03-14T18:12:36Z,payments,INFO,webhook 88788 acknowledged
2026-03-14T18:12:44Z,orders,INFO,inventory check 39189 passed
2026-03-14T18:12:47Z,billing,INFO,invoice 29366 rendered in 304ms
2026-03-14T18:12:47Z,search,INFO,query 94820 served in 91ms
2026-03-14T18:12:52Z,orders,INFO,order 83861 dispatched in 110ms
2026-03-14T18:13:00Z,billing,INFO,subscription 2876 renewed
2026-03-14T18:13:01Z,billing,INFO,invoice 10925 rendered in 5ms
2026-03-14T18:13:01Z,checkout,INFO,payment intent 32233 created
2026-03-14T18:13:08Z,postgres,INFO,"checkpoint complete, 89482 buffers written"
2026-03-14T18:13:09Z,billing,INFO,invoice 44614 rendered in 10ms
2026-03-14T18:13:13Z,postgres,INFO,autovacuum finished on table 99929
2026-03-14T18:13:13Z,postgres,INFO,"checkpoint complete, 15427 buffers written"
2026-03-14T18:13:21Z,billing,INFO,credit note 23198 issued
2026-03-14T18:13:44Z,billing,INFO,invoice 9399 rendered in 260ms
2026-03-14T18:13:51Z,auth,INFO,logout for session 88241
2026-03-14T18:13:55Z,auth,INFO,session 95973 refreshed
2026-03-14T18:13:56Z,payments,INFO,charge 51958 authorised in 63ms
2026-03-14T18:14:01Z,auth,INFO,logout for session 35257
2026-03-14T18:14:01Z,search,INFO,"suggest cache warm, 82066 entries"
2026-03-14T18:14:16Z,checkout,INFO,cart 19314 abandoned after 290ms
2026-03-14T18:14:17Z,search,INFO,query 97455 served in 241ms
2026-03-14T18:14:17Z,search,INFO,"suggest cache warm, 33206 entries"
2026-03-14T18:14:18Z,postgres,INFO,autovacuum finished on table 93916
2026-03-14T18:14:28Z,payments,INFO,charge 3132 authorised in 48ms
2026-03-14T18:14:34Z,checkout,INFO,cart 87422 converted in 129ms
2026-03-14T18:14:37Z,payments,INFO,charge 68161 authorised in 241ms
2026-03-14T18:14:48Z,auth,INFO,session 43558 refreshed
2026-03-14T18:14:52Z,search,INFO,index segment 61055 merged
2026-03-14T18:15:00Z,billing,INFO,subscription 50641 renewed
2026-03-14T18:15:00Z,checkout,ERROR,healthz timeout after 2000ms
2026-03-14T18:15:06Z,checkout,ERROR,healthz timeout after 2000ms
2026-03-14T18:15:10Z,search,INFO,"suggest cache warm, 15687 entries"
2026-03-14T18:15:12Z,checkout,ERROR,healthz timeout after 2000ms
2026-03-14T18:15:15Z,auth,INFO,session 62031 refreshed
2026-03-14T18:15:15Z,orders,INFO,order 49091 invoiced
2026-03-14T18:15:18Z,checkout,ERROR,healthz timeout after 2000ms
2026-03-14T18:15:19Z,orders,INFO,order 7856 accepted
2026-03-14T18:15:21Z,auth,INFO,login succeeded in 213ms
2026-03-14T18:15:24Z,checkout,ERROR,healthz timeout after 2000ms
2026-03-14T18:15:30Z,checkout,ERROR,healthz timeout after 2000ms
2026-03-14T18:15:36Z,checkout,ERROR,healthz timeout after 2000ms
2026-03-14T18:15:40Z,search,INFO,"suggest cache warm, 63243 entries"
2026-03-14T18:15:42Z,checkout,ERROR,healthz timeout after 2000ms
2026-03-14T18:15:48Z,checkout,ERROR,healthz timeout after 2000ms
2026-03-14T18:15:48Z,search,INFO,index segment 75688 merged
2026-03-14T18:15:52Z,orders,INFO,order 30389 accepted
2026-03-14T18:15:54Z,checkout,ERROR,healthz timeout after 2000ms
2026-03-14T18:15:56Z,deploy,INFO,pipeline 7035 green
2026-03-14T18:15:57Z,orders,INFO,inventory check 50324 passed
2026-03-14T18:16:00Z,checkout,ERROR,healthz timeout after 2000ms
2026-03-14T18:16:06Z,checkout,ERROR,healthz timeout after 2000ms
2026-03-14T18:16:08Z,postgres,INFO,autovacuum finished on table 22860
2026-03-14T18:16:12Z,checkout,ERROR,healthz timeout after 2000ms
2026-03-14T18:16:12Z,checkout,INFO,payment intent 42986 created
2026-03-14T18:16:17Z,checkout,INFO,payment intent 48339 created
2026-03-14T18:16:18Z,checkout,ERROR,healthz timeout after 2000ms
2026-03-14T18:16:21Z,auth,INFO,logout for session 81146
2026-03-14T18:16:24Z,checkout,ERROR,healthz timeout after 2000ms
2026-03-14T18:16:27Z,checkout,INFO,cart 37124 abandoned after 150ms
2026-03-14T18:16:28Z,billing,INFO,invoice 47153 rendered in 115ms
2026-03-14T18:16:30Z,checkout,ERROR,healthz timeout after 2000ms
2026-03-14T18:16:33Z,payments,INFO,webhook 48143 acknowledged
2026-03-14T18:16:36Z,checkout,ERROR,healthz timeout after 2000ms
2026-03-14T18:16:37Z,postgres,INFO,autovacuum finished on table 89219
2026-03-14T18:16:42Z,auth,INFO,logout for session 88367
2026-03-14T18:16:42Z,checkout,ERROR,healthz timeout after 2000ms
2026-03-14T18:16:42Z,search,INFO,index segment 58661 merged
2026-03-14T18:16:44Z,payments,INFO,webhook 64423 acknowledged
2026-03-14T18:16:44Z,postgres,INFO,"checkpoint complete, 27953 buffers written"
2026-03-14T18:16:46Z,search,INFO,query 65353 served in 219ms
2026-03-14T18:16:48Z,checkout,ERROR,healthz timeout after 2000ms
2026-03-14T18:16:48Z,postgres,INFO,"checkpoint complete, 99156 buffers written"
2026-03-14T18:16:54Z,auth,INFO,session 67955 refreshed
2026-03-14T18:16:54Z,checkout,ERROR,healthz timeout after 2000ms
2026-03-14T18:16:59Z,auth,INFO,login succeeded in 261ms
2026-03-14T18:17:00Z,checkout,ERROR,healthz timeout after 2000ms
2026-03-14T18:17:00Z,postgres,INFO,replication lag 95ms
2026-03-14T18:17:06Z,billing,INFO,dunning run 33604 complete
2026-03-14T18:17:06Z,checkout,ERROR,healthz timeout after 2000ms
2026-03-14T18:17:10Z,billing,INFO,dunning run 19316 complete
2026-03-14T18:17:12Z,checkout,ERROR,healthz timeout after 2000ms
2026-03-14T18:17:18Z,checkout,ERROR,healthz timeout after 2000ms
2026-03-14T18:17:23Z,checkout,INFO,cart 39984 converted in 107ms
2026-03-14T18:17:24Z,checkout,ERROR,healthz timeout after 2000ms
2026-03-14T18:17:30Z,checkout,ERROR,healthz timeout after 2000ms
2026-03-14T18:17:32Z,orders,INFO,order 22973 dispatched in 55ms
2026-03-14T18:17:36Z,checkout,ERROR,healthz timeout after 2000ms
2026-03-14T18:17:41Z,auth,INFO,logout for session 92479
2026-03-14T18:17:42Z,checkout,ERROR,healthz timeout after 2000ms
2026-03-14T18:17:43Z,orders,INFO,order 3436 dispatched in 219ms
2026-03-14T18:17:44Z,orders,INFO,inventory check 68796 passed
2026-03-14T18:17:48Z,checkout,ERROR,healthz timeout after 2000ms
2026-03-14T18:17:54Z,checkout,ERROR,healthz timeout after 2000ms
2026-03-14T18:18:00Z,checkout,ERROR,healthz timeout after 2000ms
2026-03-14T18:18:01Z,checkout,INFO,cart 42495 converted in 238ms
2026-03-14T18:18:06Z,checkout,ERROR,healthz timeout after 2000ms
2026-03-14T18:18:08Z,payments,INFO,refund 56414 completed
2026-03-14T18:18:12Z,billing,INFO,credit note 58459 issued
2026-03-14T18:18:12Z,checkout,ERROR,healthz timeout after 2000ms
2026-03-14T18:18:12Z,orders,INFO,inventory check 73403 passed
2026-03-14T18:18:15Z,search,INFO,"suggest cache warm, 70078 entries"
2026-03-14T18:18:18Z,checkout,ERROR,healthz timeout after 2000ms
2026-03-14T18:18:24Z,checkout,ERROR,healthz timeout after 2000ms
2026-03-14T18:18:30Z,checkout,ERROR,healthz timeout after 2000ms
2026-03-14T18:18:36Z,checkout,INFO,cart 26809 abandoned after 244ms
2026-03-14T18:18:36Z,checkout,ERROR,healthz timeout after 2000ms
2026-03-14T18:18:42Z,checkout,ERROR,healthz timeout after 2000ms
2026-03-14T18:18:43Z,payments,INFO,webhook 69765 acknowledged
2026-03-14T18:18:48Z,checkout,ERROR,healthz timeout after 2000ms
2026-03-14T18:18:50Z,auth,INFO,token issued for session 2605
2026-03-14T18:18:53Z,orders,INFO,order 54637 invoiced
2026-03-14T18:18:54Z,checkout,ERROR,healthz timeout after 2000ms
2026-03-14T18:18:56Z,search,INFO,index segment 88473 merged
2026-03-14T18:18:59Z,auth,INFO,session 80626 refreshed
2026-03-14T18:19:00Z,checkout,ERROR,healthz timeout after 2000ms
2026-03-14T18:19:06Z,checkout,ERROR,healthz timeout after 2000ms
2026-03-14T18:19:12Z,checkout,ERROR,healthz timeout after 2000ms
2026-03-14T18:19:12Z,search,INFO,query 15333 served in 92ms
2026-03-14T18:19:16Z,search,INFO,"suggest cache warm, 69806 entries"
2026-03-14T18:19:18Z,checkout,ERROR,healthz timeout after 2000ms
2026-03-14T18:19:24Z,checkout,ERROR,healthz timeout after 2000ms
2026-03-14T18:19:30Z,billing,INFO,subscription 21593 renewed
2026-03-14T18:19:30Z,checkout,ERROR,healthz timeout after 2000ms
2026-03-14T18:19:36Z,checkout,ERROR,healthz timeout after 2000ms
2026-03-14T18:19:39Z,payments,INFO,settlement batch 4996 queued
2026-03-14T18:20:03Z,auth,INFO,session 68789 refreshed
2026-03-14T18:20:25Z,search,INFO,query 57266 served in 199ms
2026-03-14T18:20:29Z,checkout,INFO,session 37828 started
2026-03-14T18:20:31Z,orders,INFO,inventory check 21342 passed
2026-03-14T18:20:44Z,payments,INFO,charge 34547 authorised in 100ms
2026-03-14T18:20:49Z,search,INFO,query 50842 served in 93ms
2026-03-14T18:21:02Z,postgres,INFO,replication lag 206ms
2026-03-14T18:21:03Z,auth,INFO,session 41822 refreshed
2026-03-14T18:21:11Z,auth,INFO,token issued for session 40028
2026-03-14T18:21:11Z,payments,INFO,refund 62312 completed
2026-03-14T18:21:15Z,postgres,INFO,replication lag 158ms
2026-03-14T18:21:18Z,auth,INFO,login succeeded in 18ms
2026-03-14T18:21:18Z,auth,INFO,token issued for session 64529
2026-03-14T18:21:20Z,postgres,INFO,"checkpoint complete, 9541 buffers written"
2026-03-14T18:21:28Z,billing,INFO,subscription 64362 renewed
2026-03-14T18:21:33Z,search,INFO,"suggest cache warm, 3911 entries"
2026-03-14T18:21:36Z,billing,INFO,credit note 79951 issued
2026-03-14T18:21:41Z,payments,INFO,webhook 13069 acknowledged
2026-03-14T18:21:42Z,billing,INFO,invoice 1453 rendered in 115ms
2026-03-14T18:21:44Z,search,INFO,query 85996 served in 62ms
2026-03-14T18:21:52Z,postgres,INFO,"checkpoint complete, 99886 buffers written"
2026-03-14T18:21:55Z,auth,INFO,login succeeded in 180ms
2026-03-14T18:21:59Z,deploy,INFO,canary 88383 healthy
2026-03-14T18:22:00Z,payments,INFO,settlement batch 50160 queued
2026-03-14T18:22:02Z,orders,INFO,order 45682 dispatched in 289ms
2026-03-14T18:22:08Z,payments,INFO,refund 4776 completed
2026-03-14T18:22:17Z,payments,INFO,webhook 3372 acknowledged
2026-03-14T18:22:19Z,orders,INFO,inventory check 94290 passed
2026-03-14T18:22:22Z,search,INFO,index segment 67086 merged
2026-03-14T18:22:25Z,billing,INFO,invoice 42694 rendered in 263ms
2026-03-14T18:22:26Z,checkout,INFO,payment intent 3907 created
2026-03-14T18:22:29Z,auth,INFO,token issued for session 94737
2026-03-14T18:22:32Z,postgres,INFO,replication lag 312ms
2026-03-14T18:22:42Z,auth,INFO,token issued for session 15943
2026-03-14T18:22:44Z,orders,INFO,inventory check 9074 passed
2026-03-14T18:23:27Z,auth,INFO,token issued for session 85884
2026-03-14T18:23:32Z,checkout,INFO,payment intent 31263 created
2026-03-14T18:23:33Z,search,INFO,query 84543 served in 299ms
2026-03-14T18:23:37Z,payments,INFO,settlement batch 18369 queued
2026-03-14T18:23:47Z,payments,INFO,charge 81189 authorised in 165ms
2026-03-14T18:23:57Z,checkout,INFO,payment intent 8887 created
2026-03-14T18:24:01Z,postgres,INFO,replication lag 246ms
2026-03-14T18:24:01Z,search,INFO,index segment 45660 merged
2026-03-14T18:24:02Z,postgres,INFO,replication lag 183ms
2026-03-14T18:24:12Z,orders,INFO,order 45514 invoiced
2026-03-14T18:24:16Z,orders,INFO,order 25048 accepted
2026-03-14T18:24:17Z,payments,INFO,webhook 20183 acknowledged
2026-03-14T18:24:19Z,search,INFO,query 87176 served in 246ms
2026-03-14T18:24:24Z,postgres,INFO,autovacuum finished on table 15076
2026-03-14T18:24:30Z,checkout,INFO,cart 99300 abandoned after 289ms
2026-03-14T18:24:33Z,billing,INFO,credit note 15838 issued
2026-03-14T18:24:48Z,billing,INFO,dunning run 70292 complete
2026-03-14T18:24:56Z,search,INFO,query 2968 served in 53ms
2026-03-14T18:25:02Z,billing,INFO,invoice 92182 rendered in 186ms
2026-03-14T18:25:03Z,deploy,INFO,release 4.18.5 rolling out to 12 of 12 pods
2026-03-14T18:25:10Z,checkout,INFO,session 84870 started
2026-03-14T18:25:16Z,orders,INFO,order 42328 invoiced
2026-03-14T18:25:20Z,orders,ERROR,connection reset by peer
2026-03-14T18:25:22Z,orders,INFO,order 75908 accepted
2026-03-14T18:25:33Z,deploy,INFO,pipeline 54359 green
2026-03-14T18:25:34Z,auth,INFO,token issued for session 12718
2026-03-14T18:25:34Z,orders,INFO,order 44148 invoiced
2026-03-14T18:25:35Z,orders,ERROR,connection reset by peer
2026-03-14T18:25:50Z,orders,ERROR,connection reset by peer
2026-03-14T18:25:54Z,checkout,INFO,payment intent 51122 created
2026-03-14T18:26:02Z,auth,INFO,token issued for session 67840
2026-03-14T18:26:05Z,orders,ERROR,connection reset by peer
2026-03-14T18:26:06Z,orders,INFO,order 64630 invoiced
2026-03-14T18:26:08Z,orders,INFO,order 63933 invoiced
2026-03-14T18:26:08Z,search,INFO,query 21773 served in 192ms
2026-03-14T18:26:10Z,search,INFO,"suggest cache warm, 16025 entries"
2026-03-14T18:26:15Z,payments,INFO,refund 31277 completed
2026-03-14T18:26:20Z,orders,ERROR,connection reset by peer
2026-03-14T18:26:26Z,billing,INFO,invoice 52137 rendered in 196ms
2026-03-14T18:26:32Z,checkout,INFO,payment intent 71181 created
2026-03-14T18:26:35Z,orders,ERROR,connection reset by peer
2026-03-14T18:26:37Z,orders,INFO,inventory check 47671 passed
2026-03-14T18:26:44Z,postgres,INFO,replication lag 13ms
2026-03-14T18:26:45Z,payments,INFO,refund 85081 completed
2026-03-14T18:26:47Z,orders,INFO,order 35658 invoiced
2026-03-14T18:26:48Z,payments,INFO,webhook 5104 acknowledged
2026-03-14T18:26:49Z,postgres,INFO,autovacuum finished on table 55873
2026-03-14T18:26:50Z,orders,ERROR,connection reset by peer
2026-03-14T18:27:05Z,orders,ERROR,connection reset by peer
2026-03-14T18:27:07Z,checkout,INFO,cart 61094 converted in 274ms
2026-03-14T18:27:20Z,orders,ERROR,connection reset by peer
2026-03-14T18:27:24Z,payments,INFO,webhook 43665 acknowledged
2026-03-14T18:27:35Z,orders,ERROR,connection reset by peer
2026-03-14T18:27:35Z,orders,INFO,order 14105 dispatched in 42ms
2026-03-14T18:27:36Z,payments,INFO,refund 22685 completed
2026-03-14T18:27:38Z,search,INFO,"suggest cache warm, 64207 entries"
2026-03-14T18:27:50Z,orders,ERROR,connection reset by peer
2026-03-14T18:27:50Z,postgres,INFO,"checkpoint complete, 98311 buffers written"
2026-03-14T18:27:53Z,search,INFO,"suggest cache warm, 57405 entries"
2026-03-14T18:27:54Z,billing,INFO,dunning run 16571 complete
2026-03-14T18:27:56Z,search,INFO,index segment 65446 merged
2026-03-14T18:28:05Z,orders,ERROR,connection reset by peer
2026-03-14T18:28:05Z,payments,INFO,settlement batch 80569 queued
2026-03-14T18:28:08Z,billing,INFO,dunning run 51265 complete
2026-03-14T18:28:10Z,auth,INFO,login succeeded in 265ms
2026-03-14T18:28:10Z,search,INFO,query 10128 served in 148ms
2026-03-14T18:28:20Z,billing,INFO,credit note 21486 issued
2026-03-14T18:28:20Z,orders,ERROR,connection reset by peer
2026-03-14T18:28:20Z,search,INFO,index segment 95724 merged
2026-03-14T18:28:22Z,checkout,INFO,cart 14127 converted in 281ms
2026-03-14T18:28:23Z,auth,INFO,login succeeded in 270ms
2026-03-14T18:28:24Z,auth,INFO,logout for session 67867
2026-03-14T18:28:27Z,auth,INFO,session 18678 refreshed
2026-03-14T18:28:29Z,auth,INFO,token issued for session 42809
2026-03-14T18:28:34Z,payments,INFO,settlement batch 16889 queued
2026-03-14T18:28:35Z,auth,INFO,session 10493 refreshed
2026-03-14T18:28:35Z,orders,ERROR,connection reset by peer
2026-03-14T18:28:36Z,billing,INFO,dunning run 14488 complete
2026-03-14T18:28:37Z,postgres,INFO,"checkpoint complete, 29281 buffers written"
2026-03-14T18:28:39Z,checkout,INFO,session 82051 started
2026-03-14T18:28:44Z,checkout,INFO,cart 65802 converted in 242ms
2026-03-14T18:28:49Z,payments,INFO,settlement batch 32517 queued
2026-03-14T18:28:50Z,orders,ERROR,connection reset by peer
2026-03-14T18:28:55Z,search,INFO,query 20017 served in 180ms
2026-03-14T18:29:00Z,postgres,INFO,autovacuum finished on table 2440
2026-03-14T18:29:05Z,orders,ERROR,connection reset by peer
2026-03-14T18:29:20Z,billing,INFO,dunning run 46678 complete
2026-03-14T18:29:22Z,postgres,INFO,"checkpoint complete, 34385 buffers written"
2026-03-14T18:29:26Z,billing,INFO,credit note 84909 issued
2026-03-14T18:29:39Z,payments,INFO,webhook 84095 acknowledged
2026-03-14T18:29:41Z,search,INFO,"suggest cache warm, 34397 entries"
2026-03-14T18:29:50Z,orders,INFO,order 84389 invoiced
2026-03-14T18:30:00Z,auth,INFO,token issued for session 43537
2026-03-14T18:30:01Z,search,INFO,query 60392 served in 262ms
2026-03-14T18:30:07Z,checkout,INFO,session 23014 started
2026-03-14T18:30:09Z,payments,INFO,webhook 41892 acknowledged
2026-03-14T18:30:11Z,billing,INFO,dunning run 47002 complete
2026-03-14T18:30:16Z,checkout,INFO,payment intent 91174 created
2026-03-14T18:30:20Z,orders,ERROR,connection reset by peer
2026-03-14T18:30:26Z,postgres,INFO,autovacuum finished on table 17176
2026-03-14T18:30:30Z,orders,INFO,order 48009 dispatched in 143ms
2026-03-14T18:30:31Z,orders,INFO,order 94917 dispatched in 112ms
2026-03-14T18:30:35Z,orders,ERROR,connection reset by peer
2026-03-14T18:30:38Z,postgres,INFO,connection 19946 authorised
2026-03-14T18:30:47Z,payments,INFO,charge 22362 authorised in 319ms
2026-03-14T18:30:50Z,orders,ERROR,connection reset by peer
2026-03-14T18:31:05Z,orders,ERROR,connection reset by peer
2026-03-14T18:31:08Z,billing,INFO,invoice 73008 rendered in 25ms
2026-03-14T18:31:10Z,orders,INFO,order 80712 accepted
2026-03-14T18:31:14Z,payments,INFO,webhook 14560 acknowledged
2026-03-14T18:31:16Z,postgres,INFO,replication lag 260ms
2026-03-14T18:31:20Z,orders,ERROR,connection reset by peer
2026-03-14T18:31:22Z,orders,INFO,order 89458 accepted
2026-03-14T18:31:24Z,deploy,INFO,canary 70792 healthy
2026-03-14T18:31:27Z,auth,INFO,session 83210 refreshed
2026-03-14T18:31:34Z,auth,INFO,token issued for session 97639
2026-03-14T18:31:34Z,checkout,INFO,cart 73064 converted in 91ms
2026-03-14T18:31:35Z,orders,ERROR,connection reset by peer
2026-03-14T18:31:37Z,search,INFO,index segment 7745 merged
2026-03-14T18:31:50Z,orders,ERROR,connection reset by peer
2026-03-14T18:31:53Z,auth,INFO,logout for session 99741
2026-03-14T18:31:53Z,orders,INFO,order 36620 accepted
2026-03-14T18:31:55Z,auth,INFO,token issued for session 14429
2026-03-14T18:32:05Z,orders,ERROR,connection reset by peer
2026-03-14T18:32:16Z,postgres,INFO,"checkpoint complete, 45544 buffers written"
2026-03-14T18:32:20Z,orders,ERROR,connection reset by peer
2026-03-14T18:32:28Z,billing,INFO,subscription 42887 renewed
2026-03-14T18:32:29Z,postgres,INFO,"checkpoint complete, 45477 buffers written"
2026-03-14T18:32:35Z,orders,ERROR,connection reset by peer
2026-03-14T18:32:36Z,search,INFO,index segment 65763 merged
2026-03-14T18:32:39Z,payments,INFO,settlement batch 84073 queued
2026-03-14T18:32:39Z,search,INFO,query 99702 served in 223ms
2026-03-14T18:32:44Z,checkout,INFO,payment intent 79004 created
2026-03-14T18:32:49Z,payments,INFO,charge 54012 authorised in 140ms
2026-03-14T18:32:50Z,orders,ERROR,connection reset by peer
2026-03-14T18:33:05Z,orders,ERROR,connection reset by peer
2026-03-14T18:33:12Z,payments,INFO,webhook 65768 acknowledged
2026-03-14T18:33:15Z,billing,INFO,invoice 61925 rendered in 218ms
2026-03-14T18:33:17Z,checkout,INFO,session 71110 started
2026-03-14T18:33:20Z,orders,ERROR,connection reset by peer
2026-03-14T18:33:21Z,postgres,INFO,autovacuum finished on table 83598
2026-03-14T18:33:31Z,orders,INFO,order 36650 accepted
2026-03-14T18:33:35Z,orders,ERROR,connection reset by peer
2026-03-14T18:33:41Z,orders,INFO,order 69332 dispatched in 99ms
2026-03-14T18:33:50Z,orders,ERROR,connection reset by peer
2026-03-14T18:33:51Z,auth,INFO,logout for session 44447
2026-03-14T18:33:52Z,search,INFO,query 24082 served in 114ms
2026-03-14T18:33:55Z,auth,INFO,login succeeded in 44ms
2026-03-14T18:33:56Z,postgres,INFO,connection 68863 authorised
2026-03-14T18:34:05Z,orders,ERROR,connection reset by peer
2026-03-14T18:34:07Z,billing,INFO,invoice 90772 rendered in 202ms
2026-03-14T18:34:09Z,search,INFO,"suggest cache warm, 61331 entries"
2026-03-14T18:34:20Z,postgres,INFO,replication lag 291ms
2026-03-14T18:34:30Z,orders,INFO,"healthy, 12 of 12 pods ready"
2026-03-14T18:34:33Z,checkout,INFO,session 22248 started
2026-03-14T18:34:34Z,postgres,INFO,connection 3666 authorised
2026-03-14T18:34:35Z,deploy,INFO,"release complete, no rollback"
2026-03-14T18:34:38Z,billing,INFO,invoice 91606 rendered in 69ms
2026-03-14T18:34:46Z,checkout,INFO,session 72457 started
2026-03-14T18:34:51Z,checkout,INFO,session 79415 started
2026-03-14T18:34:51Z,checkout,WARN,"slow downstream call to search, 799ms"
2026-03-14T18:34:55Z,checkout,INFO,cart 18015 converted in 172ms
2026-03-14T18:34:56Z,deploy,INFO,pipeline 53099 green
2026-03-14T18:34:59Z,search,INFO,query 54453 served in 99ms
2026-03-14T18:35:05Z,orders,INFO,order 27274 invoiced
2026-03-14T18:35:08Z,payments,INFO,settlement batch 17931 queued
2026-03-14T18:35:13Z,orders,INFO,inventory check 19769 passed
2026-03-14T18:35:15Z,checkout,INFO,payment intent 31547 created
2026-03-14T18:35:15Z,deploy,INFO,artefact 83689 published
2026-03-14T18:35:31Z,auth,INFO,session 46846 refreshed
2026-03-14T18:35:31Z,orders,INFO,order 41338 invoiced
2026-03-14T18:35:41Z,search,INFO,index segment 75985 merged
2026-03-14T18:35:41Z,search,INFO,"suggest cache warm, 37690 entries"
2026-03-14T18:35:48Z,postgres,INFO,autovacuum finished on table 91033
2026-03-14T18:35:49Z,postgres,INFO,replication lag 180ms
2026-03-14T18:35:55Z,payments,INFO,refund 43094 completed
2026-03-14T18:36:07Z,billing,INFO,invoice 75042 rendered in 279ms
2026-03-14T18:36:14Z,auth,INFO,token issued for session 62145
2026-03-14T18:36:26Z,search,INFO,query 1570 served in 272ms
2026-03-14T18:36:28Z,orders,INFO,order 61180 invoiced
2026-03-14T18:36:35Z,postgres,INFO,"checkpoint complete, 65005 buffers written"
2026-03-14T18:36:44Z,auth,INFO,logout for session 46900
2026-03-14T18:36:55Z,orders,INFO,order 65179 accepted
2026-03-14T18:36:58Z,search,INFO,index segment 87699 merged
2026-03-14T18:37:12Z,orders,INFO,order 37754 invoiced
2026-03-14T18:37:15Z,postgres,INFO,"checkpoint complete, 5997 buffers written"
2026-03-14T18:37:23Z,search,INFO,query 14540 served in 120ms
2026-03-14T18:37:25Z,postgres,INFO,"checkpoint complete, 16570 buffers written"
2026-03-14T18:37:26Z,checkout,INFO,payment intent 98941 created
2026-03-14T18:37:53Z,auth,INFO,session 56269 refreshed
2026-03-14T18:38:12Z,billing,INFO,invoice 79213 rendered in 19ms
2026-03-14T18:38:19Z,orders,INFO,inventory check 34540 passed
2026-03-14T18:38:32Z,auth,INFO,session 53359 refreshed
2026-03-14T18:38:46Z,checkout,INFO,cart 98688 abandoned after 282ms
2026-03-14T18:38:49Z,search,INFO,index segment 24766 merged
2026-03-14T18:38:53Z,auth,INFO,session 69703 refreshed
2026-03-14T18:39:02Z,payments,INFO,charge 2475 authorised in 6ms
2026-03-14T18:39:05Z,billing,INFO,dunning run 62114 complete
2026-03-14T18:39:10Z,checkout,INFO,session 84505 started
2026-03-14T18:39:11Z,orders,INFO,inventory check 15302 passed
2026-03-14T18:39:14Z,checkout,INFO,cart 96421 abandoned after 211ms
2026-03-14T18:39:27Z,billing,INFO,credit note 84230 issued
2026-03-14T18:39:30Z,billing,INFO,dunning run 42261 complete
2026-03-14T18:39:33Z,postgres,INFO,"checkpoint complete, 35378 buffers written"
2026-03-14T18:39:36Z,payments,INFO,webhook 81953 acknowledged
2026-03-14T18:39:45Z,billing,INFO,dunning run 95881 complete
2026-03-14T18:39:48Z,payments,INFO,webhook 54284 acknowledged
2026-03-14T18:39:57Z,checkout,INFO,payment intent 41918 created
2026-03-14T18:39:57Z,orders,INFO,order 13162 accepted
2026-03-14T18:40:06Z,checkout,INFO,session 67468 started
2026-03-14T18:40:11Z,billing,INFO,credit note 72366 issued
2026-03-14T18:40:12Z,auth,INFO,login succeeded in 119ms
2026-03-14T18:40:19Z,checkout,INFO,cart 89969 converted in 269ms
2026-03-14T18:40:20Z,checkout,INFO,cart 67001 converted in 139ms
2026-03-14T18:40:23Z,orders,INFO,order 93008 accepted
2026-03-14T18:40:31Z,orders,INFO,order 36468 accepted
2026-03-14T18:40:34Z,search,INFO,"suggest cache warm, 96070 entries"
2026-03-14T18:40:38Z,billing,INFO,dunning run 78389 complete
2026-03-14T18:40:58Z,search,INFO,query 85340 served in 227ms
2026-03-14T18:40:59Z,payments,INFO,settlement batch 22375 queued
2026-03-14T18:41:05Z,checkout,INFO,session 4874 started
2026-03-14T18:41:10Z,search,INFO,query 39539 served in 242ms
2026-03-14T18:41:24Z,auth,INFO,session 52614 refreshed
2026-03-14T18:41:29Z,checkout,INFO,session 86421 started
2026-03-14T18:41:29Z,deploy,INFO,artefact 58015 published
2026-03-14T18:41:39Z,auth,INFO,token issued for session 22390
2026-03-14T18:41:48Z,payments,INFO,settlement batch 89913 queued
2026-03-14T18:41:49Z,search,INFO,query 66517 served in 109ms
2026-03-14T18:41:50Z,postgres,INFO,replication lag 17ms
2026-03-14T18:41:51Z,auth,INFO,login succeeded in 230ms
2026-03-14T18:41:52Z,payments,INFO,webhook 87035 acknowledged
2026-03-14T18:41:55Z,auth,INFO,session 57832 refreshed
2026-03-14T18:41:57Z,orders,INFO,order 94325 invoiced
2026-03-14T18:42:16Z,orders,INFO,order 99351 accepted
2026-03-14T18:42:30Z,search,INFO,"suggest cache warm, 80401 entries"
2026-03-14T18:42:31Z,search,INFO,index segment 84292 merged
2026-03-14T18:42:34Z,search,INFO,query 88493 served in 40ms
2026-03-14T18:42:48Z,orders,INFO,inventory check 74620 passed
2026-03-14T18:42:48Z,postgres,INFO,connection 40059 authorised
2026-03-14T18:43:14Z,auth,INFO,login succeeded in 282ms
2026-03-14T18:43:16Z,billing,INFO,dunning run 41143 complete
2026-03-14T18:43:18Z,orders,INFO,order 50167 invoiced
2026-03-14T18:43:21Z,payments,INFO,refund 43982 completed
2026-03-14T18:43:21Z,payments,INFO,settlement batch 41842 queued
2026-03-14T18:43:28Z,payments,INFO,charge 71866 authorised in 265ms
2026-03-14T18:43:35Z,postgres,INFO,replication lag 168ms
2026-03-14T18:43:41Z,payments,INFO,settlement batch 93115 queued
2026-03-14T18:43:46Z,payments,INFO,refund 47271 completed
2026-03-14T18:43:49Z,billing,INFO,subscription 85408 renewed
2026-03-14T18:43:56Z,orders,INFO,order 88264 accepted
2026-03-14T18:44:04Z,postgres,INFO,connection 92767 authorised
2026-03-14T18:44:12Z,checkout,INFO,payment intent 83453 created
2026-03-14T18:44:12Z,search,INFO,query 8991 served in 264ms
2026-03-14T18:44:19Z,search,INFO,query 98759 served in 223ms
2026-03-14T18:44:21Z,orders,INFO,order 85487 accepted
2026-03-14T18:44:24Z,checkout,INFO,cart 97262 abandoned after 157ms
2026-03-14T18:44:29Z,billing,INFO,subscription 13742 renewed
2026-03-14T18:44:35Z,postgres,INFO,replication lag 82ms
2026-03-14T18:44:46Z,checkout,INFO,payment intent 7460 created
2026-03-14T18:45:05Z,checkout,INFO,session 43956 started
2026-03-14T18:45:09Z,billing,INFO,dunning run 15563 complete
2026-03-14T18:45:21Z,orders,INFO,inventory check 98111 passed
2026-03-14T18:45:28Z,checkout,INFO,cart 78084 converted in 319ms
2026-03-14T18:45:31Z,search,INFO,query 41852 served in 35ms
2026-03-14T18:45:37Z,auth,INFO,token issued for session 7394
2026-03-14T18:45:48Z,auth,INFO,login succeeded in 309ms
2026-03-14T18:45:50Z,search,INFO,"suggest cache warm, 20502 entries"
2026-03-14T18:45:55Z,checkout,INFO,session 89530 started
2026-03-14T18:46:01Z,auth,INFO,token issued for session 11989
2026-03-14T18:46:09Z,postgres,INFO,autovacuum finished on table 82552
2026-03-14T18:46:17Z,payments,INFO,charge 76847 authorised in 260ms
2026-03-14T18:46:21Z,billing,INFO,invoice 10360 rendered in 61ms
2026-03-14T18:46:30Z,postgres,INFO,connection 1107 authorised
2026-03-14T18:46:45Z,orders,INFO,order 59477 invoiced
2026-03-14T18:46:47Z,checkout,INFO,cart 20696 abandoned after 80ms
2026-03-14T18:46:54Z,auth,INFO,login succeeded in 19ms
2026-03-14T18:46:58Z,orders,INFO,order 19728 dispatched in 68ms
2026-03-14T18:47:02Z,checkout,INFO,cart 77006 abandoned after 219ms
2026-03-14T18:47:11Z,checkout,INFO,cart 92172 abandoned after 309ms
2026-03-14T18:47:11Z,orders,INFO,order 69263 invoiced
2026-03-14T18:47:12Z,billing,INFO,credit note 79374 issued
2026-03-14T18:47:17Z,search,INFO,query 59499 served in 319ms
2026-03-14T18:47:20Z,billing,INFO,invoice 15253 rendered in 88ms
2026-03-14T18:47:27Z,auth,INFO,login succeeded in 275ms
2026-03-14T18:47:27Z,billing,INFO,subscription 38613 renewed
2026-03-14T18:47:29Z,postgres,INFO,autovacuum finished on table 99756
2026-03-14T18:47:31Z,search,INFO,index segment 57170 merged
2026-03-14T18:47:48Z,orders,INFO,order 49039 invoiced
2026-03-14T18:47:54Z,orders,INFO,order 23815 dispatched in 287ms
2026-03-14T18:47:58Z,deploy,INFO,artefact 98229 published
2026-03-14T18:47:59Z,search,INFO,"suggest cache warm, 51976 entries"
2026-03-14T18:48:26Z,payments,INFO,webhook 20169 acknowledged
2026-03-14T18:48:29Z,billing,INFO,credit note 77375 issued
2026-03-14T18:48:32Z,checkout,INFO,cart 56003 converted in 200ms
2026-03-14T18:48:32Z,payments,INFO,refund 76656 completed
2026-03-14T18:48:35Z,billing,INFO,subscription 80049 renewed
2026-03-14T18:48:39Z,billing,INFO,credit note 48063 issued
2026-03-14T18:49:00Z,payments,INFO,charge 22302 authorised in 17ms
2026-03-14T18:49:00Z,search,INFO,"suggest cache warm, 75779 entries"
2026-03-14T18:49:04Z,postgres,INFO,"checkpoint complete, 34455 buffers written"
2026-03-14T18:49:05Z,checkout,INFO,cart 40548 abandoned after 231ms
2026-03-14T18:49:10Z,checkout,INFO,payment intent 15205 created
2026-03-14T18:49:18Z,orders,INFO,order 96686 accepted
2026-03-14T18:49:23Z,orders,INFO,order 84993 accepted
2026-03-14T18:49:28Z,auth,INFO,session 61163 refreshed
2026-03-14T18:49:28Z,payments,INFO,webhook 99265 acknowledged
2026-03-14T18:49:31Z,auth,INFO,login succeeded in 62ms
2026-03-14T18:49:41Z,postgres,INFO,"checkpoint complete, 42239 buffers written"
2026-03-14T18:49:45Z,billing,INFO,subscription 30977 renewed
2026-03-14T18:49:54Z,payments,INFO,webhook 62138 acknowledged
2026-03-14T18:49:54Z,search,INFO,index segment 40081 merged
2026-03-14T18:49:59Z,payments,INFO,refund 29011 completed
2026-03-14T18:50:06Z,billing,INFO,subscription 21708 renewed
2026-03-14T18:50:17Z,postgres,INFO,"checkpoint complete, 37453 buffers written"
2026-03-14T18:50:17Z,search,INFO,query 18120 served in 140ms
2026-03-14T18:50:18Z,orders,INFO,order 23462 dispatched in 181ms
2026-03-14T18:50:23Z,checkout,INFO,cart 52638 converted in 174ms
2026-03-14T18:50:43Z,billing,INFO,subscription 25844 renewed
2026-03-14T18:50:45Z,deploy,INFO,canary 87016 healthy
2026-03-14T18:50:51Z,billing,INFO,dunning run 28647 complete
2026-03-14T18:51:01Z,orders,INFO,order 29238 accepted
2026-03-14T18:51:04Z,billing,INFO,subscription 54368 renewed
2026-03-14T18:51:04Z,postgres,INFO,replication lag 253ms
2026-03-14T18:51:10Z,billing,INFO,dunning run 77023 complete
2026-03-14T18:51:12Z,billing,INFO,subscription 32132 renewed
2026-03-14T18:51:14Z,checkout,INFO,payment intent 39393 created
2026-03-14T18:51:19Z,auth,INFO,login succeeded in 36ms
2026-03-14T18:51:24Z,auth,INFO,token issued for session 56792
2026-03-14T18:51:29Z,payments,INFO,charge 22258 authorised in 316ms
2026-03-14T18:51:32Z,postgres,INFO,"checkpoint complete, 78717 buffers written"
2026-03-14T18:51:36Z,auth,INFO,token issued for session 29923
2026-03-14T18:51:57Z,payments,INFO,settlement batch 67217 queued
2026-03-14T18:52:03Z,checkout,INFO,cart 7128 converted in 63ms
2026-03-14T18:52:08Z,postgres,INFO,connection 8025 authorised
2026-03-14T18:52:11Z,auth,INFO,login succeeded in 151ms
2026-03-14T18:52:13Z,postgres,INFO,connection 60408 authorised
2026-03-14T18:52:33Z,auth,INFO,token issued for session 24899
2026-03-14T18:52:33Z,checkout,INFO,cart 33596 abandoned after 232ms
2026-03-14T18:52:33Z,search,INFO,"suggest cache warm, 63032 entries"
2026-03-14T18:52:39Z,checkout,INFO,cart 97960 converted in 60ms
2026-03-14T18:52:39Z,payments,INFO,charge 78358 authorised in 221ms
2026-03-14T18:52:48Z,auth,INFO,session 54534 refreshed
2026-03-14T18:52:48Z,postgres,INFO,autovacuum finished on table 5238
2026-03-14T18:52:55Z,payments,INFO,refund 76107 completed
2026-03-14T18:53:09Z,checkout,INFO,cart 8943 converted in 300ms
2026-03-14T18:53:10Z,orders,INFO,inventory check 62225 passed
2026-03-14T18:53:13Z,deploy,INFO,pipeline 47982 green
2026-03-14T18:53:14Z,billing,INFO,subscription 12262 renewed
2026-03-14T18:53:17Z,orders,INFO,order 98081 dispatched in 177ms
2026-03-14T18:53:38Z,orders,INFO,order 42230 dispatched in 47ms
2026-03-14T18:53:42Z,payments,INFO,webhook 98216 acknowledged
2026-03-14T18:54:17Z,auth,INFO,logout for session 68024
2026-03-14T18:54:25Z,search,INFO,query 85157 served in 40ms
2026-03-14T18:54:36Z,search,INFO,query 11306 served in 95ms
2026-03-14T18:54:41Z,auth,INFO,login succeeded in 214ms
2026-03-14T18:54:59Z,search,INFO,query 58740 served in 205ms
2026-03-14T18:55:00Z,checkout,ERROR,healthz timeout after 2000ms
2026-03-14T18:55:01Z,checkout,INFO,payment intent 10425 created
2026-03-14T18:55:01Z,orders,INFO,order 36012 dispatched in 233ms
2026-03-14T18:55:06Z,checkout,ERROR,healthz timeout after 2000ms
2026-03-14T18:55:12Z,checkout,ERROR,healthz timeout after 2000ms
2026-03-14T18:55:18Z,checkout,ERROR,healthz timeout after 2000ms
2026-03-14T18:55:24Z,checkout,ERROR,healthz timeout after 2000ms
2026-03-14T18:55:24Z,orders,INFO,order 91950 invoiced
2026-03-14T18:55:24Z,postgres,INFO,replication lag 290ms
2026-03-14T18:55:30Z,checkout,ERROR,healthz timeout after 2000ms
2026-03-14T18:55:36Z,checkout,ERROR,healthz timeout after 2000ms
2026-03-14T18:55:37Z,search,INFO,query 53505 served in 123ms
2026-03-14T18:55:38Z,billing,INFO,invoice 88677 rendered in 169ms
2026-03-14T18:55:40Z,postgres,INFO,connection 51347 authorised
2026-03-14T18:55:42Z,checkout,ERROR,healthz timeout after 2000ms
2026-03-14T18:55:45Z,checkout,INFO,session 84485 started
2026-03-14T18:55:48Z,checkout,ERROR,healthz timeout after 2000ms
2026-03-14T18:55:54Z,checkout,ERROR,healthz timeout after 2000ms
2026-03-14T18:55:55Z,auth,INFO,login succeeded in 14ms
2026-03-14T18:55:57Z,deploy,INFO,pipeline 96714 green
2026-03-14T18:56:00Z,checkout,ERROR,healthz timeout after 2000ms
2026-03-14T18:56:06Z,checkout,ERROR,healthz timeout after 2000ms
2026-03-14T18:56:08Z,payments,INFO,refund 43770 completed
2026-03-14T18:56:11Z,billing,INFO,credit note 9148 issued
2026-03-14T18:56:12Z,checkout,ERROR,healthz timeout after 2000ms
2026-03-14T18:56:18Z,checkout,ERROR,healthz timeout after 2000ms
2026-03-14T18:56:22Z,search,INFO,index segment 90468 merged
2026-03-14T18:56:24Z,checkout,ERROR,healthz timeout after 2000ms
2026-03-14T18:56:30Z,checkout,ERROR,healthz timeout after 2000ms
2026-03-14T18:56:36Z,checkout,ERROR,healthz timeout after 2000ms
2026-03-14T18:56:36Z,orders,INFO,order 13993 accepted
2026-03-14T18:56:39Z,billing,INFO,credit note 31195 issued
2026-03-14T18:56:42Z,checkout,ERROR,healthz timeout after 2000ms
2026-03-14T18:56:48Z,checkout,ERROR,healthz timeout after 2000ms
2026-03-14T18:56:54Z,billing,INFO,credit note 43468 issued
2026-03-14T18:56:54Z,checkout,ERROR,healthz timeout after 2000ms
2026-03-14T18:57:00Z,checkout,ERROR,healthz timeout after 2000ms
2026-03-14T18:57:00Z,payments,INFO,settlement batch 4536 queued
2026-03-14T18:57:06Z,checkout,ERROR,healthz timeout after 2000ms
2026-03-14T18:57:12Z,checkout,ERROR,healthz timeout after 2000ms
2026-03-14T18:57:17Z,billing,INFO,subscription 28446 renewed
2026-03-14T18:57:18Z,checkout,ERROR,healthz timeout after 2000ms
2026-03-14T18:57:22Z,orders,INFO,order 82852 invoiced
2026-03-14T18:57:22Z,search,INFO,"suggest cache warm, 2356 entries"
2026-03-14T18:57:24Z,checkout,ERROR,healthz timeout after 2000ms
2026-03-14T18:57:27Z,auth,INFO,session 96408 refreshed
2026-03-14T18:57:30Z,checkout,ERROR,healthz timeout after 2000ms
2026-03-14T18:57:30Z,payments,INFO,refund 28857 completed
2026-03-14T18:57:36Z,checkout,ERROR,healthz timeout after 2000ms
2026-03-14T18:57:42Z,checkout,ERROR,healthz timeout after 2000ms
2026-03-14T18:57:44Z,checkout,INFO,payment intent 50407 created
2026-03-14T18:57:44Z,postgres,INFO,"checkpoint complete, 84369 buffers written"
2026-03-14T18:57:48Z,checkout,ERROR,healthz timeout after 2000ms
2026-03-14T18:57:48Z,checkout,INFO,payment intent 65760 created
2026-03-14T18:57:49Z,auth,INFO,logout for session 91658
2026-03-14T18:57:54Z,checkout,ERROR,healthz timeout after 2000ms
2026-03-14T18:58:00Z,checkout,ERROR,healthz timeout after 2000ms
2026-03-14T18:58:01Z,auth,INFO,token issued for session 14402
2026-03-14T18:58:01Z,orders,INFO,order 40729 dispatched in 60ms
2026-03-14T18:58:06Z,checkout,ERROR,healthz timeout after 2000ms
2026-03-14T18:58:07Z,postgres,INFO,replication lag 33ms
2026-03-14T18:58:12Z,checkout,ERROR,healthz timeout after 2000ms
2026-03-14T18:58:15Z,payments,INFO,settlement batch 39374 queued
2026-03-14T18:58:18Z,checkout,ERROR,healthz timeout after 2000ms
2026-03-14T18:58:24Z,checkout,ERROR,healthz timeout after 2000ms
2026-03-14T18:58:26Z,search,INFO,"suggest cache warm, 78222 entries"
2026-03-14T18:58:27Z,payments,INFO,charge 89898 authorised in 268ms
2026-03-14T18:58:29Z,deploy,INFO,canary 48859 healthy
2026-03-14T18:58:30Z,checkout,ERROR,healthz timeout after 2000ms
2026-03-14T18:58:33Z,search,INFO,query 53997 served in 82ms
2026-03-14T18:58:36Z,checkout,ERROR,healthz timeout after 2000ms
2026-03-14T18:58:42Z,checkout,ERROR,healthz timeout after 2000ms
2026-03-14T18:58:48Z,checkout,ERROR,healthz timeout after 2000ms
2026-03-14T18:58:53Z,search,INFO,query 48209 served in 115ms
2026-03-14T18:58:54Z,checkout,ERROR,healthz timeout after 2000ms
2026-03-14T18:59:00Z,checkout,ERROR,healthz timeout after 2000ms
2026-03-14T18:59:06Z,checkout,ERROR,healthz timeout after 2000ms
2026-03-14T18:59:12Z,checkout,ERROR,healthz timeout after 2000ms
2026-03-14T18:59:13Z,checkout,INFO,cart 60954 abandoned after 8ms
2026-03-14T18:59:18Z,checkout,ERROR,healthz timeout after 2000ms
2026-03-14T18:59:24Z,checkout,ERROR,healthz timeout after 2000ms
2026-03-14T18:59:25Z,search,INFO,query 42784 served in 219ms
2026-03-14T18:59:30Z,checkout,ERROR,healthz timeout after 2000ms
2026-03-14T18:59:36Z,checkout,ERROR,healthz timeout after 2000ms
2026-03-14T18:59:44Z,auth,INFO,session 60170 refreshed
2026-03-14T18:59:51Z,postgres,INFO,"checkpoint complete, 81515 buffers written"
2026-03-14T18:59:53Z,search,INFO,index segment 43711 merged
2026-03-14T18:59:55Z,search,INFO,"suggest cache warm, 82274 entries"
2026-03-14T19:00:07Z,orders,INFO,order 1547 accepted
2026-03-14T19:00:13Z,postgres,INFO,replication lag 82ms
2026-03-14T19:00:23Z,checkout,INFO,session 75761 started
2026-03-14T19:00:23Z,postgres,INFO,"checkpoint complete, 18415 buffers written"
2026-03-14T19:00:25Z,postgres,INFO,autovacuum finished on table 65279
2026-03-14T19:00:35Z,search,INFO,query 75754 served in 124ms
2026-03-14T19:01:00Z,postgres,INFO,autovacuum finished on table 44752
2026-03-14T19:01:02Z,search,INFO,index segment 85011 merged
2026-03-14T19:01:06Z,payments,INFO,refund 43505 completed
2026-03-14T19:01:07Z,search,WARN,query 2736 exceeded 1977ms budget
2026-03-14T19:01:09Z,billing,INFO,subscription 27387 renewed
2026-03-14T19:01:12Z,checkout,INFO,payment intent 45208 created
2026-03-14T19:01:13Z,payments,INFO,refund 62017 completed
2026-03-14T19:01:22Z,payments,INFO,settlement batch 79020 queued
2026-03-14T19:01:34Z,checkout,INFO,session 38143 started
2026-03-14T19:01:50Z,checkout,INFO,cart 93722 abandoned after 274ms
2026-03-14T19:01:53Z,orders,INFO,inventory check 46832 passed
2026-03-14T19:02:03Z,auth,INFO,login succeeded in 210ms
2026-03-14T19:02:03Z,billing,INFO,subscription 49762 renewed
2026-03-14T19:02:12Z,auth,INFO,session 46551 refreshed
2026-03-14T19:02:24Z,checkout,INFO,cart 70422 abandoned after 53ms
2026-03-14T19:02:24Z,checkout,INFO,payment intent 99853 created
2026-03-14T19:02:38Z,search,INFO,query 42432 served in 67ms
2026-03-14T19:02:47Z,checkout,INFO,cart 18256 abandoned after 314ms
2026-03-14T19:03:03Z,search,INFO,query 88723 served in 102ms
2026-03-14T19:03:07Z,checkout,INFO,session 16651 started
2026-03-14T19:03:10Z,checkout,INFO,cart 99985 abandoned after 183ms
2026-03-14T19:03:19Z,auth,INFO,logout for session 85392
2026-03-14T19:03:20Z,payments,INFO,webhook 90302 acknowledged
2026-03-14T19:03:23Z,payments,INFO,webhook 47732 acknowledged
2026-03-14T19:03:29Z,search,INFO,"suggest cache warm, 37271 entries"
2026-03-14T19:03:36Z,deploy,INFO,canary 9583 healthy
2026-03-14T19:03:51Z,auth,INFO,session 81195 refreshed
2026-03-14T19:03:57Z,payments,INFO,webhook 61175 acknowledged
2026-03-14T19:03:57Z,postgres,INFO,replication lag 88ms
2026-03-14T19:03:58Z,search,INFO,"suggest cache warm, 39957 entries"
2026-03-14T19:04:17Z,auth,INFO,logout for session 40574
2026-03-14T19:04:17Z,billing,INFO,invoice 71706 rendered in 67ms
2026-03-14T19:04:27Z,orders,INFO,inventory check 51786 passed
2026-03-14T19:04:37Z,postgres,INFO,autovacuum finished on table 30722
2026-03-14T19:04:43Z,orders,INFO,order 69597 invoiced
2026-03-14T19:04:44Z,payments,INFO,charge 33846 authorised in 217ms
2026-03-14T19:04:50Z,orders,INFO,order 62692 dispatched in 22ms
2026-03-14T19:04:50Z,payments,INFO,settlement batch 59463 queued
2026-03-14T19:04:51Z,orders,INFO,order 1844 invoiced
2026-03-14T19:04:53Z,payments,INFO,webhook 86715 acknowledged
2026-03-14T19:04:54Z,search,INFO,query 92728 served in 102ms
2026-03-14T19:04:58Z,billing,INFO,dunning run 92134 complete
2026-03-14T19:04:58Z,orders,INFO,inventory check 69828 passed
2026-03-14T19:04:59Z,billing,INFO,subscription 22035 renewed
2026-03-14T19:05:01Z,orders,INFO,order 59345 dispatched in 109ms
2026-03-14T19:05:23Z,billing,INFO,credit note 37605 issued
2026-03-14T19:05:32Z,checkout,INFO,session 98957 started
2026-03-14T19:05:36Z,payments,INFO,webhook 5730 acknowledged
2026-03-14T19:05:38Z,search,INFO,query 54140 served in 230ms
2026-03-14T19:05:41Z,auth,INFO,session 19382 refreshed
2026-03-14T19:05:46Z,orders,INFO,order 96030 invoiced
2026-03-14T19:05:48Z,orders,INFO,inventory check 39784 passed
2026-03-14T19:05:51Z,auth,INFO,logout for session 33091
2026-03-14T19:05:56Z,search,INFO,query 23121 served in 25ms
2026-03-14T19:06:00Z,payments,INFO,charge 86986 authorised in 122ms
2026-03-14T19:06:01Z,billing,INFO,invoice 65462 rendered in 219ms
2026-03-14T19:06:23Z,billing,INFO,subscription 15296 renewed
2026-03-14T19:06:31Z,search,INFO,"suggest cache warm, 82209 entries"
2026-03-14T19:06:36Z,auth,INFO,session 9350 refreshed
2026-03-14T19:06:54Z,checkout,INFO,payment intent 22697 created
2026-03-14T19:07:03Z,payments,INFO,refund 11782 completed
2026-03-14T19:07:07Z,checkout,INFO,payment intent 19792 created
2026-03-14T19:07:16Z,orders,INFO,inventory check 27502 passed
2026-03-14T19:07:28Z,payments,INFO,refund 30793 completed
2026-03-14T19:07:36Z,search,INFO,index segment 81413 merged
2026-03-14T19:07:45Z,billing,INFO,credit note 20934 issued
2026-03-14T19:07:45Z,postgres,INFO,"checkpoint complete, 2589 buffers written"
2026-03-14T19:07:49Z,auth,INFO,token issued for session 56789
2026-03-14T19:07:52Z,search,INFO,"suggest cache warm, 66078 entries"
2026-03-14T19:07:58Z,payments,INFO,charge 59854 authorised in 197ms
2026-03-14T19:08:05Z,search,INFO,query 19193 served in 119ms
2026-03-14T19:08:07Z,postgres,INFO,connection 38254 authorised
2026-03-14T19:08:12Z,payments,INFO,charge 32339 authorised in 134ms
2026-03-14T19:08:13Z,orders,INFO,order 16281 invoiced
2026-03-14T19:08:14Z,billing,INFO,subscription 73736 renewed
2026-03-14T19:08:18Z,orders,INFO,order 50815 invoiced
2026-03-14T19:08:19Z,payments,INFO,charge 53253 authorised in 162ms
2026-03-14T19:08:23Z,checkout,INFO,cart 48009 converted in 26ms
2026-03-14T19:08:30Z,orders,INFO,order 48700 invoiced
2026-03-14T19:08:38Z,payments,INFO,refund 10081 completed
2026-03-14T19:08:42Z,auth,INFO,logout for session 69261
2026-03-14T19:08:47Z,orders,INFO,order 11502 dispatched in 169ms
2026-03-14T19:08:50Z,search,INFO,query 1902 served in 53ms
2026-03-14T19:09:01Z,search,INFO,query 86293 served in 305ms
2026-03-14T19:09:04Z,postgres,INFO,autovacuum finished on table 51771
2026-03-14T19:09:31Z,postgres,INFO,autovacuum finished on table 99258
2026-03-14T19:09:44Z,checkout,INFO,cart 86356 abandoned after 35ms
2026-03-14T19:09:45Z,postgres,INFO,replication lag 291ms
2026-03-14T19:09:46Z,orders,INFO,order 50647 invoiced
2026-03-14T19:10:00Z,auth,INFO,login succeeded in 259ms
2026-03-14T19:10:00Z,search,INFO,query 78643 served in 212ms
2026-03-14T19:10:07Z,checkout,INFO,session 21621 started
2026-03-14T19:10:20Z,orders,INFO,inventory check 95443 passed
2026-03-14T19:10:43Z,auth,INFO,login succeeded in 259ms
2026-03-14T19:10:54Z,postgres,INFO,autovacuum finished on table 48062
2026-03-14T19:10:59Z,billing,INFO,dunning run 41207 complete
2026-03-14T19:11:05Z,payments,INFO,webhook 15586 acknowledged
2026-03-14T19:11:05Z,postgres,INFO,connection 18286 authorised
2026-03-14T19:11:09Z,orders,INFO,order 82195 accepted
2026-03-14T19:11:10Z,billing,INFO,dunning run 99231 complete
2026-03-14T19:11:10Z,postgres,INFO,"checkpoint complete, 81325 buffers written"
2026-03-14T19:11:13Z,orders,INFO,order 59053 dispatched in 55ms
2026-03-14T19:11:13Z,search,INFO,"suggest cache warm, 46074 entries"
2026-03-14T19:11:15Z,postgres,INFO,"checkpoint complete, 10307 buffers written"
2026-03-14T19:11:27Z,payments,INFO,settlement batch 51901 queued
2026-03-14T19:11:48Z,search,INFO,query 98861 served in 210ms
2026-03-14T19:11:52Z,checkout,INFO,payment intent 88130 created
2026-03-14T19:11:53Z,billing,INFO,subscription 50547 renewed
2026-03-14T19:11:59Z,auth,INFO,token issued for session 44649
2026-03-14T19:12:02Z,deploy,INFO,pipeline 75240 green
2026-03-14T19:12:03Z,billing,INFO,credit note 9080 issued
2026-03-14T19:12:13Z,postgres,INFO,connection 43685 authorised
2026-03-14T19:12:20Z,billing,INFO,dunning run 34563 complete
2026-03-14T19:12:39Z,billing,INFO,subscription 25723 renewed
2026-03-14T19:12:53Z,checkout,INFO,session 83716 started
2026-03-14T19:12:59Z,orders,INFO,order 93757 accepted
2026-03-14T19:13:02Z,payments,INFO,charge 25331 authorised in 275ms
2026-03-14T19:13:05Z,payments,INFO,webhook 62079 acknowledged
2026-03-14T19:13:06Z,postgres,INFO,connection 39201 authorised
2026-03-14T19:13:20Z,checkout,INFO,cart 77184 abandoned after 222ms
2026-03-14T19:13:40Z,orders,INFO,order 60784 invoiced
2026-03-14T19:13:48Z,deploy,INFO,canary 61995 healthy
2026-03-14T19:13:52Z,checkout,INFO,cart 32704 abandoned after 87ms
2026-03-14T19:13:52Z,payments,INFO,settlement batch 74363 queued
2026-03-14T19:13:54Z,billing,INFO,dunning run 22675 complete
2026-03-14T19:13:54Z,checkout,INFO,cart 4338 abandoned after 277ms
2026-03-14T19:13:55Z,search,INFO,index segment 58378 merged
2026-03-14T19:14:00Z,payments,INFO,charge 71141 authorised in 249ms
2026-03-14T19:14:01Z,search,INFO,query 74288 served in 126ms
2026-03-14T19:14:13Z,payments,INFO,webhook 68941 acknowledged
2026-03-14T19:14:16Z,auth,INFO,session 17216 refreshed
2026-03-14T19:14:17Z,checkout,INFO,cart 23054 abandoned after 314ms
2026-03-14T19:14:21Z,postgres,INFO,replication lag 317ms
2026-03-14T19:14:25Z,search,INFO,"suggest cache warm, 61200 entries"
2026-03-14T19:14:26Z,auth,INFO,login succeeded in 211ms
2026-03-14T19:14:34Z,auth,INFO,login succeeded in 84ms
2026-03-14T19:14:38Z,payments,INFO,charge 80950 authorised in 101ms
2026-03-14T19:14:40Z,auth,INFO,login succeeded in 237ms
2026-03-14T19:14:45Z,payments,INFO,settlement batch 5666 queued
2026-03-14T19:15:01Z,payments,INFO,charge 76592 authorised in 167ms
2026-03-14T19:15:02Z,payments,INFO,charge 21839 authorised in 233ms
2026-03-14T19:15:02Z,postgres,INFO,autovacuum finished on table 58748
2026-03-14T19:15:07Z,checkout,INFO,cart 56209 abandoned after 7ms
2026-03-14T19:15:11Z,postgres,INFO,connection 96061 authorised
2026-03-14T19:15:15Z,billing,INFO,subscription 13228 renewed
2026-03-14T19:15:20Z,checkout,INFO,cart 12508 abandoned after 300ms
2026-03-14T19:15:22Z,search,INFO,"suggest cache warm, 3673 entries"
2026-03-14T19:15:23Z,billing,INFO,invoice 9299 rendered in 65ms
2026-03-14T19:15:34Z,search,INFO,query 82423 served in 308ms
2026-03-14T19:15:47Z,postgres,INFO,replication lag 18ms
2026-03-14T19:15:47Z,search,INFO,index segment 64066 merged
2026-03-14T19:15:58Z,auth,INFO,login succeeded in 296ms
2026-03-14T19:16:02Z,billing,INFO,credit note 38325 issued
2026-03-14T19:16:05Z,checkout,INFO,cart 44163 abandoned after 159ms
2026-03-14T19:16:06Z,search,INFO,"suggest cache warm, 95839 entries"
2026-03-14T19:16:07Z,billing,INFO,invoice 91949 rendered in 106ms
2026-03-14T19:16:17Z,postgres,INFO,replication lag 260ms
2026-03-14T19:16:25Z,auth,INFO,session 2562 refreshed
2026-03-14T19:16:30Z,payments,INFO,refund 54960 completed
2026-03-14T19:16:37Z,payments,INFO,charge 9881 authorised in 44ms
2026-03-14T19:16:41Z,orders,INFO,inventory check 30501 passed
2026-03-14T19:16:48Z,payments,INFO,charge 19977 authorised in 182ms
2026-03-14T19:16:49Z,orders,INFO,inventory check 9670 passed
2026-03-14T19:16:57Z,search,INFO,index segment 52545 merged
2026-03-14T19:17:03Z,payments,INFO,charge 15049 authorised in 224ms
2026-03-14T19:17:13Z,auth,INFO,session 1140 refreshed
2026-03-14T19:17:14Z,payments,INFO,refund 16671 completed
2026-03-14T19:17:18Z,orders,INFO,order 47016 invoiced
2026-03-14T19:17:34Z,checkout,INFO,cart 44959 abandoned after 225ms
2026-03-14T19:17:34Z,payments,INFO,refund 86725 completed
2026-03-14T19:17:41Z,checkout,INFO,cart 87572 converted in 148ms
2026-03-14T19:17:50Z,search,INFO,query 81775 served in 24ms
2026-03-14T19:18:09Z,billing,INFO,invoice 82377 rendered in 90ms
2026-03-14T19:18:09Z,postgres,INFO,connection 45454 authorised
2026-03-14T19:18:19Z,billing,INFO,invoice 56586 rendered in 223ms
2026-03-14T19:18:29Z,search,INFO,index segment 5672 merged
2026-03-14T19:18:36Z,checkout,INFO,cart 47811 abandoned after 70ms
2026-03-14T19:18:45Z,billing,INFO,dunning run 32500 complete
2026-03-14T19:18:45Z,payments,INFO,webhook 91824 acknowledged
2026-03-14T19:18:48Z,billing,INFO,invoice 3188 rendered in 140ms
2026-03-14T19:18:54Z,postgres,INFO,replication lag 8ms
2026-03-14T19:19:05Z,orders,INFO,order 46464 dispatched in 210ms
2026-03-14T19:19:09Z,checkout,INFO,cart 73067 abandoned after 36ms
2026-03-14T19:19:19Z,checkout,INFO,session 26251 started
2026-03-14T19:19:24Z,postgres,INFO,"checkpoint complete, 9689 buffers written"
2026-03-14T19:19:26Z,checkout,INFO,session 20799 started
2026-03-14T19:19:33Z,orders,INFO,order 48981 dispatched in 253ms
2026-03-14T19:19:40Z,orders,INFO,order 25922 invoiced
2026-03-14T19:19:40Z,orders,INFO,order 86268 dispatched in 308ms
2026-03-14T19:19:43Z,auth,INFO,token issued for session 51517
2026-03-14T19:19:44Z,auth,INFO,token issued for session 83416
2026-03-14T19:19:47Z,auth,INFO,session 34747 refreshed
2026-03-14T19:19:50Z,billing,INFO,dunning run 46123 complete
2026-03-14T19:20:00Z,checkout,ERROR,healthz timeout after 2000ms
2026-03-14T19:20:06Z,checkout,ERROR,healthz timeout after 2000ms
2026-03-14T19:20:12Z,checkout,ERROR,healthz timeout after 2000ms
2026-03-14T19:20:18Z,checkout,ERROR,healthz timeout after 2000ms
2026-03-14T19:20:21Z,payments,INFO,charge 10138 authorised in 108ms
2026-03-14T19:20:22Z,search,INFO,index segment 1580 merged
2026-03-14T19:20:24Z,checkout,ERROR,healthz timeout after 2000ms
2026-03-14T19:20:28Z,checkout,INFO,cart 4328 abandoned after 184ms
2026-03-14T19:20:30Z,checkout,ERROR,healthz timeout after 2000ms
2026-03-14T19:20:31Z,search,INFO,query 62290 served in 280ms
2026-03-14T19:20:36Z,checkout,ERROR,healthz timeout after 2000ms
2026-03-14T19:20:36Z,search,INFO,query 12025 served in 243ms
2026-03-14T19:20:41Z,orders,INFO,order 28930 accepted
2026-03-14T19:20:42Z,checkout,ERROR,healthz timeout after 2000ms
2026-03-14T19:20:48Z,checkout,ERROR,healthz timeout after 2000ms
2026-03-14T19:20:49Z,auth,INFO,login succeeded in 73ms
2026-03-14T19:20:54Z,checkout,ERROR,healthz timeout after 2000ms
2026-03-14T19:20:58Z,orders,INFO,order 2710 accepted
2026-03-14T19:20:58Z,payments,INFO,webhook 46133 acknowledged
2026-03-14T19:21:00Z,checkout,ERROR,healthz timeout after 2000ms
2026-03-14T19:21:05Z,billing,INFO,subscription 99594 renewed
2026-03-14T19:21:06Z,checkout,ERROR,healthz timeout after 2000ms
2026-03-14T19:21:09Z,payments,INFO,settlement batch 76826 queued
2026-03-14T19:21:10Z,billing,INFO,subscription 68047 renewed
2026-03-14T19:21:12Z,checkout,ERROR,healthz timeout after 2000ms
2026-03-14T19:21:18Z,checkout,ERROR,healthz timeout after 2000ms
2026-03-14T19:21:20Z,postgres,INFO,replication lag 297ms
2026-03-14T19:21:21Z,search,INFO,query 86839 served in 19ms
2026-03-14T19:21:24Z,checkout,ERROR,healthz timeout after 2000ms
2026-03-14T19:21:25Z,billing,INFO,credit note 7545 issued
2026-03-14T19:21:26Z,auth,INFO,session 44845 refreshed
2026-03-14T19:21:30Z,checkout,ERROR,healthz timeout after 2000ms
2026-03-14T19:21:36Z,checkout,ERROR,healthz timeout after 2000ms
2026-03-14T19:21:42Z,checkout,ERROR,healthz timeout after 2000ms
2026-03-14T19:21:48Z,checkout,ERROR,healthz timeout after 2000ms
2026-03-14T19:21:54Z,checkout,ERROR,healthz timeout after 2000ms
2026-03-14T19:21:54Z,payments,INFO,settlement batch 90417 queued
2026-03-14T19:21:54Z,postgres,INFO,autovacuum finished on table 64104
2026-03-14T19:21:58Z,search,INFO,query 76563 served in 18ms
2026-03-14T19:22:00Z,checkout,ERROR,healthz timeout after 2000ms
2026-03-14T19:22:06Z,checkout,ERROR,healthz timeout after 2000ms
2026-03-14T19:22:09Z,search,INFO,query 5007 served in 185ms
2026-03-14T19:22:12Z,checkout,ERROR,healthz timeout after 2000ms
2026-03-14T19:22:13Z,orders,INFO,inventory check 38555 passed
2026-03-14T19:22:13Z,orders,INFO,inventory check 82697 passed
2026-03-14T19:22:18Z,checkout,ERROR,healthz timeout after 2000ms
2026-03-14T19:22:21Z,postgres,INFO,connection 71880 authorised
2026-03-14T19:22:21Z,search,INFO,query 62358 served in 243ms
2026-03-14T19:22:24Z,checkout,ERROR,healthz timeout after 2000ms
2026-03-14T19:22:26Z,postgres,INFO,"checkpoint complete, 73930 buffers written"
2026-03-14T19:22:30Z,checkout,ERROR,healthz timeout after 2000ms
2026-03-14T19:22:35Z,search,INFO,query 82732 served in 81ms
2026-03-14T19:22:36Z,checkout,ERROR,healthz timeout after 2000ms
2026-03-14T19:22:36Z,postgres,INFO,autovacuum finished on table 75008
2026-03-14T19:22:42Z,checkout,ERROR,healthz timeout after 2000ms
2026-03-14T19:22:48Z,checkout,ERROR,healthz timeout after 2000ms
2026-03-14T19:22:49Z,checkout,INFO,cart 67209 converted in 46ms
2026-03-14T19:22:50Z,payments,INFO,charge 35110 authorised in 258ms
2026-03-14T19:22:54Z,checkout,ERROR,healthz timeout after 2000ms
2026-03-14T19:22:59Z,orders,INFO,order 22287 accepted
2026-03-14T19:23:00Z,checkout,ERROR,healthz timeout after 2000ms
2026-03-14T19:23:05Z,billing,INFO,invoice 42675 rendered in 125ms
2026-03-14T19:23:06Z,checkout,ERROR,healthz timeout after 2000ms
2026-03-14T19:23:06Z,payments,INFO,webhook 65517 acknowledged
2026-03-14T19:23:11Z,checkout,INFO,session 51427 started
2026-03-14T19:23:12Z,checkout,ERROR,healthz timeout after 2000ms
2026-03-14T19:23:18Z,checkout,ERROR,healthz timeout after 2000ms
2026-03-14T19:23:24Z,checkout,ERROR,healthz timeout after 2000ms
2026-03-14T19:23:26Z,auth,INFO,logout for session 59383
2026-03-14T19:23:30Z,checkout,ERROR,healthz timeout after 2000ms
2026-03-14T19:23:34Z,postgres,INFO,connection 87999 authorised
2026-03-14T19:23:36Z,checkout,ERROR,healthz timeout after 2000ms
2026-03-14T19:23:36Z,search,INFO,"suggest cache warm, 98925 entries"
2026-03-14T19:23:42Z,checkout,ERROR,healthz timeout after 2000ms
2026-03-14T19:23:48Z,checkout,ERROR,healthz timeout after 2000ms
2026-03-14T19:23:54Z,checkout,ERROR,healthz timeout after 2000ms
2026-03-14T19:23:57Z,auth,INFO,session 21075 refreshed
2026-03-14T19:24:00Z,checkout,ERROR,healthz timeout after 2000ms
2026-03-14T19:24:00Z,checkout,INFO,session 97001 started
2026-03-14T19:24:06Z,checkout,ERROR,healthz timeout after 2000ms
2026-03-14T19:24:12Z,checkout,ERROR,healthz timeout after 2000ms
2026-03-14T19:24:17Z,checkout,INFO,cart 14832 abandoned after 283ms
2026-03-14T19:24:18Z,checkout,ERROR,healthz timeout after 2000ms
2026-03-14T19:24:24Z,billing,INFO,dunning run 15335 complete
2026-03-14T19:24:24Z,checkout,ERROR,healthz timeout after 2000ms
2026-03-14T19:24:30Z,checkout,ERROR,healthz timeout after 2000ms
2026-03-14T19:24:33Z,payments,INFO,webhook 93247 acknowledged
2026-03-14T19:24:36Z,checkout,ERROR,healthz timeout after 2000ms
2026-03-14T19:24:38Z,postgres,INFO,connection 84066 authorised
2026-03-14T19:24:45Z,auth,INFO,token issued for session 5955
2026-03-14T19:24:47Z,checkout,INFO,cart 1888 converted in 234ms
2026-03-14T19:24:52Z,postgres,INFO,autovacuum finished on table 5085
2026-03-14T19:25:16Z,checkout,INFO,payment intent 41864 created
2026-03-14T19:25:18Z,payments,INFO,settlement batch 33144 queued
2026-03-14T19:25:43Z,orders,INFO,order 79512 invoiced
2026-03-14T19:26:12Z,search,INFO,index segment 37808 merged
2026-03-14T19:26:17Z,orders,INFO,order 98960 dispatched in 178ms
2026-03-14T19:26:21Z,billing,INFO,dunning run 5592 complete
2026-03-14T19:26:26Z,checkout,INFO,cart 35075 converted in 98ms
2026-03-14T19:26:37Z,deploy,WARN,canary 84516 restarted once before becoming healthy
2026-03-14T19:26:40Z,billing,INFO,dunning run 40796 complete
2026-03-14T19:26:42Z,billing,INFO,subscription 1100 renewed
2026-03-14T19:26:44Z,deploy,INFO,pipeline 6205 green
2026-03-14T19:26:45Z,auth,INFO,token issued for session 79756
2026-03-14T19:26:49Z,search,INFO,query 50865 served in 275ms
2026-03-14T19:26:52Z,checkout,INFO,cart 15049 abandoned after 263ms
2026-03-14T19:26:54Z,billing,INFO,subscription 26928 renewed
2026-03-14T19:26:57Z,orders,INFO,inventory check 98354 passed
2026-03-14T19:27:00Z,auth,INFO,logout for session 61276
2026-03-14T19:27:14Z,auth,INFO,logout for session 85220
2026-03-14T19:27:15Z,orders,INFO,order 77064 dispatched in 143ms
2026-03-14T19:27:19Z,payments,INFO,charge 72260 authorised in 196ms
2026-03-14T19:27:22Z,payments,INFO,webhook 77867 acknowledged
2026-03-14T19:27:25Z,postgres,INFO,replication lag 234ms
2026-03-14T19:27:31Z,checkout,INFO,payment intent 55142 created
2026-03-14T19:27:31Z,orders,INFO,order 47398 dispatched in 141ms
2026-03-14T19:27:35Z,search,INFO,query 94856 served in 303ms
2026-03-14T19:27:40Z,orders,INFO,order 95124 invoiced
2026-03-14T19:27:43Z,search,INFO,index segment 38671 merged
2026-03-14T19:27:52Z,search,INFO,query 48851 served in 214ms
2026-03-14T19:27:56Z,billing,INFO,subscription 95938 renewed
2026-03-14T19:28:00Z,search,INFO,query 53123 served in 223ms
2026-03-14T19:28:02Z,postgres,INFO,"checkpoint complete, 59214 buffers written"
2026-03-14T19:28:11Z,auth,INFO,token issued for session 85265
2026-03-14T19:28:11Z,checkout,INFO,cart 52977 converted in 30ms
2026-03-14T19:28:16Z,postgres,INFO,replication lag 285ms
2026-03-14T19:28:31Z,search,INFO,"suggest cache warm, 25420 entries"
2026-03-14T19:28:34Z,billing,INFO,invoice 16227 rendered in 257ms
2026-03-14T19:28:34Z,search,INFO,index segment 70005 merged
2026-03-14T19:28:48Z,auth,INFO,logout for session 47833
2026-03-14T19:28:50Z,postgres,INFO,"checkpoint complete, 90731 buffers written"
2026-03-14T19:28:56Z,postgres,INFO,"checkpoint complete, 11013 buffers written"
2026-03-14T19:29:07Z,payments,INFO,webhook 93287 acknowledged
2026-03-14T19:29:08Z,billing,INFO,credit note 8739 issued
2026-03-14T19:29:08Z,orders,INFO,order 99465 accepted
2026-03-14T19:29:13Z,postgres,INFO,autovacuum finished on table 41411
2026-03-14T19:29:21Z,search,INFO,query 35780 served in 79ms
2026-03-14T19:29:34Z,auth,INFO,session 26757 refreshed
2026-03-14T19:29:34Z,postgres,INFO,connection 4375 authorised
2026-03-14T19:29:36Z,auth,INFO,token issued for session 4472
2026-03-14T19:29:44Z,payments,INFO,refund 86703 completed
2026-03-14T19:29:47Z,auth,INFO,token issued for session 20250
2026-03-14T19:29:47Z,orders,INFO,order 91901 accepted
2026-03-14T19:29:51Z,payments,INFO,webhook 94235 acknowledged
2026-03-14T19:29:53Z,billing,INFO,dunning run 35903 complete
2026-03-14T19:30:17Z,search,INFO,query 49460 served in 243ms
2026-03-14T19:30:24Z,postgres,INFO,autovacuum finished on table 21314
2026-03-14T19:30:29Z,checkout,INFO,cart 62112 converted in 246ms
2026-03-14T19:30:31Z,billing,INFO,invoice 89413 rendered in 231ms
2026-03-14T19:30:32Z,search,INFO,query 1727 served in 82ms
2026-03-14T19:30:39Z,payments,INFO,settlement batch 16571 queued
2026-03-14T19:30:42Z,orders,INFO,order 70535 invoiced
2026-03-14T19:30:45Z,auth,INFO,logout for session 69682
2026-03-14T19:30:47Z,search,INFO,"suggest cache warm, 6394 entries"
2026-03-14T19:30:51Z,billing,INFO,invoice 39734 rendered in 75ms
2026-03-14T19:31:00Z,search,INFO,query 48967 served in 255ms
2026-03-14T19:31:02Z,billing,INFO,credit note 72855 issued
2026-03-14T19:31:23Z,orders,INFO,inventory check 86859 passed
2026-03-14T19:31:26Z,search,INFO,query 7124 served in 285ms
2026-03-14T19:31:33Z,postgres,INFO,autovacuum finished on table 92157
2026-03-14T19:31:34Z,payments,INFO,charge 63639 authorised in 168ms
2026-03-14T19:31:36Z,payments,INFO,refund 5047 completed
2026-03-14T19:31:43Z,deploy,INFO,canary 69528 healthy
2026-03-14T19:31:43Z,postgres,INFO,"checkpoint complete, 84128 buffers written"
2026-03-14T19:31:50Z,checkout,INFO,session 2376 started
2026-03-14T19:31:51Z,billing,INFO,invoice 64628 rendered in 192ms
2026-03-14T19:32:03Z,auth,INFO,session 44093 refreshed
2026-03-14T19:32:03Z,billing,INFO,invoice 51502 rendered in 272ms
2026-03-14T19:32:15Z,checkout,INFO,cart 8456 abandoned after 135ms
2026-03-14T19:32:19Z,search,INFO,index segment 17760 merged
2026-03-14T19:32:55Z,auth,INFO,login succeeded in 91ms
2026-03-14T19:33:00Z,orders,INFO,order 96965 invoiced
2026-03-14T19:33:01Z,auth,INFO,session 81675 refreshed
2026-03-14T19:33:04Z,billing,INFO,invoice 22918 rendered in 220ms
2026-03-14T19:33:04Z,postgres,INFO,connection 59562 authorised
2026-03-14T19:33:10Z,checkout,INFO,cart 55122 converted in 82ms
2026-03-14T19:33:13Z,auth,INFO,logout for session 61986
2026-03-14T19:33:18Z,search,INFO,query 49597 served in 70ms
2026-03-14T19:33:22Z,orders,INFO,order 31428 dispatched in 312ms
2026-03-14T19:33:29Z,billing,INFO,credit note 37613 issued
2026-03-14T19:33:34Z,auth,INFO,session 62521 refreshed
2026-03-14T19:33:37Z,search,INFO,query 51704 served in 257ms
2026-03-14T19:33:39Z,billing,INFO,dunning run 13973 complete
2026-03-14T19:33:43Z,checkout,INFO,cart 77415 converted in 291ms
2026-03-14T19:34:24Z,checkout,INFO,cart 66454 converted in 85ms
2026-03-14T19:34:24Z,payments,INFO,webhook 23274 acknowledged
2026-03-14T19:34:26Z,postgres,INFO,replication lag 86ms
2026-03-14T19:34:26Z,search,INFO,index segment 82827 merged
2026-03-14T19:34:45Z,payments,INFO,webhook 28284 acknowledged
2026-03-14T19:34:57Z,deploy,INFO,pipeline 75105 green
2026-03-14T19:34:57Z,orders,INFO,order 97465 accepted
2026-03-14T19:35:03Z,orders,INFO,inventory check 65929 passed
2026-03-14T19:35:16Z,checkout,INFO,cart 96677 abandoned after 60ms
2026-03-14T19:35:18Z,search,INFO,"suggest cache warm, 91584 entries"
2026-03-14T19:35:28Z,payments,INFO,settlement batch 65405 queued
2026-03-14T19:35:29Z,search,INFO,index segment 91690 merged
2026-03-14T19:35:32Z,orders,INFO,inventory check 4152 passed
2026-03-14T19:35:33Z,billing,INFO,invoice 71992 rendered in 56ms
2026-03-14T19:35:41Z,orders,INFO,order 6202 accepted
2026-03-14T19:35:53Z,billing,INFO,credit note 11391 issued
2026-03-14T19:36:03Z,postgres,INFO,autovacuum finished on table 91243
2026-03-14T19:36:04Z,orders,INFO,order 3344 accepted
2026-03-14T19:36:10Z,payments,INFO,webhook 10248 acknowledged
2026-03-14T19:36:10Z,postgres,INFO,replication lag 91ms
2026-03-14T19:36:21Z,checkout,INFO,payment intent 92216 created
2026-03-14T19:36:26Z,postgres,INFO,"checkpoint complete, 77406 buffers written"
2026-03-14T19:36:37Z,search,INFO,query 66310 served in 107ms
2026-03-14T19:36:47Z,auth,INFO,login succeeded in 70ms
2026-03-14T19:36:48Z,payments,INFO,charge 18128 authorised in 240ms
2026-03-14T19:37:05Z,postgres,INFO,replication lag 134ms
2026-03-14T19:37:06Z,billing,INFO,credit note 51656 issued
2026-03-14T19:37:18Z,checkout,INFO,cart 77788 converted in 196ms
2026-03-14T19:37:26Z,checkout,INFO,cart 47105 converted in 252ms
2026-03-14T19:37:29Z,billing,INFO,dunning run 2442 complete
2026-03-14T19:37:30Z,postgres,INFO,autovacuum finished on table 39424
2026-03-14T19:37:37Z,auth,INFO,token issued for session 82582
2026-03-14T19:37:48Z,billing,INFO,subscription 6220 renewed
2026-03-14T19:37:58Z,billing,INFO,invoice 59527 rendered in 300ms
2026-03-14T19:38:01Z,search,INFO,query 28697 served in 245ms
2026-03-14T19:38:05Z,checkout,INFO,payment intent 43686 created
2026-03-14T19:38:24Z,checkout,INFO,cart 79225 converted in 136ms
2026-03-14T19:38:36Z,orders,INFO,order 68959 accepted
2026-03-14T19:38:46Z,auth,INFO,session 88827 refreshed
2026-03-14T19:38:56Z,billing,INFO,invoice 51398 rendered in 125ms
2026-03-14T19:38:57Z,postgres,INFO,replication lag 290ms
2026-03-14T19:38:58Z,auth,INFO,session 42016 refreshed
2026-03-14T19:39:00Z,payments,INFO,charge 81409 authorised in 275ms
2026-03-14T19:39:04Z,auth,INFO,login succeeded in 176ms
2026-03-14T19:39:21Z,search,INFO,"suggest cache warm, 84574 entries"
2026-03-14T19:39:29Z,billing,INFO,credit note 41722 issued
2026-03-14T19:39:35Z,postgres,INFO,connection 95164 authorised
2026-03-14T19:39:42Z,billing,INFO,subscription 41093 renewed
2026-03-14T19:39:44Z,payments,INFO,settlement batch 41031 queued
2026-03-14T19:39:51Z,payments,INFO,refund 8475 completed
2026-03-14T19:39:52Z,payments,INFO,webhook 82974 acknowledged
2026-03-14T19:40:17Z,auth,INFO,session 75613 refreshed
2026-03-14T19:40:24Z,payments,INFO,refund 5212 completed
2026-03-14T19:40:25Z,orders,INFO,inventory check 17827 passed
2026-03-14T19:40:29Z,payments,INFO,settlement batch 57837 queued
2026-03-14T19:40:47Z,checkout,INFO,payment intent 47405 created
2026-03-14T19:40:51Z,postgres,INFO,autovacuum finished on table 12071
2026-03-14T19:40:59Z,orders,INFO,inventory check 29039 passed
2026-03-14T19:41:01Z,checkout,INFO,cart 31258 abandoned after 55ms
2026-03-14T19:41:09Z,auth,INFO,session 43652 refreshed
2026-03-14T19:41:09Z,payments,INFO,webhook 91005 acknowledged
2026-03-14T19:41:10Z,search,INFO,index segment 3917 merged
2026-03-14T19:41:15Z,postgres,INFO,autovacuum finished on table 82293
2026-03-14T19:41:16Z,orders,INFO,order 52130 invoiced
2026-03-14T19:41:22Z,checkout,INFO,payment intent 99515 created
2026-03-14T19:41:23Z,search,INFO,query 61621 served in 203ms
2026-03-14T19:41:24Z,billing,INFO,subscription 18002 renewed
2026-03-14T19:41:31Z,auth,INFO,login succeeded in 121ms
2026-03-14T19:41:31Z,orders,INFO,order 7544 invoiced
2026-03-14T19:41:51Z,payments,INFO,refund 49730 completed
2026-03-14T19:42:01Z,search,INFO,"suggest cache warm, 15673 entries"
2026-03-14T19:42:02Z,billing,INFO,subscription 3693 renewed
2026-03-14T19:42:08Z,search,INFO,"suggest cache warm, 42735 entries"
2026-03-14T19:42:13Z,orders,INFO,inventory check 17404 passed
2026-03-14T19:42:22Z,billing,INFO,subscription 64849 renewed
2026-03-14T19:42:39Z,auth,INFO,token issued for session 21031
2026-03-14T19:42:41Z,search,INFO,query 40738 served in 15ms
2026-03-14T19:42:46Z,postgres,INFO,connection 10818 authorised
2026-03-14T19:42:49Z,billing,INFO,dunning run 35221 complete
2026-03-14T19:42:51Z,billing,INFO,credit note 38169 issued
2026-03-14T19:43:07Z,orders,INFO,order 83054 dispatched in 43ms
2026-03-14T19:43:11Z,auth,INFO,token issued for session 48933
2026-03-14T19:43:13Z,billing,INFO,dunning run 1229 complete
2026-03-14T19:43:13Z,payments,INFO,charge 68154 authorised in 249ms
2026-03-14T19:43:15Z,orders,INFO,order 23784 dispatched in 29ms
2026-03-14T19:43:16Z,orders,INFO,order 4266 dispatched in 270ms
2026-03-14T19:43:27Z,postgres,INFO,replication lag 89ms
2026-03-14T19:43:29Z,orders,INFO,order 36611 invoiced
2026-03-14T19:43:47Z,search,INFO,query 50428 served in 289ms
2026-03-14T19:44:03Z,search,INFO,query 60360 served in 272ms
2026-03-14T19:44:11Z,postgres,INFO,connection 43959 authorised
2026-03-14T19:44:18Z,postgres,INFO,connection 80242 authorised
2026-03-14T19:44:19Z,auth,INFO,token issued for session 76903
2026-03-14T19:44:26Z,payments,INFO,refund 72712 completed
2026-03-14T19:44:30Z,search,INFO,index segment 7230 merged
2026-03-14T19:44:31Z,checkout,INFO,cart 47755 abandoned after 92ms
2026-03-14T19:44:36Z,checkout,INFO,cart 43986 converted in 170ms
2026-03-14T19:44:36Z,checkout,INFO,payment intent 76694 created
2026-03-14T19:44:50Z,payments,INFO,settlement batch 44928 queued
2026-03-14T19:44:53Z,payments,INFO,refund 44206 completed
2026-03-14T19:44:55Z,postgres,INFO,"checkpoint complete, 19665 buffers written"
2026-03-14T19:45:00Z,checkout,ERROR,healthz timeout after 2000ms
2026-03-14T19:45:02Z,search,INFO,index segment 46130 merged
2026-03-14T19:45:06Z,checkout,ERROR,healthz timeout after 2000ms
2026-03-14T19:45:07Z,payments,INFO,charge 54870 authorised in 237ms
2026-03-14T19:45:12Z,checkout,ERROR,healthz timeout after 2000ms
2026-03-14T19:45:12Z,payments,INFO,webhook 53606 acknowledged
2026-03-14T19:45:17Z,checkout,INFO,payment intent 67839 created
2026-03-14T19:45:18Z,checkout,ERROR,healthz timeout after 2000ms
2026-03-14T19:45:20Z,checkout,INFO,session 59565 started
2026-03-14T19:45:23Z,billing,INFO,invoice 61902 rendered in 146ms
2026-03-14T19:45:23Z,payments,INFO,settlement batch 48993 queued
2026-03-14T19:45:24Z,checkout,ERROR,healthz timeout after 2000ms
2026-03-14T19:45:24Z,payments,INFO,refund 87690 completed
2026-03-14T19:45:25Z,checkout,INFO,cart 13080 converted in 21ms
2026-03-14T19:45:30Z,checkout,ERROR,healthz timeout after 2000ms
2026-03-14T19:45:34Z,orders,INFO,order 83296 dispatched in 94ms
2026-03-14T19:45:36Z,checkout,ERROR,healthz timeout after 2000ms
2026-03-14T19:45:36Z,payments,INFO,charge 31173 authorised in 109ms
2026-03-14T19:45:42Z,checkout,ERROR,healthz timeout after 2000ms
2026-03-14T19:45:44Z,search,INFO,query 20577 served in 255ms
2026-03-14T19:45:48Z,checkout,ERROR,healthz timeout after 2000ms
2026-03-14T19:45:48Z,payments,INFO,charge 54977 authorised in 205ms
2026-03-14T19:45:51Z,auth,INFO,logout for session 27318
2026-03-14T19:45:54Z,checkout,ERROR,healthz timeout after 2000ms
2026-03-14T19:46:00Z,checkout,ERROR,healthz timeout after 2000ms
2026-03-14T19:46:02Z,auth,INFO,token issued for session 97888
2026-03-14T19:46:02Z,postgres,INFO,connection 95521 authorised
2026-03-14T19:46:06Z,checkout,ERROR,healthz timeout after 2000ms
2026-03-14T19:46:10Z,billing,INFO,subscription 39993 renewed
2026-03-14T19:46:12Z,checkout,ERROR,healthz timeout after 2000ms
2026-03-14T19:46:12Z,checkout,INFO,session 85651 started
2026-03-14T19:46:14Z,search,INFO,index segment 68767 merged
2026-03-14T19:46:18Z,checkout,ERROR,healthz timeout after 2000ms
2026-03-14T19:46:19Z,search,INFO,query 60411 served in 320ms
2026-03-14T19:46:24Z,checkout,ERROR,healthz timeout after 2000ms
2026-03-14T19:46:24Z,search,INFO,index segment 88876 merged
2026-03-14T19:46:29Z,payments,INFO,charge 24355 authorised in 230ms
2026-03-14T19:46:30Z,checkout,ERROR,healthz timeout after 2000ms
2026-03-14T19:46:32Z,orders,INFO,order 15479 invoiced
2026-03-14T19:46:36Z,checkout,ERROR,healthz timeout after 2000ms
2026-03-14T19:46:42Z,checkout,ERROR,healthz timeout after 2000ms
2026-03-14T19:46:44Z,checkout,INFO,payment intent 25715 created
2026-03-14T19:46:48Z,checkout,ERROR,healthz timeout after 2000ms
2026-03-14T19:46:48Z,postgres,INFO,replication lag 175ms
2026-03-14T19:46:54Z,checkout,ERROR,healthz timeout after 2000ms
2026-03-14T19:46:56Z,postgres,INFO,autovacuum finished on table 66714
2026-03-14T19:47:00Z,checkout,ERROR,healthz timeout after 2000ms
2026-03-14T19:47:06Z,checkout,ERROR,healthz timeout after 2000ms
2026-03-14T19:47:06Z,orders,INFO,order 96979 invoiced
2026-03-14T19:47:12Z,checkout,ERROR,healthz timeout after 2000ms
2026-03-14T19:47:14Z,orders,INFO,order 79742 accepted
2026-03-14T19:47:18Z,checkout,ERROR,healthz timeout after 2000ms
2026-03-14T19:47:18Z,postgres,INFO,"checkpoint complete, 36602 buffers written"
2026-03-14T19:47:19Z,checkout,INFO,cart 32491 converted in 288ms
2026-03-14T19:47:24Z,checkout,ERROR,healthz timeout after 2000ms
2026-03-14T19:47:25Z,auth,INFO,login succeeded in 55ms
2026-03-14T19:47:30Z,checkout,ERROR,healthz timeout after 2000ms
2026-03-14T19:47:33Z,postgres,INFO,autovacuum finished on table 38009
2026-03-14T19:47:36Z,billing,INFO,dunning run 18065 complete
2026-03-14T19:47:36Z,checkout,ERROR,healthz timeout after 2000ms
2026-03-14T19:47:42Z,checkout,ERROR,healthz timeout after 2000ms
2026-03-14T19:47:47Z,billing,INFO,invoice 22400 rendered in 314ms
2026-03-14T19:47:48Z,checkout,ERROR,healthz timeout after 2000ms
2026-03-14T19:47:52Z,checkout,INFO,cart 86476 abandoned after 231ms
2026-03-14T19:47:53Z,auth,INFO,token issued for session 11351
2026-03-14T19:47:54Z,checkout,ERROR,healthz timeout after 2000ms
2026-03-14T19:48:00Z,checkout,ERROR,healthz timeout after 2000ms
2026-03-14T19:48:04Z,payments,INFO,charge 29420 authorised in 184ms
2026-03-14T19:48:06Z,checkout,ERROR,healthz timeout after 2000ms
2026-03-14T19:48:09Z,orders,INFO,order 16815 dispatched in 288ms
2026-03-14T19:48:09Z,orders,INFO,order 60180 invoiced
2026-03-14T19:48:10Z,search,INFO,index segment 50009 merged
2026-03-14T19:48:12Z,checkout,ERROR,healthz timeout after 2000ms
2026-03-14T19:48:18Z,checkout,ERROR,healthz timeout after 2000ms
2026-03-14T19:48:21Z,search,INFO,query 7393 served in 239ms
2026-03-14T19:48:24Z,checkout,ERROR,healthz timeout after 2000ms
2026-03-14T19:48:30Z,checkout,ERROR,healthz timeout after 2000ms
2026-03-14T19:48:33Z,auth,INFO,session 72979 refreshed
2026-03-14T19:48:36Z,checkout,ERROR,healthz timeout after 2000ms
2026-03-14T19:48:36Z,postgres,INFO,replication lag 181ms
2026-03-14T19:48:38Z,auth,INFO,login succeeded in 177ms
2026-03-14T19:48:42Z,checkout,ERROR,healthz timeout after 2000ms
2026-03-14T19:48:48Z,checkout,ERROR,healthz timeout after 2000ms
2026-03-14T19:48:50Z,payments,INFO,refund 21844 completed
2026-03-14T19:48:51Z,search,INFO,query 45937 served in 105ms
2026-03-14T19:48:54Z,checkout,ERROR,healthz timeout after 2000ms
2026-03-14T19:48:56Z,auth,INFO,session 51354 refreshed
2026-03-14T19:49:00Z,checkout,ERROR,healthz timeout after 2000ms
2026-03-14T19:49:03Z,deploy,INFO,artefact 80056 published
2026-03-14T19:49:04Z,auth,INFO,logout for session 16435
2026-03-14T19:49:06Z,checkout,ERROR,healthz timeout after 2000ms
2026-03-14T19:49:12Z,checkout,ERROR,healthz timeout after 2000ms
2026-03-14T19:49:17Z,billing,INFO,subscription 77400 renewed
2026-03-14T19:49:18Z,billing,INFO,invoice 64819 rendered in 258ms
2026-03-14T19:49:18Z,checkout,ERROR,healthz timeout after 2000ms
2026-03-14T19:49:24Z,checkout,ERROR,healthz timeout after 2000ms
2026-03-14T19:49:27Z,deploy,INFO,canary 60461 healthy
2026-03-14T19:49:30Z,checkout,ERROR,healthz timeout after 2000ms
2026-03-14T19:49:36Z,checkout,ERROR,healthz timeout after 2000ms
2026-03-14T19:49:45Z,auth,INFO,login succeeded in 65ms
2026-03-14T19:49:54Z,postgres,INFO,connection 17329 authorised
2026-03-14T19:49:55Z,billing,INFO,subscription 76271 renewed
2026-03-14T19:50:09Z,billing,INFO,dunning run 12204 complete
2026-03-14T19:50:19Z,orders,INFO,order 5284 accepted
2026-03-14T19:50:20Z,orders,INFO,order 26104 accepted
2026-03-14T19:50:22Z,payments,INFO,refund 10258 completed
2026-03-14T19:50:25Z,orders,INFO,order 5222 invoiced
2026-03-14T19:50:35Z,postgres,INFO,autovacuum finished on table 19451
2026-03-14T19:50:38Z,billing,INFO,subscription 4724 renewed
2026-03-14T19:50:43Z,search,INFO,index segment 79958 merged
2026-03-14T19:50:46Z,payments,INFO,webhook 15259 acknowledged
2026-03-14T19:50:46Z,search,INFO,index segment 8999 merged
2026-03-14T19:50:55Z,deploy,INFO,canary 77473 healthy
2026-03-14T19:51:00Z,payments,INFO,refund 55549 completed
2026-03-14T19:51:13Z,billing,INFO,dunning run 99548 complete
2026-03-14T19:51:30Z,checkout,INFO,cart 99609 converted in 238ms
2026-03-14T19:51:45Z,payments,INFO,charge 14403 authorised in 293ms
2026-03-14T19:51:50Z,postgres,INFO,connection 66250 authorised
2026-03-14T19:51:52Z,billing,INFO,subscription 56948 renewed
2026-03-14T19:51:59Z,payments,INFO,webhook 42365 acknowledged
2026-03-14T19:52:05Z,search,INFO,query 80325 served in 147ms
2026-03-14T19:52:07Z,billing,INFO,invoice 72563 rendered in 249ms
2026-03-14T19:52:08Z,billing,INFO,subscription 78398 renewed
2026-03-14T19:52:11Z,search,INFO,"suggest cache warm, 56391 entries"
2026-03-14T19:52:14Z,checkout,INFO,payment intent 53436 created
2026-03-14T19:52:24Z,search,INFO,"suggest cache warm, 11922 entries"
2026-03-14T19:52:33Z,search,INFO,query 41308 served in 122ms
2026-03-14T19:52:37Z,auth,INFO,token issued for session 18093
2026-03-14T19:52:41Z,checkout,INFO,session 54091 started
2026-03-14T19:52:46Z,auth,INFO,token issued for session 79535
2026-03-14T19:52:49Z,payments,INFO,charge 62280 authorised in 216ms
2026-03-14T19:52:52Z,search,INFO,query 47364 served in 105ms
2026-03-14T19:52:54Z,checkout,INFO,payment intent 11931 created
2026-03-14T19:52:54Z,postgres,INFO,"checkpoint complete, 26997 buffers written"
2026-03-14T19:53:12Z,orders,INFO,order 26323 accepted
2026-03-14T19:53:17Z,payments,INFO,webhook 64784 acknowledged
2026-03-14T19:53:21Z,auth,INFO,session 98558 refreshed
2026-03-14T19:53:21Z,postgres,INFO,"checkpoint complete, 59155 buffers written"
2026-03-14T19:53:26Z,postgres,INFO,connection 60773 authorised
2026-03-14T19:53:31Z,orders,INFO,order 70832 invoiced
2026-03-14T19:53:42Z,orders,INFO,order 7196 invoiced
2026-03-14T19:53:53Z,payments,INFO,charge 75410 authorised in 156ms
2026-03-14T19:53:54Z,checkout,INFO,session 8459 started
2026-03-14T19:53:58Z,postgres,INFO,"checkpoint complete, 87779 buffers written"
2026-03-14T19:54:01Z,orders,INFO,inventory check 93822 passed
2026-03-14T19:54:08Z,postgres,INFO,connection 42768 authorised
2026-03-14T19:54:15Z,payments,INFO,webhook 31249 acknowledged
2026-03-14T19:54:17Z,auth,INFO,login succeeded in 8ms
2026-03-14T19:54:25Z,auth,INFO,logout for session 89599
2026-03-14T19:54:33Z,postgres,INFO,connection 74984 authorised
2026-03-14T19:54:35Z,deploy,INFO,pipeline 43932 green
2026-03-14T19:54:44Z,search,INFO,query 25317 served in 300ms
2026-03-14T19:54:45Z,auth,INFO,session 26007 refreshed
2026-03-14T19:54:53Z,search,INFO,"suggest cache warm, 27522 entries"
2026-03-14T19:54:56Z,billing,INFO,invoice 59642 rendered in 64ms
2026-03-14T19:55:17Z,auth,INFO,logout for session 73589
2026-03-14T19:55:19Z,orders,INFO,order 14578 invoiced
2026-03-14T19:55:23Z,payments,INFO,settlement batch 5232 queued
2026-03-14T19:55:30Z,search,INFO,query 24373 served in 144ms
2026-03-14T19:55:44Z,billing,INFO,invoice 2855 rendered in 23ms
2026-03-14T19:55:45Z,billing,INFO,subscription 26315 renewed
2026-03-14T19:55:48Z,auth,INFO,logout for session 45648
2026-03-14T19:56:09Z,checkout,INFO,cart 38029 abandoned after 114ms
2026-03-14T19:56:13Z,billing,INFO,invoice 80939 rendered in 314ms
2026-03-14T19:56:21Z,search,INFO,"suggest cache warm, 67131 entries"
2026-03-14T19:56:25Z,checkout,INFO,cart 12879 converted in 144ms
2026-03-14T19:56:37Z,payments,INFO,refund 58611 completed
2026-03-14T19:56:38Z,checkout,INFO,cart 37229 converted in 246ms
2026-03-14T19:56:39Z,orders,INFO,inventory check 6321 passed
2026-03-14T19:56:40Z,orders,INFO,inventory check 31053 passed
2026-03-14T19:56:42Z,postgres,INFO,"checkpoint complete, 26069 buffers written"
2026-03-14T19:56:45Z,billing,INFO,dunning run 49571 complete
2026-03-14T19:56:50Z,postgres,INFO,"checkpoint complete, 30453 buffers written"
2026-03-14T19:57:01Z,search,INFO,query 4283 served in 319ms
2026-03-14T19:57:04Z,auth,INFO,login succeeded in 108ms
2026-03-14T19:57:05Z,checkout,INFO,cart 70292 converted in 72ms
2026-03-14T19:57:07Z,billing,INFO,invoice 24786 rendered in 235ms
2026-03-14T19:57:08Z,checkout,INFO,payment intent 7166 created
2026-03-14T19:57:12Z,postgres,INFO,replication lag 112ms
2026-03-14T19:57:14Z,payments,INFO,charge 35180 authorised in 196ms
2026-03-14T19:57:16Z,postgres,INFO,replication lag 110ms
2026-03-14T19:57:27Z,search,INFO,index segment 55477 merged
2026-03-14T19:57:29Z,search,INFO,index segment 17212 merged
2026-03-14T19:57:37Z,payments,INFO,refund 44921 completed
2026-03-14T19:57:38Z,auth,INFO,logout for session 80302
2026-03-14T19:57:50Z,orders,INFO,order 57897 accepted
2026-03-14T19:57:52Z,billing,INFO,subscription 98300 renewed
2026-03-14T19:58:06Z,billing,INFO,invoice 22236 rendered in 175ms
2026-03-14T19:58:12Z,auth,INFO,token issued for session 83180
2026-03-14T19:58:18Z,orders,INFO,order 89016 accepted
2026-03-14T19:58:34Z,auth,INFO,session 61312 refreshed
2026-03-14T19:58:35Z,payments,INFO,charge 17104 authorised in 36ms
2026-03-14T19:58:54Z,payments,INFO,refund 61271 completed
2026-03-14T19:58:56Z,postgres,INFO,autovacuum finished on table 33693
2026-03-14T19:58:59Z,postgres,INFO,replication lag 227ms
2026-03-14T19:59:12Z,checkout,INFO,cart 6106 converted in 135ms
2026-03-14T19:59:14Z,deploy,INFO,canary 29045 healthy
2026-03-14T19:59:18Z,auth,INFO,logout for session 66061
2026-03-14T19:59:18Z,checkout,INFO,payment intent 36557 created
2026-03-14T19:59:28Z,billing,INFO,invoice 29739 rendered in 43ms
2026-03-14T19:59:35Z,payments,INFO,webhook 70459 acknowledged
2026-03-14T19:59:50Z,auth,INFO,session 97911 refreshed
2026-03-14T19:59:52Z,checkout,INFO,cart 29488 converted in 236ms
2026-03-14T19:59:55Z,billing,INFO,subscription 80457 renewed
